# host (+ = already in Hagezi NSFW at audit time)	tier	maintainer label	evidence	extensions (repo:name)
01.pramramadhan.my.id	explicit	mixed	maintainer label MIXED (contains NSFW entries)	keiyoushi:Pramramadhan
02.hwago.xyz	explicit	mixed	maintainer label MIXED (contains NSFW entries)	keiyoushi:Hwago
02.kaguya.pro	explicit	nsfw	maintainer label NSFW	keiyoushi:Kaguya
02.manhwaland.land	explicit	nsfw	maintainer label NSFW	keiyoushi:ManhwaLand.mom
04.cosmicscans.to	explicit	mixed	maintainer label MIXED (contains NSFW entries)	keiyoushi:CosmicScans
1.komikindo.shop	explicit	nsfw	maintainer label NSFW	keiyoushi:Komikindo
1.seimanga.me	explicit	mixed	maintainer label MIXED (contains NSFW entries)	keiyoushi:SeiManga
1668manga.com	explicit	mixed	maintainer label MIXED (contains NSFW entries)	keiyoushi:1668Manga
+18mh.org	explicit	mixed	maintainer label MIXED (contains NSFW entries)	keiyoushi:18Manhua
+18porncomic.com	explicit	nsfw	maintainer label NSFW	keiyoushi:18_Porn_Comic
2.mintmanga.one	explicit	mixed	maintainer label MIXED (contains NSFW entries)	keiyoushi:MintManga
+20.allhen.online	explicit	nsfw	maintainer label NSFW	keiyoushi:AllHentai
2tencb.pro	explicit	nsfw	maintainer label NSFW	keiyoushi:CBHentai
+3600000.xyz	explicit	nsfw	maintainer label NSFW	keiyoushi:3600000_Beauty
3asq.online	explicit	safe	maintainer label SAFE; verified labels: 18+	keiyoushi:3asq
3asq.org	explicit	safe	maintainer label SAFE; verified labels: 18+	mangayomi-manga:مانجا_العاشق
3xyaoi.com	explicit	nsfw	maintainer label NSFW	keiyoushi:XXX_Yaoi
acervoeremita.com	explicit	mixed	maintainer label MIXED (contains NSFW entries)	keiyoushi:AcervoEremita
acervohentai.com	explicit	nsfw	maintainer label NSFW	keiyoushi:Acervo_Hentai
aedexnox.akan01.com	explicit	nsfw	maintainer label NSFW	keiyoushi:Temple_Scan
+ahottie.top	explicit	nsfw	maintainer label NSFW	keiyoushi:AHottie
akaya.io	explicit	mixed	maintainer label MIXED (contains NSFW entries)	keiyoushi:AKAYA
+allporncomic.com	explicit	nsfw	maintainer label NSFW	keiyoushi:AllPornComic
+allporncomic.io	explicit	nsfw	maintainer label NSFW	keiyoushi:AllPornComic.io
+allporncomics.co	explicit	nsfw	maintainer label NSFW	keiyoushi:AllPornComics.co
aniargos.com	explicit	safe	maintainer label SAFE; verified labels: adulto,ecchi,hentai	keiyoushi:Argos_Comics
anidb.app	explicit	nsfw	maintainer label NSFW	salmanbappi:Aniyomi:_AniDB yuzono-anime:Aniyomi:_AniDB
anikiga.com	explicit	safe	maintainer label SAFE; verified labels: ecchi,mature,smut	keiyoushi:Anikiga mangayomi-manga:Anikiga
anime-base.net	explicit	nsfw	maintainer label NSFW	yuzono-anime:Aniyomi:_Anime-Base
animeler.me	explicit	safe	maintainer label SAFE; verified labels: adult,ecchi,erotica,hentai	cursedyomi:Aniyomi:_Animeler
animeler.pw	explicit	safe	maintainer label SAFE; verified labels: adult,ecchi,erotica,hentai	yuzono-anime:Aniyomi:_Animeler
animelib.org	explicit	nsfw	maintainer label NSFW	yuzono-anime:Aniyomi:_Animelib
animeplay.cloud	explicit	nsfw	maintainer label NSFW	yuzono-anime:Aniyomi:_AnimePlay
animeplayer.com.br	explicit	nsfw	maintainer label NSFW	cursedyomi:Aniyomi:_AnimePlayer yuzono-anime:Aniyomi:_AnimePlayer
animeq.blog	explicit	nsfw	maintainer label NSFW	cursedyomi:Aniyomi:_AnimeQ
animeq.net	explicit	nsfw	maintainer label NSFW	yuzono-anime:Aniyomi:_AnimeQ
animesalt.me	explicit	safe	maintainer label SAFE; verified labels: ecchi,hentai	salmanbappi:Aniyomi:_Animesalt
animesbr.tv	explicit	nsfw	maintainer label NSFW	yuzono-anime:Aniyomi:_AnimesBr_(Dead)
animescx.com.br	explicit	nsfw	maintainer label NSFW	cursedyomi:Aniyomi:_Animes_CX
animesdrive.online	explicit	nsfw	maintainer label NSFW	yuzono-anime:Aniyomi:_AnimesDrive
animesonline.cloud	explicit	nsfw	maintainer label NSFW	yuzono-anime:Aniyomi:_AnimesOnlineCloud
animesonlinecc.to	explicit	nsfw	maintainer label NSFW	yuzono-anime:Aniyomi:_Animes_Online_CC
animesuge.cz	explicit	safe	maintainer label SAFE; verified labels: ecchi,erotica	salmanbappi:AnimeSuge
animeszone.net	explicit	nsfw	maintainer label NSFW	cursedyomi:Aniyomi:_AnimesZone
animetoast.cc	explicit	safe	maintainer label SAFE; verified labels: adult,ecchi,smut	mangayomi-anime:AnimeToast
anisascans.in	explicit	mixed	maintainer label MIXED (contains NSFW entries)	keiyoushi:Anisa_Scans
+apcomics.org	explicit	nsfw	maintainer label NSFW	keiyoushi:AP_Comics
apenasmaisumyaoi.com	explicit	mixed	maintainer label MIXED (contains NSFW entries)	keiyoushi:Amuy
api.noy.asia	explicit	mixed	maintainer label MIXED (contains NSFW entries)	keiyoushi:NoyAcg
+api.noymanga.com	explicit	mixed	maintainer label MIXED (contains NSFW entries)	keiyoushi:NoyAcg
api.noyteam.online	explicit	mixed	maintainer label MIXED (contains NSFW entries)	keiyoushi:NoyAcg
apollcomics.es	explicit	nsfw	maintainer label NSFW	keiyoushi:ApollComics
arabhentai.net	explicit	nsfw	maintainer label NSFW	keiyoushi:Arab_Hentai
arabmanhwa.com	explicit	nsfw	maintainer label NSFW	keiyoushi:ArabManhwa
+arabshentai.com	explicit	nsfw	maintainer label NSFW	keiyoushi:Arabs_Hentai
arabtoons.net	explicit	nsfw	maintainer label NSFW	keiyoushi:Arab_Toons
arbxcomix.com	explicit	nsfw	maintainer label NSFW	keiyoushi:ArbxComix
archiviumbar.com	explicit	mixed	maintainer label MIXED (contains NSFW entries)	keiyoushi:BarManga mangayomi-manga:BarManga
arcurafansub.com	explicit	mixed	maintainer label MIXED (contains NSFW entries)	keiyoushi:Arcura_Fansub
arenascan.com	explicit	mixed	maintainer label MIXED (contains NSFW entries)	keiyoushi:Arena_Scans
arigl.xyz	explicit	mixed	maintainer label MIXED (contains NSFW entries)	keiyoushi:Ariverse
artlapsa.com	explicit	mixed	maintainer label MIXED (contains NSFW entries)	keiyoushi:Art_Lapsa
asialotuss.com	explicit	nsfw	maintainer label NSFW	keiyoushi:Asia_Lotus
asiatoon.net	explicit	nsfw	maintainer label NSFW	keiyoushi:AsiaToon
astralscans.site	explicit	nsfw	maintainer label NSFW	keiyoushi:Astral_Scans
athreascans.com	explicit	mixed	maintainer label MIXED (contains NSFW entries)	keiyoushi:Athrea_Scans
auntmanhwa.com	explicit	nsfw	maintainer label NSFW	keiyoushi:Aunt_Manhwa
azuretoons.com	explicit	mixed	maintainer label MIXED (contains NSFW entries)	keiyoushi:Azuretoons
+bakai.org	explicit	nsfw	maintainer label NSFW	keiyoushi:Bakai
bakamh.com	explicit	nsfw	maintainer label NSFW	keiyoushi:Baka_Manhua
banchanscan.fr	explicit	mixed	maintainer label MIXED (contains NSFW entries)	keiyoushi:Banchan_Scan
baobua.net	explicit	nsfw	maintainer label NSFW	keiyoushi:BaoBua
bato1.com	explicit	mixed	maintainer label MIXED (contains NSFW entries)	keiyoushi:Bbato
begatranslation.com	explicit	mixed	maintainer label MIXED (contains NSFW entries)	keiyoushi:Bega_Translation
+bestporncomix.com	explicit	nsfw	maintainer label NSFW	keiyoushi:PornComix
beta.kumopoi.com	explicit	nsfw	maintainer label NSFW	keiyoushi:KumoPoi
beta.taimumangas.com	explicit	mixed	maintainer label MIXED (contains NSFW entries)	keiyoushi:TaimuMangas
blackoutcomics.com	explicit	nsfw	maintainer label NSFW	keiyoushi:Blackout_Comics
blacktoon.me	explicit	mixed	maintainer label MIXED (contains NSFW entries)	keiyoushi:BlackToon
bloomscans.com	explicit	mixed	maintainer label MIXED (contains NSFW entries)	keiyoushi:Bloom_Scans
blzone.net	explicit	nsfw	maintainer label NSFW	yuzono-anime:Aniyomi:_BLZone
+book.dmm.co.jp	explicit	mixed	maintainer label MIXED (contains NSFW entries)	keiyoushi:DMM/FANZA
book.dmm.com	explicit	mixed	maintainer label MIXED; DMM/FANZA, adult store	keiyoushi:DMM/FANZA
+boylove.cc	explicit	nsfw	maintainer label NSFW	keiyoushi:BoyLove
boylove4.xyz	explicit	nsfw	maintainer label NSFW	keiyoushi:BoyLove
br.niadd.com	explicit	mixed	maintainer label MIXED (contains NSFW entries)	keiyoushi:Niadd
br.novelcool.com	explicit	mixed	maintainer label MIXED (contains NSFW entries)	keiyoushi:NovelCool
+brasilhentai.com	explicit	nsfw	maintainer label NSFW	keiyoushi:Brasil_Hentai
bryaoi.com	explicit	nsfw	maintainer label NSFW	keiyoushi:BR_Yaoi
+buondua.com	explicit	nsfw	maintainer label NSFW	keiyoushi:Buon_Dua
bymichiby.com	explicit	nsfw	maintainer label NSFW	keiyoushi:Bymichi_Scan
cafecomyaoi.com.br	explicit	mixed	maintainer label MIXED (contains NSFW entries)	keiyoushi:Café_com_Yaoi
capibaratraductor.com	explicit	mixed	maintainer label MIXED (contains NSFW entries)	keiyoushi:CapibaraTraductor
+cat-300.com	explicit	nsfw	maintainer label NSFW	keiyoushi:Cat300
cattoons.org	explicit	nsfw	maintainer label NSFW	keiyoushi:Catoons
celestialmoonscan.es	explicit	mixed	maintainer label MIXED (contains NSFW entries)	keiyoushi:Celestial_Moon
ch1.isekaikomik.site	explicit	safe	maintainer label SAFE; verified labels: adult,ecchi,mature	keiyoushi:IsekaiKomik
chochox.com	explicit	nsfw	maintainer label NSFW	keiyoushi:ChoChoX
cmanhua.com	explicit	mixed	maintainer label MIXED (contains NSFW entries)	keiyoushi:CManhua
colorcitotoons.site	explicit	nsfw	maintainer label NSFW	keiyoushi:Colorcito_Scan
coloresito.site	explicit	nsfw	maintainer label NSFW	keiyoushi:Colorcito_Scan
comic.cx	explicit	nsfw	maintainer label NSFW	keiyoushi:Comic_CX
comic.iowl.jp	explicit	mixed	maintainer label MIXED; Comic Festa, adult TL/BL store	keiyoushi:Comic_Festa
comic.k-manga.jp	explicit	mixed	maintainer label MIXED; Manga Kingdom, large adult section	keiyoushi:Manga_Kingdom
comicasura.net	explicit	mixed	maintainer label MIXED (contains NSFW entries)	keiyoushi:Comic_Asura
comickfan.com	explicit	mixed	maintainer label MIXED (contains NSFW entries)	keiyoushi:ComicK_Fanmade
+comics.8muses.com	explicit	nsfw	maintainer label NSFW	keiyoushi:8Muses
+comicsvalley.com	explicit	nsfw	maintainer label NSFW	keiyoushi:Comics_Valley
comixtopia.in.ua	explicit	mixed	maintainer label MIXED (contains NSFW entries)	keiyoushi:ComixTopia
+coomer.st	explicit	nsfw	maintainer label NSFW	keiyoushi:Coomer
+cosplaytele.com	explicit	nsfw	maintainer label NSFW	keiyoushi:CosplayTele
covendasbruxonas.com	explicit	nsfw	maintainer label NSFW	keiyoushi:Coven_Scan
crotpedia.net	explicit	nsfw	maintainer label NSFW	keiyoushi:CrotPedia
cucumbermanga.com	explicit	nsfw	maintainer label NSFW	keiyoushi:Cucumber_Manga
culturedworks.com	explicit	mixed	maintainer label MIXED (contains NSFW entries)	keiyoushi:CulturedWorks
+cutiecomics.com	explicit	nsfw	maintainer label NSFW	keiyoushi:Cutie_Comics
cuutruyen.moe	explicit	mixed	maintainer label MIXED (contains NSFW entries)	keiyoushi:CuuTruyen_(unoriginal)
cuutruyen.net	explicit	mixed	maintainer label MIXED (contains NSFW entries)	keiyoushi:CuuTruyen
+damconuong.name	explicit	nsfw	maintainer label NSFW	keiyoushi:DamCoNuong
+danbooru.donmai.us	explicit	nsfw	maintainer label NSFW	keiyoushi:Danbooru
daomeoden.net	explicit	mixed	maintainer label MIXED (contains NSFW entries)	keiyoushi:DaoMeoDen
de.niadd.com	explicit	mixed	maintainer label MIXED (contains NSFW entries)	keiyoushi:Niadd
de.novelcool.com	explicit	mixed	maintainer label MIXED (contains NSFW entries)	keiyoushi:NovelCool
desu.uno	explicit	mixed	maintainer label MIXED (contains NSFW entries)	keiyoushi:Desu
dgmanga.app	explicit	mixed	maintainer label MIXED (contains NSFW entries)	keiyoushi:DGManga
diamondfansub.com	explicit	safe	maintainer label SAFE; verified labels: 18+	keiyoushi:DiamondFansub mangayomi-manga:DiamondFansub
divascans.org	explicit	mixed	maintainer label MIXED (contains NSFW entries)	keiyoushi:Diva_Scans
docchi.pl	explicit	nsfw	maintainer label NSFW	yuzono-anime:Aniyomi:_Docchi
doctruyen3qhub.vip	explicit	mixed	maintainer label MIXED (contains NSFW entries)	keiyoushi:DocTruyen3Q
dojing.net	explicit	nsfw	maintainer label NSFW	keiyoushi:Dojing.net
dokiraw.click	explicit	mixed	maintainer label MIXED (contains NSFW entries)	keiyoushi:Dokiraw
dom4lfansub.online	explicit	mixed	maintainer label MIXED (contains NSFW entries)	keiyoushi:Domal_Fansub
doujin-lc.net	explicit	nsfw	maintainer label NSFW	keiyoushi:Doujin-Lc
+doujin.desu.xxx	explicit	nsfw	maintainer label NSFW	keiyoushi:Doujindesu
+doujin69.com	explicit	nsfw	maintainer label NSFW	keiyoushi:Doujin69
+doujindistrict.com	explicit	nsfw	maintainer label NSFW	keiyoushi:HM2D
doujinhentai.net	explicit	nsfw	maintainer label NSFW	keiyoushi:DoujinHentai
doujinku.org	explicit	nsfw	maintainer label NSFW	keiyoushi:Doujinku
doujinmoon.com	explicit	nsfw	maintainer label NSFW	keiyoushi:Doujin_Moon
doujinshell.net	explicit	nsfw	maintainer label NSFW	keiyoushi:DoujinsHell
doujinx-h.com	explicit	nsfw	maintainer label NSFW	keiyoushi:Doujinx-H
doujinza.com	explicit	nsfw	maintainer label NSFW	keiyoushi:DoujinZa
dragontranslation.org	explicit	mixed	maintainer label MIXED (contains NSFW entries)	keiyoushi:DragonTranslation.org
dreamteams.space	explicit	nsfw	maintainer label NSFW	keiyoushi:DreamTeams_Scans
dualeotruyenwk.com	explicit	nsfw	maintainer label NSFW	keiyoushi:Dua_Leo_Truyen
duskoryvile.com	explicit	nsfw	maintainer label NSFW	keiyoushi:Duskoryvile
+e621.net	explicit	nsfw	maintainer label NSFW	keiyoushi:e621
+ecchi-doujin.com	explicit	nsfw	maintainer label NSFW	keiyoushi:Ecchi-Doujin
+eggporncomics.com	explicit	nsfw	maintainer label NSFW	keiyoushi:Eggporncomics
egotoons.com	explicit	mixed	maintainer label MIXED (contains NSFW entries)	keiyoushi:Ego_Toons
emaqi.com	explicit	mixed	maintainer label MIXED (contains NSFW entries)	keiyoushi:emaqi
empreguetes.wtf	explicit	mixed	maintainer label MIXED (contains NSFW entries)	keiyoushi:Maid_Scan
+en.girlstop.info	explicit	nsfw	maintainer label NSFW	keiyoushi:GirlsTop
+en.xchina.co	explicit	nsfw	maintainer label NSFW	keiyoushi:YellowNote
+epsilonscan.to	explicit	nsfw	maintainer label NSFW	keiyoushi:Epsilon_Scan
erisscans.com	explicit	mixed	maintainer label MIXED (contains NSFW entries)	keiyoushi:Eris_Scans
+ero18x.com	explicit	nsfw	maintainer label NSFW	keiyoushi:Ero18x
erosect.xyz	explicit	nsfw	maintainer label NSFW	keiyoushi:Ero_Sect
es.mi2manga.com	explicit	nsfw	maintainer label NSFW	keiyoushi:Es.Mi2Manga
es.niadd.com	explicit	mixed	maintainer label MIXED (contains NSFW entries)	keiyoushi:Niadd
es.novelcool.com	explicit	mixed	maintainer label MIXED (contains NSFW entries)	keiyoushi:NovelCool
+es.xchina.co	explicit	nsfw	maintainer label NSFW	keiyoushi:YellowNote
eternalmangas.org	explicit	mixed	maintainer label MIXED (contains NSFW entries)	keiyoushi:EternalMangas
euphoriascan.com	explicit	nsfw	maintainer label NSFW	keiyoushi:Euphoria_Scan
everia.club	explicit	nsfw	maintainer label NSFW	keiyoushi:Everia.club
evil-manga.eu	explicit	nsfw	maintainer label NSFW	keiyoushi:Evil_production
+exhentai.net.br	explicit	nsfw	maintainer label NSFW	keiyoushi:ExHentai.net.br
fairyscans.org	explicit	mixed	maintainer label MIXED (contains NSFW entries)	keiyoushi:Fairy_Scans
falcoscan.net	explicit	nsfw	maintainer label NSFW	keiyoushi:Falco_Scan
fbsquadx.com	explicit	nsfw	maintainer label NSFW	keiyoushi:Fleur_Blanche
fenixproject.site	explicit	nsfw	maintainer label NSFW	keiyoushi:Fenix_Project
flowermangas.net	explicit	mixed	maintainer label MIXED (contains NSFW entries)	keiyoushi:FlowerManga.net
+foamgirl.net	explicit	nsfw	maintainer label NSFW	keiyoushi:FoamGirl
fr.niadd.com	explicit	mixed	maintainer label MIXED (contains NSFW entries)	keiyoushi:Niadd
fr.novelcool.com	explicit	mixed	maintainer label MIXED (contains NSFW entries)	keiyoushi:NovelCool
franime.fr	explicit	nsfw	maintainer label NSFW	mangayomi-anime:FrAnime yuzono-anime:Aniyomi:_FRAnime
galaxscanlator.blogspot.com	explicit	mixed	maintainer label MIXED (contains NSFW entries)	keiyoushi:GALAX_Scans
gantzvn.com	explicit	mixed	maintainer label MIXED (contains NSFW entries)	keiyoushi:GantzVN
gdscans.com	explicit	mixed	maintainer label MIXED (contains NSFW entries)	keiyoushi:GalaxyDegenScans
geasscomics.xyz	explicit	mixed	maintainer label MIXED (contains NSFW entries)	keiyoushi:Geass_Comics
+gedecomix.com	explicit	nsfw	maintainer label NSFW	keiyoushi:GEDE_Comix
gehenna.jp	explicit	nsfw	maintainer label NSFW	keiyoushi:SchaleNetwork
gensura.net	explicit	nsfw	maintainer label NSFW	keiyoushi:Gensura
ghostoon.com	explicit	mixed	maintainer label MIXED (contains NSFW entries)	keiyoushi:GhosToon
ghostscan.xyz	explicit	mixed	maintainer label MIXED (contains NSFW entries)	keiyoushi:Ghost_Scan
gingertoon.com	explicit	nsfw	maintainer label NSFW	keiyoushi:GingeRTooN
gistamishousefansub.blogspot.com	explicit	mixed	maintainer label MIXED (contains NSFW entries)	keiyoushi:Gistamis_House
goanimes.net	explicit	nsfw	maintainer label NSFW	cursedyomi:Aniyomi:_GoAnimes
goctruyentranh.com	explicit	mixed	maintainer label MIXED (contains NSFW entries)	keiyoushi:Goc_Truyen_Tranh
+god-doujin.com	explicit	nsfw	maintainer label NSFW	keiyoushi:God-Doujin
gogoanime.or.at	explicit	safe	maintainer label SAFE; verified labels: ecchi,erotica,hentai	salmanbappi:Aniyomi:_Gogoanime
goonscans.org	explicit	nsfw	maintainer label NSFW	keiyoushi:Goon_Scans
gourmetsupremacy.com	explicit	mixed	maintainer label MIXED (contains NSFW entries)	keiyoushi:Gourmet_Scans
goyabu.io	explicit	nsfw	maintainer label NSFW	yuzono-anime:Aniyomi:_Goyabu
+h-comic.com	explicit	nsfw	maintainer label NSFW	keiyoushi:H-Comic
hachiraw.net	explicit	mixed	maintainer label MIXED (contains NSFW entries)	keiyoushi:Hachiraw
hanamiheaven.org	explicit	nsfw	maintainer label NSFW	keiyoushi:Hanami_Heaven
+hanimeone.me	explicit	nsfw	maintainer label NSFW	keiyoushi:Hanime1
+hanman18.com	explicit	nsfw	maintainer label NSFW	keiyoushi:HANMAN18
hanmokkuscan.blogspot.com	explicit	mixed	maintainer label MIXED (contains NSFW entries)	keiyoushi:Hanmokku_Scan
harmony-scan.fr	explicit	mixed	maintainer label MIXED (contains NSFW entries)	keiyoushi:Harmony-Scan
hattorimanga.net	explicit	nsfw	maintainer label NSFW	keiyoushi:Hattori_Manga
heavenmanga.com	explicit	mixed	maintainer label MIXED (contains NSFW entries)	keiyoushi:HeavenManga
hennojin.com	explicit	nsfw	maintainer label NSFW	keiyoushi:Hennojin
+hentai-cosplay-xxx.com	explicit	nsfw	maintainer label NSFW	keiyoushi:Hentai_Cosplay
hentai-origines.com	explicit	nsfw	maintainer label NSFW	keiyoushi:Hentai_Origines
hentai-scantrad.org	explicit	nsfw	maintainer label NSFW	keiyoushi:Hentai-Scantrad
hentai.scanreader.net	explicit	nsfw	maintainer label NSFW	keiyoushi:Hentai_Scan_Reader
+hentai1.io	explicit	nsfw	maintainer label NSFW	keiyoushi:Hentai1.io
+hentai4free.net	explicit	nsfw	maintainer label NSFW	keiyoushi:Hentai4Free
+hentaicrot.com	explicit	nsfw	maintainer label NSFW	keiyoushi:Hentai_Crot
hentaidesi.com	explicit	nsfw	maintainer label NSFW	keiyoushi:Hentai_Desi
+hentaifantasy.it	explicit	nsfw	maintainer label NSFW	keiyoushi:HentaiFantasy
hentaihall.com	explicit	nsfw	maintainer label NSFW	keiyoushi:HentaiHall
+hentaijk.com	explicit	nsfw	maintainer label NSFW	yuzono-anime:Aniyomi:_Hentaijk
+hentaikun.com	explicit	nsfw	maintainer label NSFW	keiyoushi:HentaiKun
+hentaila.com	explicit	nsfw	maintainer label NSFW	yuzono-anime:Aniyomi:_Hentaila
+hentailek.com	explicit	nsfw	maintainer label NSFW	keiyoushi:Hentai_Lek
+hentailib.me	explicit	nsfw	maintainer label NSFW	keiyoushi:HentaiLib
+hentaiman.net	explicit	nsfw	maintainer label NSFW	keiyoushi:HentaiMan
+hentaimode.com	explicit	nsfw	maintainer label NSFW	keiyoushi:HentaiMode
hentairead.io	explicit	nsfw	maintainer label NSFW	keiyoushi:HentaiRead.io
+hentairox.com	explicit	nsfw	maintainer label NSFW	keiyoushi:HentaiRox
+hentaisco.cc	explicit	nsfw	maintainer label NSFW	keiyoushi:HentaiSco
+hentaiseason.com	explicit	nsfw	maintainer label NSFW	keiyoushi:Hentai_Season
+hentaislayer.net	explicit	nsfw	maintainer label NSFW	keiyoushi:Hentai_Slayer
+hentaitk.net	explicit	nsfw	maintainer label NSFW	yuzono-anime:Aniyomi:_HentaiTk
+hentaitnt.net	explicit	nsfw	maintainer label NSFW	keiyoushi:HentaiTnT
+hentaitokyo.net	explicit	nsfw	maintainer label NSFW	keiyoushi:Hentai_Tokyo
+hentaivn.show	explicit	nsfw	maintainer label NSFW	keiyoushi:HentaiVN.plus
+hentaixcomic.com	explicit	nsfw	maintainer label NSFW	keiyoushi:HentaiXComic
+hentaixdickgirl.com	explicit	nsfw	maintainer label NSFW	keiyoushi:HentaiXDickgirl
+hentaixyuri.com	explicit	nsfw	maintainer label NSFW	keiyoushi:HentaiXYuri
+hentaizone.xyz	explicit	nsfw	maintainer label NSFW	keiyoushi:HentaiZone
+hentara.com	explicit	nsfw	maintainer label NSFW	keiyoushi:Hentara
hetcuutruyen.net	explicit	mixed	maintainer label MIXED (contains NSFW entries)	keiyoushi:CuuTruyen
hhentai.fr	explicit	nsfw	maintainer label NSFW	keiyoushi:HistoireDHentai
+hipertoon.com	explicit	mixed	maintainer label MIXED (contains NSFW entries)	keiyoushi:Hipertoon
hivetoons.org	explicit	safe	maintainer label SAFE; verified labels: adult,ecchi	keiyoushi:Hive_Scans
holodek.run	explicit	mixed	maintainer label MIXED (contains NSFW entries)	keiyoushi:Holotoon
holyscans.com.tr	explicit	nsfw	maintainer label NSFW	keiyoushi:Holy_Scans
honey-manga.com.ua	explicit	mixed	maintainer label MIXED (contains NSFW entries)	keiyoushi:HoneyManga
honeytoon.com	explicit	mixed	maintainer label MIXED; adult webtoon store	keiyoushi:Honeytoon
+horahentai.com	explicit	nsfw	maintainer label NSFW	keiyoushi:Hora_Hentai
hotcabaretscan.com	explicit	mixed	maintainer label MIXED (contains NSFW entries)	keiyoushi:Hot_Cabaret_Scan
houseofotakusv2.xyz	explicit	mixed	maintainer label MIXED (contains NSFW entries)	keiyoushi:House_Of_Otakus
hunlightcomics.com	explicit	mixed	maintainer label MIXED (contains NSFW entries)	keiyoushi:Hunlight_Comics
hv2tcomics.net	explicit	nsfw	maintainer label NSFW	keiyoushi:Học_Viện_2Ten
hyakuro.net	explicit	mixed	maintainer label MIXED (contains NSFW entries)	keiyoushi:Hyakuro_Translations
idol.gravureprincess.date	explicit	nsfw	maintainer label NSFW	keiyoushi:Idol._gravureprincess_.date
+ikuhentai.net	explicit	nsfw	maintainer label NSFW	keiyoushi:Ikuhentai
im.manga-chan.me	explicit	mixed	maintainer label MIXED (contains NSFW entries)	keiyoushi:MangaChan
incase.buttsmithy.com	explicit	nsfw	maintainer label NSFW	keiyoushi:buttsmithy
infinityscans.org	explicit	mixed	maintainer label MIXED (contains NSFW entries)	keiyoushi:InfinityScans
inkapk.net	explicit	nsfw	maintainer label NSFW	keiyoushi:Inkapk
inventariooculto.com	explicit	safe	maintainer label SAFE; verified labels: adult,adulto,ecchi,smut	keiyoushi:Inventario_Oculto
isekai2nd.com	explicit	mixed	maintainer label MIXED (contains NSFW entries)	keiyoushi:AllManga
it.niadd.com	explicit	mixed	maintainer label MIXED (contains NSFW entries)	keiyoushi:Niadd
it.novelcool.com	explicit	mixed	maintainer label MIXED (contains NSFW entries)	keiyoushi:NovelCool
izanamiscans.my.id	explicit	safe	maintainer label SAFE; verified labels: adult,ecchi,mature	keiyoushi:Izanami_Scans
+jable.tv	explicit	nsfw	maintainer label NSFW	yuzono-anime:Aniyomi:_Jable
+jav.guru	explicit	nsfw	maintainer label NSFW	yuzono-anime:Aniyomi:_Jav_Guru
+javgg.net	explicit	nsfw	maintainer label NSFW	yuzono-anime:Aniyomi:_JavGG
+jcomic.net	explicit	nsfw	maintainer label NSFW	keiyoushi:JComic
jinmangas.com	explicit	mixed	maintainer label MIXED (contains NSFW entries)	keiyoushi:Jinmangas
+jjcos.com	explicit	nsfw	maintainer label NSFW	keiyoushi:JJCOS
jmanga.cyou	explicit	mixed	maintainer label MIXED (contains NSFW entries)	keiyoushi:Jmanga
kaizenscan.com	explicit	nsfw	maintainer label NSFW	keiyoushi:Kaizen_Scan
kamicomi.com	explicit	mixed	maintainer label MIXED (contains NSFW entries)	keiyoushi:KamiComic
kanzenin.info	explicit	nsfw	maintainer label NSFW	keiyoushi:Kanzenin
kappabeast.com	explicit	mixed	maintainer label MIXED (contains NSFW entries)	keiyoushi:Kappa_Beast
kencomics.com	explicit	safe	maintainer label SAFE; verified labels: adult	keiyoushi:Ken_Scans
khomanhwa.com	explicit	nsfw	maintainer label NSFW	keiyoushi:KhoManhwa
+kingcomix.com	explicit	nsfw	maintainer label NSFW	keiyoushi:KingComiX
kiraproject.lat	explicit	mixed	maintainer label MIXED (contains NSFW entries)	keiyoushi:Harem_de_Kira
kissmanga.in	explicit	mixed	maintainer label MIXED (contains NSFW entries)	keiyoushi:Kissmanga.in
kitsuneyako.com	explicit	safe	maintainer label SAFE; verified labels: adulto	keiyoushi:Point_Zero_Toons
+kiutaku.com	explicit	nsfw	maintainer label NSFW	keiyoushi:Kiutaku
kivaratoons.com	explicit	mixed	maintainer label MIXED (contains NSFW entries)	keiyoushi:KivaraToons
kokomangas.com	explicit	mixed	maintainer label MIXED (contains NSFW entries)	keiyoushi:KokoMangas
+kombatch.cc	explicit	nsfw	maintainer label NSFW	keiyoushi:Kombatch
komiic.cc	explicit	mixed	maintainer label MIXED (contains NSFW entries)	keiyoushi:Komiic
+komiic.com	explicit	mixed	maintainer label MIXED (contains NSFW entries)	keiyoushi:Komiic
komikdewasa.art	explicit	nsfw	maintainer label NSFW	keiyoushi:Komik_Dewasa_Art
komikdewasa.mom	explicit	nsfw	maintainer label NSFW	keiyoushi:Komik_Dewasa
komikindo.cam	explicit	nsfw	maintainer label NSFW	keiyoushi:Komikindo
komikindo.ch	explicit	mixed	maintainer label MIXED (contains NSFW entries)	keiyoushi:KomikIndoID
komiktap.info	explicit	nsfw	maintainer label NSFW	keiyoushi:Komiktap
+kr.xchina.co	explicit	nsfw	maintainer label NSFW	keiyoushi:YellowNote
ksgroupscans.com	explicit	mixed	maintainer label MIXED (contains NSFW entries)	keiyoushi:KSGroupScans mangayomi-manga:KSGroupScans
kumapoi.info	explicit	nsfw	maintainer label NSFW	keiyoushi:KumaPoi
kumaraw.com	explicit	mixed	maintainer label MIXED (contains NSFW entries)	keiyoushi:Kumaraw
kuroimanga.site	explicit	nsfw	maintainer label NSFW	keiyoushi:Kuroi_Manga
kuromanga.id	explicit	safe	maintainer label SAFE; verified labels: adult,ecchi,hentai,mature,smut	keiyoushi:Kuro_Manga
lanhlungteam3.top	explicit	mixed	maintainer label MIXED (contains NSFW entries)	keiyoushi:Team_Lanh_Lung
laviniafansub.shop	explicit	nsfw	maintainer label NSFW	keiyoushi:Lavinia_Fansub
lc2.mangakuri.online	explicit	nsfw	maintainer label NSFW	keiyoushi:Mangakuri
lector-darkroomfansub.blogspot.com	explicit	nsfw	maintainer label NSFW	keiyoushi:Dark_Room_Fansub
+lector-mangas.lat	explicit	mixed	maintainer label MIXED (contains NSFW entries)	keiyoushi:LectorManga.lat
+lector.lolivault.net	explicit	nsfw	maintainer label NSFW	keiyoushi:Lolivault
lectorhades.latamtoon.com	explicit	mixed	maintainer label MIXED (contains NSFW entries)	keiyoushi:Hades_no_Fansub
leemiau.com	explicit	mixed	maintainer label MIXED (contains NSFW entries)	keiyoushi:Miau_Scan
leermanhwas.com	explicit	nsfw	maintainer label NSFW	keiyoushi:LeerManhwas
leesincomic.com	explicit	mixed	maintainer label MIXED (contains NSFW entries)	keiyoushi:LeesinComic
legionscans.com	explicit	safe	maintainer label SAFE; verified labels: adult	keiyoushi:Cerberus_Series
leitordemangas.com	explicit	mixed	maintainer label MIXED (contains NSFW entries)	keiyoushi:Leitor_de_Mangas
leituramanga.net	explicit	mixed	maintainer label MIXED (contains NSFW entries)	keiyoushi:Leitura_Manga
lerhentais.com	explicit	nsfw	maintainer label NSFW	keiyoushi:HipercooL
lesporoiniens.org	explicit	mixed	maintainer label MIXED (contains NSFW entries)	keiyoushi:Les_Poroiniens
lmtos.net	explicit	mixed	maintainer label MIXED (contains NSFW entries)	keiyoushi:Lmtos
loppytoonn.com	explicit	mixed	maintainer label MIXED (contains NSFW entries)	keiyoushi:LoppyToon
love4u.net	explicit	mixed	maintainer label MIXED (contains NSFW entries)	keiyoushi:Love4u
loverstoon.net	explicit	mixed	maintainer label MIXED (contains NSFW entries)	keiyoushi:Cerise_Scan
luminaretranslations.com	explicit	safe	maintainer label SAFE; verified labels: 18+	keiyoushi:Luminare_Translations
lunapiecesfansub.com	explicit	mixed	maintainer label MIXED (contains NSFW entries)	keiyoushi:Luna_Pieces
lunatoons.org	explicit	mixed	maintainer label MIXED (contains NSFW entries)	keiyoushi:Luna_Toons
luottruyen999.com	explicit	mixed	maintainer label MIXED (contains NSFW entries)	keiyoushi:LuotTruyen
lustoon.com	explicit	mixed	maintainer label MIXED (contains NSFW entries)	keiyoushi:LustToon
luvevalands2.co	explicit	mixed	maintainer label MIXED (contains NSFW entries)	keiyoushi:LuvEvaLand
lxmanga.org	explicit	nsfw	maintainer label NSFW	keiyoushi:LxManga.org_(unoriginal)
lxmanga.space	explicit	nsfw	maintainer label NSFW	keiyoushi:LXManga
+m.scan-manga.com	explicit	nsfw	maintainer label NSFW	keiyoushi:Scan-Manga
m440.in	explicit	mixed	maintainer label MIXED (contains NSFW entries)	keiyoushi:Mangas.in
mabrute.com	explicit	nsfw	maintainer label NSFW	keiyoushi:Ma_Brute
mahouirexnohentaikarte.com	explicit	nsfw	maintainer label NSFW	keiyoushi:Mahouirexnohentaikarte
makimaaaaa.com	explicit	mixed	maintainer label MIXED (contains NSFW entries)	keiyoushi:Makimaaaaa
manatoki552.net	explicit	nsfw	maintainer label NSFW	keiyoushi:Manatoki
manga-bay.biz	explicit	mixed	maintainer label MIXED (contains NSFW entries)	keiyoushi:Manga-Bay
manga-lc.net	explicit	mixed	maintainer label MIXED (contains NSFW entries)	keiyoushi:Manga-Lc
manga-neko.com	explicit	mixed	maintainer label MIXED (contains NSFW entries)	keiyoushi:Manga-Neko
manga-oni.com	explicit	mixed	maintainer label MIXED (contains NSFW entries)	keiyoushi:MangaOni
manga-park.com	explicit	mixed	maintainer label MIXED (contains NSFW entries)	keiyoushi:Manga-Park
manga-scantrad.io	explicit	mixed	maintainer label MIXED (contains NSFW entries)	keiyoushi:Manga-Scantrad mangayomi-manga:Manga-Scantrad
manga-sehri.net	explicit	mixed	maintainer label MIXED (contains NSFW entries)	keiyoushi:Manga_Şehri.net
manga-shi.org	explicit	mixed	maintainer label MIXED (contains NSFW entries)	keiyoushi:Manga-shi
manga-tr.com	explicit	mixed	maintainer label MIXED (contains NSFW entries)	keiyoushi:Manga-TR
manga.hentai.cat	explicit	nsfw	maintainer label NSFW	keiyoushi:Hentai.cat
manga.in.ua	explicit	mixed	maintainer label MIXED (contains NSFW entries)	keiyoushi:MangaInUa
manga.uno	explicit	mixed	maintainer label MIXED (contains NSFW entries)	keiyoushi:Manga.uno
manga1688.com	explicit	mixed	maintainer label MIXED (contains NSFW entries)	keiyoushi:Manga168
+manga18.me	explicit	nsfw	maintainer label NSFW	keiyoushi:Manga18Me
+manga18free.com	explicit	nsfw	maintainer label NSFW	keiyoushi:Manga18Free
+manga18x.net	explicit	nsfw	maintainer label NSFW	keiyoushi:Manga_18x
mangabahcesi.com	explicit	mixed	maintainer label MIXED (contains NSFW entries)	keiyoushi:Manga_Bahçesi
mangablackcat.com	explicit	mixed	maintainer label MIXED (contains NSFW entries)	keiyoushi:MangaBlackCat
mangabuff.ru	explicit	mixed	maintainer label MIXED (contains NSFW entries)	keiyoushi:MangaBuff
mangacanblog.com	explicit	mixed	maintainer label MIXED (contains NSFW entries)	keiyoushi:Manga_Can
+mangacrazy.net	explicit	nsfw	maintainer label NSFW	keiyoushi:MangaCrazy
mangadar.com	explicit	safe	maintainer label SAFE; verified labels: hentai	keiyoushi:MangaDar
mangadash.net	explicit	mixed	maintainer label MIXED (contains NSFW entries)	keiyoushi:MangaDash
+mangadass.com	explicit	mixed	maintainer label MIXED (contains NSFW entries)	keiyoushi:Manga_Dass
mangadenizi.net	explicit	mixed	maintainer label MIXED (contains NSFW entries)	keiyoushi:MangaDenizi
mangadiyari.com	explicit	safe	maintainer label SAFE; verified labels: 18+	keiyoushi:Manga_Diyarı
+mangadna.com	explicit	mixed	maintainer label MIXED (contains NSFW entries)	keiyoushi:MangaDNA
mangadrama.com	explicit	nsfw	maintainer label NSFW	keiyoushi:Manga_Drama
mangadusleri.mom	explicit	nsfw	maintainer label NSFW	keiyoushi:Mangadusleri
mangaflix.net	explicit	mixed	maintainer label MIXED (contains NSFW entries)	keiyoushi:Manga_Flix
+mangaforfree.com	explicit	nsfw	maintainer label NSFW	keiyoushi:Mangaforfree.com
+mangaforfree.net	explicit	nsfw	maintainer label NSFW	keiyoushi:MangaForFree.net
mangafree.info	explicit	nsfw	maintainer label NSFW	keiyoushi:Mangafree
mangahub.fr	explicit	mixed	maintainer label MIXED (contains NSFW entries)	keiyoushi:MangaHub.fr
mangahub.ru	explicit	mixed	maintainer label MIXED (contains NSFW entries)	keiyoushi:Mangahub
mangakuro.net	explicit	mixed	maintainer label MIXED (contains NSFW entries)	keiyoushi:MangaKuro
mangalect.org	explicit	mixed	maintainer label MIXED (contains NSFW entries)	keiyoushi:LeerMangaEsp
mangalib.me	explicit	mixed	maintainer label MIXED (contains NSFW entries)	keiyoushi:MangaLib
mangalib.org	explicit	nsfw	maintainer label NSFW	mangayomi-manga:Mangalib
mangalivre.org	explicit	mixed	maintainer label MIXED (contains NSFW entries)	keiyoushi:MangaLivre.org
mangalivre.to	explicit	mixed	maintainer label MIXED (contains NSFW entries)	keiyoushi:Manga_Livre.to
mangalix.com	explicit	mixed	maintainer label MIXED (contains NSFW entries)	keiyoushi:MangaLix
mangamelon.com	explicit	mixed	maintainer label MIXED (contains NSFW entries)	keiyoushi:MangaMelon
mangamukai.com	explicit	mixed	maintainer label MIXED (contains NSFW entries)	keiyoushi:Manga_Mukai
mangamura.me	explicit	mixed	maintainer label MIXED (contains NSFW entries)	keiyoushi:Manga_Mura
manganyx.com	explicit	mixed	maintainer label MIXED (contains NSFW entries)	keiyoushi:Manga_NXY
+mangaonline.green	explicit	mixed	maintainer label MIXED (contains NSFW entries)	keiyoushi:Manga_Online
mangaowl.io	explicit	mixed	maintainer label MIXED (contains NSFW entries)	keiyoushi:MangaOwl.io_(unoriginal)
mangapanda.onl	explicit	safe	maintainer label SAFE; verified labels: adult,ecchi,hentai,smut	keiyoushi:MangaPanda.onl
mangapoisk.me	explicit	mixed	maintainer label MIXED (contains NSFW entries)	keiyoushi:MangaPoisk
mangareader.in	explicit	mixed	maintainer label MIXED (contains NSFW entries)	keiyoushi:MangaReader.in
mangaromance19.com	explicit	mixed	maintainer label MIXED (contains NSFW entries)	keiyoushi:Manga_Romance
mangas-origines.fr	explicit	safe	maintainer label SAFE; verified labels: 18+	keiyoushi:Mangas-Origines.fr mangayomi-manga:Mangas-Origines.fr
mangas.codearctraducciones.com	explicit	nsfw	maintainer label NSFW	keiyoushi:Code_Arc_Mangas
+mangasbrasuka.org	explicit	mixed	maintainer label MIXED (contains NSFW entries)	keiyoushi:Mangas_Brasuka
mangastep.com	explicit	mixed	maintainer label MIXED (contains NSFW entries)	keiyoushi:Mangastep
mangastop.net	explicit	mixed	maintainer label MIXED (contains NSFW entries)	keiyoushi:Manga_Stop
+mangasusuku.com	explicit	nsfw	maintainer label NSFW	keiyoushi:Mangasusu
mangatop.org	explicit	mixed	maintainer label MIXED (contains NSFW entries)	keiyoushi:Top_Manhua
mangatuk.com	explicit	mixed	maintainer label MIXED (contains NSFW entries)	keiyoushi:MangaTuk
mangatv.net	explicit	mixed	maintainer label MIXED (contains NSFW entries)	keiyoushi:Manga_TV
mangawow.org	explicit	safe	maintainer label SAFE; verified labels: 18+,ecchi	keiyoushi:MangaWOW mangayomi-manga:MangaWOW
mangayi.com	explicit	safe	maintainer label SAFE; verified labels: adult,ecchi	keiyoushi:MangaYi
mangeek.app	explicit	mixed	maintainer label MIXED (contains NSFW entries)	keiyoushi:ManGeek
mangolibreria.com	explicit	mixed	maintainer label MIXED (contains NSFW entries)	keiyoushi:MangoLibreria
mangtto.com	explicit	nsfw	maintainer label NSFW	keiyoushi:Mangitto
manhastro.net	explicit	nsfw	maintainer label NSFW	keiyoushi:Manhastro
+manhatic.com	explicit	nsfw	maintainer label NSFW	keiyoushi:Manhatic
manhuabika.com	explicit	nsfw	maintainer label NSFW	keiyoushi:Picacomic
manhuako.net	explicit	mixed	maintainer label MIXED (contains NSFW entries)	keiyoushi:Dynasty
manhuaplus.org	explicit	safe	maintainer label SAFE; verified labels: adult,ecchi,mature	keiyoushi:ManhuaPlus_(Unoriginal)
manhuarmtl.com	explicit	mixed	maintainer label MIXED (contains NSFW entries)	keiyoushi:Manhuarm
manhwa-es.com	explicit	mixed	maintainer label MIXED (contains NSFW entries)	keiyoushi:Manhwa-Latino
+manhwa-latino.com	explicit	mixed	maintainer label MIXED (contains NSFW entries)	keiyoushi:Manhwa-Latino
manhwa-online.com	explicit	nsfw	maintainer label NSFW	keiyoushi:ManhwaOnline
+manhwa-raw.com	explicit	nsfw	maintainer label NSFW	keiyoushi:Manhwa-raw
+manhwa18.cc	explicit	nsfw	maintainer label NSFW	keiyoushi:Manhwa18.cc
+manhwa18.net	explicit	nsfw	maintainer label NSFW	keiyoushi:Manhwa18.net
+manhwa68.com	explicit	nsfw	maintainer label NSFW	keiyoushi:Manhwa68
+manhwaclub.net	explicit	nsfw	maintainer label NSFW	keiyoushi:ManhwaClub.net
manhwacomics.com	explicit	nsfw	maintainer label NSFW	keiyoushi:Manhwa_Comics
manhwadesu.wiki	explicit	nsfw	maintainer label NSFW	keiyoushi:ManhwaDesu
manhwaget.com	explicit	safe	maintainer label SAFE; verified labels: adult,ecchi,mature	keiyoushi:ManhwaGet
+manhwahub.net	explicit	mixed	maintainer label MIXED (contains NSFW entries)	keiyoushi:ManhwaHub
manhwahub.to	explicit	nsfw	maintainer label NSFW	keiyoushi:ManhwaHub.to
+manhwalike.com	explicit	nsfw	maintainer label NSFW	keiyoushi:Manhwalike
manhwamanhua.com	explicit	nsfw	maintainer label NSFW	keiyoushi:ManhwaManhua
manhwaread.org	explicit	mixed	maintainer label MIXED (contains NSFW entries)	keiyoushi:ManhwaRead
manhwareads.com	explicit	mixed	maintainer label MIXED (contains NSFW entries)	keiyoushi:Manhwa_Reads
manhwas.me	explicit	nsfw	maintainer label NSFW	keiyoushi:ManhwasMe
manhwaweb.com	explicit	mixed	maintainer label MIXED (contains NSFW entries)	keiyoushi:ManhwaWeb
manhwaz.com	explicit	mixed	maintainer label MIXED (contains NSFW entries)	keiyoushi:ManhwaZ mangayomi-manga:ManhwaZ
manhwazone.com	explicit	mixed	maintainer label MIXED (contains NSFW entries)	keiyoushi:ManhwaZone
mantrazscan.co	explicit	mixed	maintainer label MIXED (contains NSFW entries)	keiyoushi:Mantraz_Scan
manwa.me	explicit	mixed	maintainer label MIXED (contains NSFW entries)	keiyoushi:Manwa
marmota.me	explicit	safe	maintainer label SAFE; verified labels: 18+	keiyoushi:Marmota
mediocrescan.com	explicit	mixed	maintainer label MIXED (contains NSFW entries)	keiyoushi:Mediocre_Toons
mehentai.live	explicit	nsfw	maintainer label NSFW	keiyoushi:MeHentai
mehgazone.com	explicit	nsfw	maintainer label NSFW	keiyoushi:Mehgazone
+meijuntu.com	explicit	nsfw	maintainer label NSFW	keiyoushi:Junmeitu
+members.luscious.net	explicit	nsfw	maintainer label NSFW	keiyoushi:Luscious
meosss.com	explicit	mixed	maintainer label MIXED (contains NSFW entries)	keiyoushi:MeoSSS
meosua.org	explicit	mixed	maintainer label MIXED (contains NSFW entries)	keiyoushi:MeoSua
merlintoon.com	explicit	safe	maintainer label SAFE; verified labels: 18+	keiyoushi:Merlin_Scans
metruyen18.pro	explicit	nsfw	maintainer label NSFW	keiyoushi:MeTruyen18
meusanimes.vip	explicit	nsfw	maintainer label NSFW	yuzono-anime:Aniyomi:_Meus_Animes
+mihentai.net	explicit	nsfw	maintainer label NSFW	keiyoushi:Mihentai
mikrokosmosfb.blogspot.com	explicit	nsfw	maintainer label NSFW	keiyoushi:Mikrokosmos_Fansub
miku-doujin.com	explicit	nsfw	maintainer label NSFW	keiyoushi:MikuDoujin
+milftoon.xxx	explicit	nsfw	maintainer label NSFW	keiyoushi:Milftoon
millascan.com	explicit	mixed	maintainer label MIXED (contains NSFW entries)	keiyoushi:MilaSub
mimihentai.moe	explicit	nsfw	maintainer label NSFW	keiyoushi:MiMi
mimihentai.net	explicit	nsfw	maintainer label NSFW	keiyoushi:MiMiHentai
mindafansub.dev	explicit	nsfw	maintainer label NSFW	keiyoushi:Minda_Fansub
+minioppai.org	explicit	nsfw	maintainer label NSFW	yuzono-anime:Aniyomi:_MiniOppai
minitwoscan.com	explicit	mixed	maintainer label MIXED (contains NSFW entries)	keiyoushi:MiniTwo_Scan mangayomi-manga:MiniTwo_Scan
minotruyenv5.xyz	explicit	mixed	maintainer label MIXED (contains NSFW entries)	keiyoushi:MinoTruyen
+missav.live	explicit	nsfw	maintainer label NSFW	yuzono-anime:Aniyomi:_MissAV
+misskon.com	explicit	nsfw	maintainer label NSFW	keiyoushi:MissKon
+mitaku.net	explicit	nsfw	maintainer label NSFW	keiyoushi:Mitaku
moe.suicaodex.com	explicit	mixed	maintainer label MIXED (contains NSFW entries)	keiyoushi:MoeTruyenSuiCao_(unoriginal)
moetruyen.net	explicit	mixed	maintainer label MIXED (contains NSFW entries)	keiyoushi:MoeTruyen
mokuro.moe	explicit	mixed	maintainer label MIXED (contains NSFW entries)	keiyoushi:Mokuro
+momon-ga.com	explicit	nsfw	maintainer label NSFW	keiyoushi:MomonGA
monomanga.com.tr	explicit	mixed	maintainer label MIXED (contains NSFW entries)	keiyoushi:Mono_Manga
moondaisyscans.pro	explicit	nsfw	maintainer label NSFW	keiyoushi:Moon_Daisy_Scans
mrtenzus.com	explicit	nsfw	maintainer label NSFW	keiyoushi:MR_Tenzus
mugiwarasoficial.org	explicit	mixed	maintainer label MIXED (contains NSFW entries)	keiyoushi:Mugiwaras_Oficial
+multporn.net	explicit	nsfw	maintainer label NSFW	keiyoushi:Multporn
+mundohentaioficial.com	explicit	nsfw	maintainer label NSFW	keiyoushi:Mundo_Hentai
mundomanhwa.com	explicit	nsfw	maintainer label NSFW	keiyoushi:Mundo_Manhwa
+myadultcomics.com	explicit	nsfw	maintainer label NSFW	keiyoushi:MyAdultComics
mycomic.com	explicit	mixed	maintainer label MIXED (contains NSFW entries)	keiyoushi:MyComic
+myhentaicomics.com	explicit	nsfw	maintainer label NSFW	keiyoushi:MyHentaiComics
+myhentaigallery.com	explicit	nsfw	maintainer label NSFW	keiyoushi:MyHentaiGallery
narasininja.net	explicit	safe	maintainer label SAFE; verified labels: adult,ecchi,hentai,mature,smut	keiyoushi:Narasi_Ninja
nebulosascan.com	explicit	mixed	maintainer label MIXED (contains NSFW entries)	keiyoushi:Nebulosa_Scan
nekoproject.org	explicit	mixed	maintainer label MIXED (contains NSFW entries)	keiyoushi:NekoScans
nettruyen13s.com	explicit	mixed	maintainer label MIXED (contains NSFW entries)	keiyoushi:NetTruyenS_(unoriginal)
newcatharsis.dig-it.info	explicit	mixed	maintainer label MIXED (contains NSFW entries)	keiyoushi:Catharsis_World
nexcomic.com	explicit	mixed	maintainer label MIXED (contains NSFW entries)	keiyoushi:NexComic
nexusscanlation.com	explicit	nsfw	maintainer label NSFW	keiyoushi:NexusScanlation
nhaduong.com	explicit	nsfw	maintainer label NSFW	keiyoushi:Roads_Team
+nhentai.com	explicit	nsfw	maintainer label NSFW	keiyoushi:nHentai.com_(unoriginal)
+nhentai.to	explicit	nsfw	maintainer label NSFW	keiyoushi:NHentai.to
+nhentai.xxx	explicit	nsfw	maintainer label NSFW	keiyoushi:NHentai.xxx
nhentaiclub.online	explicit	nsfw	maintainer label NSFW	keiyoushi:NhentaiClub
niji-translations.com	explicit	safe	maintainer label SAFE; verified labels: 18+	mangayomi-manga:Niji_Translations
niverafansub.one	explicit	mixed	maintainer label MIXED (contains NSFW entries)	keiyoushi:Nivera_Fansub
nixmanga.com	explicit	nsfw	maintainer label NSFW	keiyoushi:NixManga
+nnhanman.xyz	explicit	nsfw	maintainer label NSFW	keiyoushi:NNHanman
nocfsb.com	explicit	mixed	maintainer label MIXED (contains NSFW entries)	keiyoushi:Nocturne_Summer
noromax02.my.id	explicit	safe	maintainer label SAFE; verified labels: adult,ecchi,mature	keiyoushi:Noromax
+noxmangas.org	explicit	mixed	maintainer label MIXED (contains NSFW entries)	keiyoushi:NoxManga
+nude-moon.org	explicit	nsfw	maintainer label NSFW	keiyoushi:Nude-Moon
nx-toons.xyz	explicit	nsfw	maintainer label NSFW	keiyoushi:Nexus_Toons
nyrascans.com	explicit	mixed	maintainer label MIXED (contains NSFW entries)	keiyoushi:Nyra_Scans
octopusmanga.com	explicit	nsfw	maintainer label NSFW	keiyoushi:OctopusManga
ogladajanime.pl	explicit	nsfw	maintainer label NSFW	yuzono-anime:Aniyomi:_OgladajAnime
okutoon.com	explicit	mixed	maintainer label MIXED (contains NSFW entries)	keiyoushi:OkuToon
omicaso.org	explicit	mixed	maintainer label MIXED (contains NSFW entries)	keiyoushi:Omicaso
onereader.net	explicit	mixed	maintainer label MIXED (contains NSFW entries)	keiyoushi:OneReader
onfmangas.com	explicit	mixed	maintainer label MIXED (contains NSFW entries)	keiyoushi:ONF_MANGAS
+onlythebesthentai.com	explicit	nsfw	maintainer label NSFW	keiyoushi:Only_The_Best_Hentai
opiatoon.shop	explicit	nsfw	maintainer label NSFW	keiyoushi:Opiatoon
orckumangas.com	explicit	nsfw	maintainer label NSFW	keiyoushi:OrckuMangas
ortegascans.fr	explicit	nsfw	maintainer label NSFW	keiyoushi:Ortega_Scans
+ososedki.com	explicit	nsfw	maintainer label NSFW	keiyoushi:OSOSEDKI
otakusic.com	explicit	mixed	maintainer label MIXED (contains NSFW entries)	keiyoushi:Otakusic
panomic.online	explicit	mixed	maintainer label MIXED (contains NSFW entries)	keiyoushi:Panomic
pantheon-scan.com	explicit	mixed	maintainer label MIXED (contains NSFW entries)	keiyoushi:Pantheon_Scan mangayomi-manga:Pantheon_Scan
paradise-bl.com	explicit	nsfw	maintainer label NSFW	keiyoushi:Paradise_BL
paradisescans.com	explicit	nsfw	maintainer label NSFW	keiyoushi:Paradise_Scans
paradoxscans.com	explicit	safe	maintainer label SAFE; verified labels: 18+	keiyoushi:Paradox_Scans
perf-scan.xyz	explicit	nsfw	maintainer label NSFW	keiyoushi:Perf_Scan
pifansubs.club	explicit	nsfw	maintainer label NSFW	cursedyomi:Aniyomi:_Pi_Fansubs yuzono-anime:Aniyomi:_Pi_Fansubs
+pixhentai.com	explicit	nsfw	maintainer label NSFW	keiyoushi:Pix_Hentai
pizzariacomics.com	explicit	mixed	maintainer label MIXED (contains NSFW entries)	keiyoushi:PizzariaScan
platinumlilyscan.com	explicit	mixed	maintainer label MIXED (contains NSFW entries)	keiyoushi:Platinum_Lily_Scan
plotnofansub.com	explicit	mixed	maintainer label MIXED (contains NSFW entries)	keiyoushi:Plot_Twist_No_Fansub
+pmatehunter.com	explicit	nsfw	maintainer label NSFW	keiyoushi:Playmate_Hunter
pornhwa.fr	explicit	nsfw	maintainer label NSFW	keiyoushi:Pornhwa.fr
+pornhwa18.com	explicit	nsfw	maintainer label NSFW	keiyoushi:Pornhwa18
portalyaoi.com	explicit	nsfw	maintainer label NSFW	keiyoushi:Portal_Yaoi
psunicorn.com	explicit	nsfw	maintainer label NSFW	keiyoushi:Pink_Sea_Unicorn
ravenscans.com	explicit	safe	maintainer label SAFE; verified labels: 18+,adult,ecchi,hentai,mature,smut,uncensored	mangayomi-manga:Raven_Scans
ravenscans.org	explicit	mixed	maintainer label MIXED (contains NSFW entries)	keiyoushi:Raven_Scans
raw18.icu	explicit	nsfw	maintainer label NSFW	keiyoushi:Raw18
rawbaka.com	explicit	mixed	maintainer label MIXED (contains NSFW entries)	keiyoushi:RawBaka
+rawdex.net	explicit	nsfw	maintainer label NSFW	keiyoushi:RawDEX
rawmiu.com	explicit	mixed	maintainer label MIXED (contains NSFW entries)	keiyoushi:RawMiu
+reader.decadencescans.com	explicit	mixed	maintainer label MIXED (contains NSFW entries)	keiyoushi:Decadence_Scans
readhunters.xyz	explicit	mixed	maintainer label MIXED (contains NSFW entries)	keiyoushi:Hunters_Scans
reapertrans.com	explicit	mixed	maintainer label MIXED (contains NSFW entries)	keiyoushi:ReaperTrans
+reimanga.net	explicit	mixed	maintainer label MIXED (contains NSFW entries)	keiyoushi:ReiManga
+revistasequadrinhos.com	explicit	nsfw	maintainer label NSFW	keiyoushi:Revistas_e_Quadrinhos
risentoons.xyz	explicit	mixed	maintainer label MIXED (contains NSFW entries)	keiyoushi:Risentoons
rncalation.online	explicit	mixed	maintainer label MIXED (contains NSFW entries)	keiyoushi:Rncalation
+rokuhentai.com	explicit	nsfw	maintainer label NSFW	keiyoushi:RokuHentai
rosesquadscans.aishiteru.org	explicit	nsfw	maintainer label NSFW	keiyoushi:Rose_Squad_Scans
roseveil.org	explicit	mixed	maintainer label MIXED (contains NSFW entries)	keiyoushi:Roseveil
+rou.video	explicit	nsfw	maintainer label NSFW	yuzono-anime:Aniyomi:_RouVideo
+rouman5.com	explicit	nsfw	maintainer label NSFW	keiyoushi:Roumanwu
roxinha.online	explicit	mixed	maintainer label MIXED (contains NSFW entries)	keiyoushi:Roxinha
ru.niadd.com	explicit	mixed	maintainer label MIXED (contains NSFW entries)	keiyoushi:Niadd
ru.novelcool.com	explicit	mixed	maintainer label MIXED (contains NSFW entries)	keiyoushi:NovelCool
ryukomik.my.id	explicit	nsfw	maintainer label NSFW	keiyoushi:Ryukomik
s2read.com	explicit	mixed	maintainer label MIXED (contains NSFW entries)	keiyoushi:S2Manga
sacachispa.site	explicit	mixed	maintainer label MIXED (contains NSFW entries)	keiyoushi:SACACHISPA
samatoden.blogspot.com	explicit	nsfw	maintainer label NSFW	yuzono-anime:Aniyomi:_Samato
sasangeyou.net	explicit	nsfw	maintainer label NSFW	keiyoushi:Sasangeyou
sayhentai.cx	explicit	nsfw	maintainer label NSFW	keiyoushi:SayHentai
saymanhwa.com	explicit	mixed	maintainer label MIXED (contains NSFW entries)	keiyoushi:New_Manhwa keiyoushi:SayManhwa
saytongtaii.site	explicit	mixed	maintainer label MIXED (contains NSFW entries)	keiyoushi:MeDamTruyen
scansfr.com	explicit	mixed	maintainer label MIXED (contains NSFW entries)	keiyoushi:ScansFR
scantrad-union.com	explicit	safe	maintainer label SAFE; verified labels: ecchi,hentai,mature	keiyoushi:Scantrad_Union
seikowo-app.blogspot.com	explicit	mixed	maintainer label MIXED (contains NSFW entries)	keiyoushi:Seikowo
sektedoujin.cc	explicit	nsfw	maintainer label NSFW	keiyoushi:Sekte_Doujin
senkognito.com	explicit	nsfw	maintainer label NSFW	keiyoushi:Senkognito
senkuro.com	explicit	safe	maintainer label SAFE; verified labels: 18+	keiyoushi:Senkuro
senkuro.me	explicit	nsfw	maintainer label NSFW	keiyoushi:Senkognito keiyoushi:Senkuro
seraphic-deviltry.com	explicit	nsfw	maintainer label NSFW	keiyoushi:SeraphicDeviltry
+shademanga.com	explicit	mixed	maintainer label MIXED (contains NSFW entries)	keiyoushi:Shadow_Manga
shiraixis.space	explicit	mixed	maintainer label MIXED (contains NSFW entries)	keiyoushi:Shirai_Scans
+shirodoujin.com	explicit	nsfw	maintainer label NSFW	keiyoushi:Shiro_Doujin
siikomik.id	explicit	mixed	maintainer label MIXED (contains NSFW entries)	keiyoushi:Siikomik
sinhsieusao.com	explicit	nsfw	maintainer label NSFW	keiyoushi:SinhSieuSao
siyahmelek.live	explicit	nsfw	maintainer label NSFW	keiyoushi:Siyah_Melek
slashlib.me	explicit	mixed	maintainer label MIXED (contains NSFW entries)	keiyoushi:SlashLib
sleepytranslations.com	explicit	safe	maintainer label SAFE; verified labels: 18+	keiyoushi:Sleepy_Translations
slimeread.app	explicit	mixed	maintainer label MIXED (contains NSFW entries)	keiyoushi:SlimeRead_(unoriginal)
smartanimes.net	explicit	nsfw	maintainer label NSFW	yuzono-anime:Aniyomi:_SmartAnimes
soaicacomic2.top	explicit	mixed	maintainer label MIXED (contains NSFW entries)	keiyoushi:SoaiCaComic
solaris-scans.fr	explicit	mixed	maintainer label MIXED (contains NSFW entries)	keiyoushi:Solaris_Scans
spanish.seraphic-deviltry.com	explicit	nsfw	maintainer label NSFW	keiyoushi:SeraphicDeviltry
speed-manga.net	explicit	mixed	maintainer label MIXED (contains NSFW entries)	keiyoushi:Speed_Manga
spicyseries.com	explicit	mixed	maintainer label MIXED (contains NSFW entries)	keiyoushi:Spicy_Scan
ssl.jetanimes.com	explicit	safe	maintainer label SAFE; verified labels: hentai	yuzono-anime:Aniyomi:_JetAnime
starligthscan.com	explicit	nsfw	maintainer label NSFW	keiyoushi:Starlight_Scan
strayfansub.net	explicit	nsfw	maintainer label NSFW	keiyoushi:Stray_Fansub
submanhwa.com	explicit	nsfw	maintainer label NSFW	keiyoushi:Submanhwa
sunsetmanga.com	explicit	mixed	maintainer label MIXED (contains NSFW entries)	keiyoushi:Sunset_Manga
+supjav.com	explicit	nsfw	maintainer label NSFW	yuzono-anime:Aniyomi:_SupJav
sushianimes.com.br	explicit	nsfw	maintainer label NSFW	yuzono-anime:Aniyomi:_SushiAnimes
+sushiscan.fr	explicit	mixed	maintainer label MIXED (contains NSFW entries)	keiyoushi:Sushiscan.fr mangayomi-manga:Sushi-Scans
sushiscan.net	explicit	mixed	maintainer label MIXED (contains NSFW entries)	keiyoushi:Sushi-Scan mangayomi-manga:Sushi-Scan
taiyo.moe	explicit	mixed	maintainer label MIXED (contains NSFW entries)	keiyoushi:Taiyō
+tankouhentai.com	explicit	nsfw	maintainer label NSFW	keiyoushi:Tankou_Hentai
taosect.com	explicit	mixed	maintainer label MIXED (contains NSFW entries)	keiyoushi:Tao_Sect
teamscanr.fr	explicit	mixed	maintainer label MIXED (contains NSFW entries)	keiyoushi:ScanR
teletruyen.com	explicit	mixed	maintainer label MIXED (contains NSFW entries)	keiyoushi:TeleTruyen
temakimangas.blogspot.com	explicit	nsfw	maintainer label NSFW	keiyoushi:Temaki_mangás
templetoons.com	explicit	nsfw	maintainer label NSFW	keiyoushi:Temple_Scan
themanga.site	explicit	mixed	maintainer label MIXED (contains NSFW entries)	keiyoushi:TheManga
thienthaitruyen15.com	explicit	nsfw	maintainer label NSFW	keiyoushi:ThienThaiTruyen
thohamngu.xyz	explicit	mixed	maintainer label MIXED (contains NSFW entries)	keiyoushi:Thỏ_Ham_Ngủ
+tiamanhwa.com	explicit	nsfw	maintainer label NSFW	keiyoushi:Tia_Manhwa
tiohentai.com	explicit	safe	maintainer label SAFE; verified labels: hentai	yuzono-anime:Aniyomi:_TioanimeH
tiraninha.world	explicit	mixed	maintainer label MIXED (contains NSFW entries)	keiyoushi:Little_Tyrant
tmohentai.app	explicit	nsfw	maintainer label NSFW	keiyoushi:TMOHentai_(unoriginal)
tomilo-lib.ru	explicit	mixed	maintainer label MIXED (contains NSFW entries)	keiyoushi:Tomilo-lib
tonizu.top	explicit	mixed	maintainer label MIXED (contains NSFW entries)	keiyoushi:TonizuToon
toomtam-manga.com	explicit	mixed	maintainer label MIXED (contains NSFW entries)	keiyoushi:ToomTam-Manga
toon-es.com	explicit	nsfw	maintainer label NSFW	keiyoushi:Toon-es
+toonfr.com	explicit	nsfw	maintainer label NSFW	keiyoushi:Toon_FR
+toonizy.com	explicit	mixed	maintainer label MIXED (contains NSFW entries)	keiyoushi:Toonizy
+toonkor0.org	explicit	mixed	maintainer label MIXED (contains NSFW entries)	keiyoushi:Toonkor
toonz.to	explicit	nsfw	maintainer label NSFW	keiyoushi:Toonz
+topcomicporno.com	explicit	nsfw	maintainer label NSFW	keiyoushi:TopComicPorno
topcomicporno.net	explicit	nsfw	maintainer label NSFW	keiyoushi:TopComicPorno.net
topmanhua.net	explicit	mixed	maintainer label MIXED (contains NSFW entries)	keiyoushi:TopManhua.net
tortuga-ceviri.com	explicit	safe	maintainer label SAFE; verified labels: 18+	mangayomi-manga:Tortuga_Ceviri
traduccionesmoonlight.com	explicit	mixed	maintainer label MIXED (contains NSFW entries)	keiyoushi:Traducciones_Moonlight
tranh18.cc	explicit	nsfw	maintainer label NSFW	keiyoushi:Tranh18
tritinia.org	explicit	safe	maintainer label SAFE; verified labels: adult,ecchi,mature,smut	keiyoushi:TritiniaScans
trmanga.com	explicit	mixed	maintainer label MIXED (contains NSFW entries)	keiyoushi:Tr_Manga
truyen.moe	explicit	mixed	maintainer label MIXED (contains NSFW entries)	keiyoushi:MoeTruyen
truyen18.co	explicit	nsfw	maintainer label NSFW	keiyoushi:Truyen18
+truyenhentai18.net	explicit	nsfw	maintainer label NSFW	keiyoushi:Truyen_Hentai_18+
truyenhentaivn.store	explicit	nsfw	maintainer label NSFW	keiyoushi:TruyenHentaivn
+truyenhentaiz.net	explicit	nsfw	maintainer label NSFW	keiyoushi:TruyenHentaiz
truyenmmhayr.com	explicit	nsfw	maintainer label NSFW	keiyoushi:TruyenMM
truyenqq.com.vn	explicit	mixed	maintainer label MIXED (contains NSFW entries)	keiyoushi:TruyenQQ_VN
truyentini.net	explicit	mixed	maintainer label MIXED (contains NSFW entries)	keiyoushi:TruyenTini
truyentranhdammyy.site	explicit	nsfw	maintainer label NSFW	keiyoushi:Truyen_tranh_dam_my
truyentuoitho.com	explicit	safe	maintainer label SAFE; verified labels: adult,mature	keiyoushi:TruyenTuoiTho
truyentvn.net	explicit	nsfw	maintainer label NSFW	keiyoushi:TruyenTVN
tsundoku.com.br	explicit	mixed	maintainer label MIXED (contains NSFW entries)	keiyoushi:Tsundoku_Traduções mangayomi-manga:Tsundoku_Traduções
tuhafscans.com	explicit	nsfw	maintainer label NSFW	keiyoushi:Luna_Scans
tusachxinhxinh12.online	explicit	mixed	maintainer label MIXED (contains NSFW entries)	keiyoushi:TuSachXinhXinh
+tw.manhuagui.com	explicit	mixed	maintainer label MIXED (contains NSFW entries)	keiyoushi:ManHuaGui
tw.mhgui.com	explicit	mixed	maintainer label MIXED (contains NSFW entries)	keiyoushi:ManHuaGui
+tw.xchina.co	explicit	nsfw	maintainer label NSFW	keiyoushi:YellowNote
twicomi.com	explicit	mixed	maintainer label MIXED (contains NSFW entries)	keiyoushi:Twicomi
uchuujinmangas.com	explicit	mixed	maintainer label MIXED (contains NSFW entries)	keiyoushi:Uchuujin_Projects
uhkvqrxmcapgtpspglrp.moedot.net	explicit	mixed	maintainer label MIXED (contains NSFW entries)	keiyoushi:HanabiManga
umetruyenz.org	explicit	nsfw	maintainer label NSFW	keiyoushi:UmeTruyen
+universohentai.com	explicit	nsfw	maintainer label NSFW	keiyoushi:Universo_Hentai
v1.bacami.site	explicit	safe	maintainer label SAFE; verified labels: adult,ecchi,hentai,smut	keiyoushi:Bacami
v1.komiknesiaku.com	explicit	mixed	maintainer label MIXED (contains NSFW entries)	keiyoushi:KomikNesia
v1.puremanga.me	explicit	mixed	maintainer label MIXED (contains NSFW entries)	keiyoushi:PureManga
v3.comicaso.pro	explicit	mixed	maintainer label MIXED (contains NSFW entries)	keiyoushi:Comicaso
v5.luvyaa.co	explicit	mixed	maintainer label MIXED (contains NSFW entries)	keiyoushi:Luvyaa
v7.kiryuu.to	explicit	mixed	maintainer label MIXED (contains NSFW entries)	keiyoushi:Kiryuu
vegitoons.black	explicit	mixed	maintainer label MIXED (contains NSFW entries)	keiyoushi:Vegitoons
+veohentai.com	explicit	nsfw	maintainer label NSFW	yuzono-anime:Aniyomi:_VeoHentai
+vercomicsporno.com	explicit	nsfw	maintainer label NSFW	keiyoushi:VCPVMP
verdinha.wtf	explicit	mixed	maintainer label MIXED (contains NSFW entries)	keiyoushi:Verdinha
+vermangasporno.com	explicit	nsfw	maintainer label NSFW	keiyoushi:VCPVMP
+vermanhwa.com	explicit	nsfw	maintainer label NSFW	keiyoushi:Ver_Manhwas
vi-hentai.moe	explicit	nsfw	maintainer label NSFW	keiyoushi:ViHentai
vi-hentai.pro	explicit	nsfw	maintainer label NSFW	keiyoushi:ViHentai
vinahentai.help	explicit	nsfw	maintainer label NSFW	keiyoushi:VinaHentai
visor.chifa-tong.online	explicit	mixed	maintainer label MIXED (contains NSFW entries)	keiyoushi:Lector_Asteria
visorikigai.gettocaboca.com	explicit	mixed	maintainer label MIXED (contains NSFW entries)	keiyoushi:Ikigai_Mangas
visorjpg.lat	explicit	mixed	maintainer label MIXED (contains NSFW entries)	keiyoushi:LectorJPG
visorkoi.com	explicit	nsfw	maintainer label NSFW	keiyoushi:Koinobori_Scan
voir-anime.to	explicit	nsfw	maintainer label NSFW	yuzono-anime:Aniyomi:_Voiranime
voircartoon.com	explicit	nsfw	maintainer label NSFW	yuzono-anime:Aniyomi:_VoirCartoon
wamanga.ru	explicit	mixed	maintainer label MIXED (contains NSFW entries)	keiyoushi:WaManga
watchanimeworld.ro	explicit	safe	maintainer label SAFE; verified labels: ecchi,hentai	salmanbappi:Aniyomi:_WatchAnimeWorld
webtoonempire-bl.com	explicit	nsfw	maintainer label NSFW	keiyoushi:Empire_Webtoon
+webtoonscan.com	explicit	mixed	maintainer label MIXED (contains NSFW entries)	keiyoushi:WebtoonScan
weloma.net	explicit	mixed	maintainer label MIXED (contains NSFW entries)	keiyoushi:WeLoveManga
wfwf507.com	explicit	mixed	maintainer label MIXED (contains NSFW entries)	keiyoushi:Wolf.com
wildtoon.com	explicit	nsfw	maintainer label NSFW	keiyoushi:Wildtoon
wings.sbs	explicit	nsfw	maintainer label NSFW	keiyoushi:Sunshine_Butterfly_Scans
wurmz.net	explicit	mixed	maintainer label MIXED (contains NSFW entries)	keiyoushi:Wurmz
ww6.readchainsawman.com	explicit	nsfw	maintainer label NSFW	keiyoushi:Read_Chainsaw_Man_Manga_Online
+www.108read.com	explicit	nsfw	maintainer label NSFW	keiyoushi:108Read
www.11toon.com	explicit	mixed	maintainer label MIXED (contains NSFW entries)	keiyoushi:11toon
www.311s.com	explicit	mixed	maintainer label MIXED (contains NSFW entries)	keiyoushi:Manhuashe
+www.4khd.com	explicit	nsfw	maintainer label NSFW	keiyoushi:4KHD
www.92mh.com	explicit	mixed	maintainer label MIXED (contains NSFW entries)	keiyoushi:92Manhua
www.amangaplanet.com.tr	explicit	mixed	maintainer label MIXED (contains NSFW entries)	keiyoushi:Amanga_Planet
www.anime-jl.net	explicit	nsfw	maintainer label NSFW	yuzono-anime:Aniyomi:_Animejl
www.animetoast.cc	explicit	safe	maintainer label SAFE; verified labels: adult,ecchi,smut	yuzono-anime:Aniyomi:_AnimeToast
www.animeworld.ac	explicit	safe	maintainer label SAFE; verified labels: ecchi,hentai	yuzono-anime:Aniyomi:_ANIMEWORLD.tv
www.animeworld.so	explicit	safe	maintainer label SAFE; verified labels: ecchi,hentai	mangayomi-anime:AnimeWorld
www.arlas.online	explicit	mixed	maintainer label MIXED (contains NSFW entries)	keiyoushi:Aarlas
www.bilimanga.net	explicit	mixed	maintainer label MIXED (contains NSFW entries)	keiyoushi:BiliManga
+www.cartoon18.com	explicit	nsfw	maintainer label NSFW	keiyoushi:Cartoon18
www.dailymanhwa.com	explicit	nsfw	maintainer label NSFW	keiyoushi:Daily_Manhwa
www.dm5.cn	explicit	mixed	maintainer label MIXED (contains NSFW entries)	keiyoushi:Dm5
+www.dm5.com	explicit	mixed	maintainer label MIXED (contains NSFW entries)	keiyoushi:Dm5
+www.ebookrenta.com	review	mixed	maintainer label MIXED; licensed Japanese e-book store (Renta!)	keiyoushi:EbookRenta
+www.elitebabes.com	explicit	nsfw	maintainer label NSFW	keiyoushi:Elite_Babes
+www.erofus.com	explicit	nsfw	maintainer label NSFW	keiyoushi:Erofus
www.everiaclub.com	explicit	nsfw	maintainer label NSFW	keiyoushi:EveriaClub_(unoriginal)
www.favcomic.cc	explicit	mixed	maintainer label MIXED (contains NSFW entries)	keiyoushi:FavComic
www.favcomic.com	explicit	mixed	maintainer label MIXED (contains NSFW entries)	keiyoushi:FavComic
www.favcomic.net	explicit	mixed	maintainer label MIXED (contains NSFW entries)	keiyoushi:FavComic
www.favcomic.xyz	explicit	mixed	maintainer label MIXED (contains NSFW entries)	keiyoushi:FavComic
+www.femjoyhunter.com	explicit	nsfw	maintainer label NSFW	keiyoushi:Femjoy_Hunter
www.fin-manga.com	explicit	mixed	maintainer label MIXED (contains NSFW entries)	keiyoushi:Fin_Manga
+www.ftvhunter.com	explicit	nsfw	maintainer label NSFW	keiyoushi:FTV_Hunter
www.go-manga.com	explicit	mixed	maintainer label MIXED (contains NSFW entries)	keiyoushi:Go_Manga
www.godhman.net	explicit	nsfw	maintainer label NSFW	keiyoushi:GodhMan
www.hana-book.fr	explicit	nsfw	maintainer label NSFW	keiyoushi:Hana_Book
+www.hentai-archive.com	explicit	nsfw	maintainer label NSFW	keiyoushi:HentaiArchive
+www.hentaiclub.net	explicit	mixed	maintainer label MIXED (contains NSFW entries)	keiyoushi:Shenshi_Huisuo
www.hentaisaturn.com	explicit	nsfw	maintainer label NSFW	yuzono-anime:Aniyomi:_Hentai_Saturn
+www.hentaistube.com	explicit	nsfw	maintainer label NSFW	cursedyomi:Aniyomi:_HentaisTube
+www.hentaitorrents.com	explicit	nsfw	maintainer label NSFW	yuzono-anime:Aniyomi:_Hentai_Torrent_(Torrent)
www.hentaivnx.com	explicit	nsfw	maintainer label NSFW	keiyoushi:HentaiVNx
+www.hentaizm6.online	explicit	nsfw	maintainer label NSFW	yuzono-anime:Aniyomi:_HentaiZM
www.hikarinagi.org	explicit	mixed	maintainer label MIXED (contains NSFW entries)	keiyoushi:Hikarinagi
www.irovedout.com	explicit	nsfw	maintainer label NSFW	keiyoushi:I_Roved_Out
www.jjmh.top	explicit	nsfw	maintainer label NSFW	keiyoushi:Manga_Xiao_Si
+www.jjmhw2.top	explicit	nsfw	maintainer label NSFW	keiyoushi:Manga_Xiao_Si
www.jkhentai.net	explicit	nsfw	maintainer label NSFW	yuzono-anime:Aniyomi:_Jkhentai
+www.joymiihub.com	explicit	nsfw	maintainer label NSFW	keiyoushi:Joymii_Hub
www.kazokuden.com	explicit	safe	maintainer label SAFE; verified labels: 18+,ecchi	keiyoushi:Kazoku_Den
www.klraw.info	explicit	mixed	maintainer label MIXED (contains NSFW entries)	keiyoushi:KL_Raw
www.kunmanga.online	explicit	mixed	maintainer label MIXED (contains NSFW entries)	keiyoushi:Kun_Manga_Online
www.leercapitulo.co	explicit	safe	maintainer label SAFE; verified labels: adult,ecchi,hentai,mature,smut	keiyoushi:LeerCapitulo
www.lepoytl.my.id	explicit	safe	maintainer label SAFE; verified labels: nsfw	keiyoushi:LepoyTL
www.lianscans.com	explicit	nsfw	maintainer label NSFW	keiyoushi:LianScans
www.liumanhua.com	explicit	nsfw	maintainer label NSFW	keiyoushi:6Manhua
+www.luscious.net	explicit	nsfw	maintainer label NSFW	keiyoushi:Luscious
www.m206.com	explicit	mixed	maintainer label MIXED (contains NSFW entries)	keiyoushi:Manhuashe
www.maid.my.id	explicit	mixed	maintainer label MIXED (contains NSFW entries)	keiyoushi:Maid_-_Manga
www.mangaisekaithai.net	explicit	mixed	maintainer label MIXED (contains NSFW entries)	keiyoushi:MangaIsekaiThai
www.mangakimi.com	explicit	mixed	maintainer label MIXED (contains NSFW entries)	keiyoushi:MangaKimi
www.mangaworld.ac	explicit	safe	maintainer label SAFE; verified labels: ecchi,hentai,smut	mangayomi-manga:MangaWorld
www.mangaworld.mx	explicit	safe	maintainer label SAFE; verified labels: ecchi,hentai,smut	keiyoushi:Mangaworld
+www.mangaworldadult.net	explicit	nsfw	maintainer label NSFW	keiyoushi:MangaworldAdult
www.mangaxhentai.com	explicit	nsfw	maintainer label NSFW	keiyoushi:MangaHub
www.mangaz.com	explicit	safe	maintainer label SAFE; verified labels: r18	keiyoushi:Manga_Toshokan_Z
+www.manhuagui.com	explicit	mixed	maintainer label MIXED (contains NSFW entries)	keiyoushi:ManHuaGui mangayomi-manga:漫画柜
www.manhuazonghe.com	explicit	nsfw	maintainer label NSFW	keiyoushi:Manhua_Zonghe
www.manhwa18.today	explicit	nsfw	maintainer label NSFW	keiyoushi:Manhwa18.today
www.manhwaindo.my	explicit	mixed	maintainer label MIXED (contains NSFW entries)	keiyoushi:Manhwa_Indo
+www.metarthunter.com	explicit	nsfw	maintainer label NSFW	keiyoushi:Metart_Hunter
www.mhgui.com	explicit	mixed	maintainer label MIXED (contains NSFW entries)	keiyoushi:ManHuaGui
www.mikoroku.com	explicit	mixed	maintainer label MIXED (contains NSFW entries)	keiyoushi:MikoRoku
+www.muitohentai.com	explicit	nsfw	maintainer label NSFW	cursedyomi:Aniyomi:_Muito_Hentai keiyoushi:Muito_Hentai yuzono-anime:Aniyomi:_Muito_Hentai
www.murimscans.site	explicit	mixed	maintainer label MIXED (contains NSFW entries)	keiyoushi:MurimScan
www.nekopost.net	explicit	mixed	maintainer label MIXED (contains NSFW entries)	keiyoushi:Nekopost
www.niadd.com	explicit	mixed	maintainer label MIXED (contains NSFW entries)	keiyoushi:Niadd
+www.niceoppai.net	explicit	mixed	maintainer label MIXED (contains NSFW entries)	keiyoushi:Niceoppai
www.nineanime.com	explicit	nsfw	maintainer label NSFW	keiyoushi:NineAnime
+www.ntr-manga.net	explicit	nsfw	maintainer label NSFW	keiyoushi:NTR-Manga
+www.oglaf.com	explicit	nsfw	maintainer label NSFW	keiyoushi:Oglaf
+www.ohjoysextoy.com	explicit	nsfw	maintainer label NSFW	keiyoushi:Oh_Joy_Sex_Toy
www.ono.live	explicit	mixed	maintainer label MIXED (contains NSFW entries)	keiyoushi:Ono
www.orchisasia.org	explicit	nsfw	maintainer label NSFW	keiyoushi:Orchisasia
www.oremanga.net	explicit	mixed	maintainer label MIXED (contains NSFW entries)	keiyoushi:OreManga
www.osakascan.com	explicit	mixed	maintainer label MIXED (contains NSFW entries)	keiyoushi:Osaka_Scan
+www.paritehaber.com	explicit	nsfw	maintainer label NSFW	keiyoushi:Paritehaber
www.petrotechsociety.org	explicit	nsfw	maintainer label NSFW	keiyoushi:Petrotechsociety
+www.photos18.com	explicit	nsfw	maintainer label NSFW	keiyoushi:Photos18
+www.pornpics.com	explicit	nsfw	maintainer label NSFW	keiyoushi:PornPics
+www.ptorrents.com	explicit	nsfw	maintainer label NSFW	yuzono-anime:Aniyomi:_PTorrent_(Torrent)
www.re-yume.my.id	explicit	safe	maintainer label SAFE; verified labels: 18+	keiyoushi:ReYume
www.revivalscans.com	explicit	nsfw	maintainer label NSFW	keiyoushi:Revival_Scans
+www.simply-cosplay.com	explicit	nsfw	maintainer label NSFW	keiyoushi:Simply_Cosplay
www.slow-manga.net	explicit	mixed	maintainer label MIXED (contains NSFW entries)	keiyoushi:Slow_Manga
www.tanuki-manga.net	explicit	mixed	maintainer label MIXED (contains NSFW entries)	keiyoushi:Tanuki-Manga
www.team-shadowi.com	explicit	mixed	maintainer label MIXED (contains NSFW entries)	keiyoushi:Team_Shadowi
+www.tooncubus.top	explicit	nsfw	maintainer label NSFW	keiyoushi:Tooncubus
www.topmanhua.fan	explicit	mixed	maintainer label MIXED (contains NSFW entries)	keiyoushi:TopManhua.fan
www.toptoon.net	explicit	mixed	maintainer label MIXED; adult webtoon store	keiyoushi:Toptoon.net
www.toptruyenzonek.com	explicit	mixed	maintainer label MIXED (contains NSFW entries)	keiyoushi:Top_Truyen
+www.v2ph.com	explicit	nsfw	maintainer label NSFW	keiyoushi:V2PH
www.vixenlogic.com	explicit	nsfw	maintainer label NSFW	keiyoushi:Vixen_Logic
www.wn07.cfd	explicit	nsfw	maintainer label NSFW	keiyoushi:WNACG
+www.xarthunter.com	explicit	nsfw	maintainer label NSFW	keiyoushi:XArt_Hunter
+www.xasiat.com	explicit	nsfw	maintainer label NSFW	keiyoushi:Xasiat_Albums
www.xn--l3c0azab5a2gta.com	explicit	mixed	maintainer label MIXED (contains NSFW entries)	keiyoushi:Sodsaime
+www.xnxx.com	explicit	nsfw	maintainer label NSFW	yuzono-anime:Aniyomi:_Xnxx
www.xomanga.site	explicit	mixed	maintainer label MIXED (contains NSFW entries)	keiyoushi:XoManga
+www.xvideos.com	explicit	nsfw	maintainer label NSFW	yuzono-anime:Aniyomi:_Xvideos
www.yaoifanclub.com	explicit	mixed	maintainer label MIXED (contains NSFW entries)	keiyoushi:Yaoi_Fan_Club
www.ykmh.net	explicit	mixed	maintainer label MIXED (contains NSFW entries)	keiyoushi:YKMH
www.yupmanga.com	explicit	mixed	maintainer label MIXED (contains NSFW entries)	keiyoushi:Yupmanga
www.zerobyw33.com	explicit	mixed	maintainer label MIXED (contains NSFW entries)	keiyoushi:Zerobyw
www.zettruyen1.com	explicit	mixed	maintainer label MIXED (contains NSFW entries)	keiyoushi:ZetTruyen
x-manga.org	explicit	nsfw	maintainer label NSFW	keiyoushi:X-Manga
+xchina.co	explicit	nsfw	maintainer label NSFW	keiyoushi:YellowNote
xgmn8.vip	explicit	nsfw	maintainer label NSFW	keiyoushi:XGMN
+xiutaku.com	explicit	nsfw	maintainer label NSFW	keiyoushi:Xiutaku
+xlecx.one	explicit	nsfw	maintainer label NSFW	keiyoushi:XlecX
xxl.hentaichan.live	explicit	nsfw	maintainer label NSFW	keiyoushi:HenChan
+xyzcomics.com	explicit	nsfw	maintainer label NSFW	keiyoushi:XYZ_Comics
+yanmaga.jp	explicit	mixed	maintainer label MIXED (contains NSFW entries)	keiyoushi:Weekly_Young_Magazine
yaoi-chan.me	explicit	nsfw	maintainer label NSFW	keiyoushi:YaoiChan
yaoiflix.fit	explicit	nsfw	maintainer label NSFW	keiyoushi:Yaoi_Flix
yaoihot.com	explicit	nsfw	maintainer label NSFW	keiyoushi:YaoiHot
yaoihub.org	explicit	nsfw	maintainer label NSFW	keiyoushi:Yaoihub
yaoimangaoku.net	explicit	nsfw	maintainer label NSFW	keiyoushi:Yaoi_Manga_Oku
yaoiscan.fr	explicit	nsfw	maintainer label NSFW	keiyoushi:YaoiScan
+yfantasy.me	explicit	nsfw	maintainer label NSFW	yuzono-anime:Aniyomi:_YFantasy
yidan9.club	explicit	nsfw	maintainer label NSFW	keiyoushi:Yidan_Girl
ymcdnyfqdapp.ikmmh.com	explicit	nsfw	maintainer label NSFW	keiyoushi:Ikmmh
yomu.com.br	explicit	mixed	maintainer label MIXED (contains NSFW entries)	keiyoushi:Yomu_Comics
yomumangas.com	explicit	nsfw	maintainer label NSFW	keiyoushi:Yomu_Mangás
yonaber.com	explicit	nsfw	maintainer label NSFW	keiyoushi:Yona_Bar
yuri-online.com	explicit	mixed	maintainer label MIXED (contains NSFW entries)	keiyoushi:Yuri-Online
yuri.live	explicit	safe	maintainer label SAFE; verified labels: 18+	mangayomi-manga:Yuri_Verso
yurigarden.moe	explicit	mixed	maintainer label MIXED (contains NSFW entries)	keiyoushi:YuriGarden
yurilab.top	explicit	mixed	maintainer label MIXED (contains NSFW entries)	keiyoushi:Ota_Scans
yurimoonsub.blogspot.com	explicit	nsfw	maintainer label NSFW	keiyoushi:Yuri_Moon_Sub
yurinekoz.com	explicit	mixed	maintainer label MIXED (contains NSFW entries)	keiyoushi:YuriNeko
yurionair.top	explicit	mixed	maintainer label MIXED (contains NSFW entries)	keiyoushi:Yuri_on_Air
zenko.online	explicit	mixed	maintainer label MIXED (contains NSFW entries)	keiyoushi:Zenko
+zettahq.com	explicit	nsfw	maintainer label NSFW	keiyoushi:ZettaHQ
zonatmo.org	explicit	mixed	maintainer label MIXED (contains NSFW entries)	keiyoushi:ZonaTMO.org_(unoriginal)
zonatmo.to	explicit	mixed	maintainer label MIXED (contains NSFW entries)	keiyoushi:Zonatmo.to_(unoriginal)
02.ngomik.cc	ecchi	safe	maintainer label SAFE; verified labels: ecchi	keiyoushi:Ngomik_(unoriginal)
afroditscans.com	ecchi	safe	maintainer label SAFE; verified labels: ecchi,mature	keiyoushi:Afrodit_Scans mangayomi-manga:Afrodit_Scans
anyonemanga.com	ecchi	safe	maintainer label SAFE; verified labels: ecchi	keiyoushi:Anyone_Manga
capitoons.com	ecchi	safe	maintainer label SAFE; verified labels: ecchi	keiyoushi:Capitoons
dassouscan.com	ecchi	safe	maintainer label SAFE; verified labels: ecchi	keiyoushi:Dassou_Scan
en-thunderscans.com	ecchi	safe	maintainer label SAFE; verified labels: ecchi	keiyoushi:Thunder_Scans
eskimangalar.com	ecchi	safe	maintainer label SAFE; verified labels: ecchi,mature	keiyoushi:Eski_Mangalar
evascans.net	ecchi	safe	maintainer label SAFE; verified labels: ecchi	keiyoushi:Eva_Scans
infinity896.blogspot.com	ecchi	safe	maintainer label SAFE; verified labels: mature	keiyoushi:Orca_Manga
kiryuu.id	ecchi	safe	maintainer label SAFE; verified labels: ecchi	mangayomi-manga:Kiryuu
klikmanga.org	ecchi	safe	maintainer label SAFE; verified labels: ecchi,mature	keiyoushi:KlikManga mangayomi-manga:KlikManga
kolnovel.com	ecchi	safe	maintainer label SAFE; verified labels: mature	mangayomi-novel:ملوك_الروايات
komikstation.org	ecchi	safe	maintainer label SAFE; verified labels: ecchi,mature	keiyoushi:Komik_Station
komiku.org	ecchi	safe	maintainer label SAFE; verified labels: ecchi	keiyoushi:Komiku
ler999.blogspot.com	ecchi	safe	maintainer label SAFE; verified labels: ecchi,mature	keiyoushi:Ler_999
limonmanga.com	ecchi	safe	maintainer label SAFE; verified labels: ecchi,mature	keiyoushi:Limon_Manga
manga.araznovel.com	ecchi	safe	maintainer label SAFE; verified labels: ecchi,mature	keiyoushi:ArazNovel
manga.io.vn	ecchi	safe	maintainer label SAFE; verified labels: ecchi	keiyoushi:DocTruyen5s
mangadraft.com	ecchi	safe	maintainer label SAFE; verified labels: ecchi	keiyoushi:Manga_Draft
manhatok.blogspot.com	ecchi	safe	maintainer label SAFE; verified labels: ecchi,mature	keiyoushi:Manhatok
monopolymanhua.com	ecchi	safe	maintainer label SAFE; verified labels: ecchi	keiyoushi:Monopoly_Scan
montetaiscanlator.xyz	ecchi	safe	maintainer label SAFE; verified labels: ecchi	keiyoushi:Monte_Tai
nemesisscans.com	ecchi	safe	maintainer label SAFE; verified labels: ecchi	keiyoushi:Nemesis_scans
ngamenkomik05.blogspot.com	ecchi	safe	maintainer label SAFE; verified labels: ecchi,mature	keiyoushi:NgamenKomik
nyxscans.com	ecchi	safe	maintainer label SAFE; verified labels: ecchi	keiyoushi:Nyx_Scans
orion-scans.com	ecchi	safe	maintainer label SAFE; verified labels: ecchi	keiyoushi:Orion_Scans
philiascans.org	ecchi	safe	maintainer label SAFE; verified labels: ecchi,mature	keiyoushi:Philia_Scans
r1.richtoon.top	ecchi	safe	maintainer label SAFE; verified labels: ecchi	keiyoushi:RichtoScan mangayomi-manga:RichtoScan
rackusreads.com	ecchi	safe	maintainer label SAFE; verified labels: mature	keiyoushi:Rackus mangayomi-manga:PMScans
ragnarscans.net	ecchi	safe	maintainer label SAFE; verified labels: ecchi	keiyoushi:Ragnar_Scans
renascans.net	ecchi	safe	maintainer label SAFE; verified labels: ecchi	keiyoushi:Renascans
rfdragonscan.net	ecchi	safe	maintainer label SAFE; verified labels: ecchi	keiyoushi:RF_Dragon_Scan
rimuscan.fr	ecchi	safe	maintainer label SAFE; verified labels: ecchi	keiyoushi:Rimu_Scans
scanreader.net	ecchi	safe	maintainer label SAFE; verified labels: ecchi	keiyoushi:Scan_Reader
scythescans.com	ecchi	safe	maintainer label SAFE; verified labels: ecchi	keiyoushi:Scythe_Scans mangayomi-manga:Eros_Scans
sereinscan.com	ecchi	safe	maintainer label SAFE; verified labels: mature	keiyoushi:Serein_Scan mangayomi-manga:Serein_Scan
shijiescans.com	ecchi	safe	maintainer label SAFE; verified labels: ecchi	keiyoushi:Shijie_Scans mangayomi-manga:Shijie_Scans
shiyurasub.blogspot.com	ecchi	safe	maintainer label SAFE; verified labels: ecchi	keiyoushi:ShiyuraSub
toontaku.com	ecchi	safe	maintainer label SAFE; verified labels: ecchi	keiyoushi:Toontaku
trmangaoku.com	ecchi	safe	maintainer label SAFE; verified labels: ecchi,mature	keiyoushi:Türkçe_Manga_Oku
undertranslations.com	ecchi	safe	maintainer label SAFE; verified labels: ecchi	keiyoushi:UnderTranslations
v4.voratoon.com	ecchi	safe	maintainer label SAFE; verified labels: ecchi	keiyoushi:VoraToon
www.agcscanlation.it	ecchi	safe	maintainer label SAFE; verified labels: ecchi	keiyoushi:Anime_GDR_Club
www.animexnovel.com	ecchi	safe	maintainer label SAFE; verified labels: ecchi	keiyoushi:AnimeXNovel
www.lelmanga.com	ecchi	safe	maintainer label SAFE; verified labels: mature	keiyoushi:Lelmanga mangayomi-manga:Lelmanga
www.mangaportali.com	ecchi	safe	maintainer label SAFE; verified labels: ecchi	keiyoushi:Manga_Portalı
www.manhuabug.com	ecchi	safe	maintainer label SAFE; verified labels: ecchi	keiyoushi:ManhuaBug mangayomi-manga:ManhuaBug
www.manhwabreakup.com	ecchi	safe	maintainer label SAFE; verified labels: ecchi	keiyoushi:ManhwaBreakup mangayomi-manga:ManhwaBreakup
www.ruyamanga2.com	ecchi	safe	maintainer label SAFE; verified labels: ecchi	keiyoushi:Rüya_Manga
www.sing-manga.com	ecchi	safe	maintainer label SAFE; verified labels: ecchi	keiyoushi:Singmanga
www.tarotscans.com	ecchi	safe	maintainer label SAFE; verified labels: ecchi	keiyoushi:Tarot_Scans mangayomi-manga:Tarot_Scans
acomics.ru	review	mixed	maintainer label MIXED; licensed/mainstream service	keiyoushi:AComics
bigcomics.jp	review	mixed	maintainer label MIXED; licensed/mainstream service	keiyoushi:Big_Comics
booklive.jp	review	mixed	maintainer label MIXED; licensed/mainstream service	keiyoushi:BookLive
comic-fuz.com	review	mixed	maintainer label MIXED; licensed/mainstream service	keiyoushi:COMIC_FUZ
comic-ryu.jp	review	mixed	maintainer label MIXED; licensed/mainstream service	keiyoushi:Comic_Ryu
comic-walker.com	review	mixed	maintainer label MIXED; licensed/mainstream service	keiyoushi:KadoComi
comicfury.com	review	mixed	maintainer label MIXED; licensed/mainstream service	keiyoushi:Comic_Fury
dokusho-ojikan.jp	review	mixed	maintainer label MIXED; licensed/mainstream service	keiyoushi:Ameba_Manga
drecomi-plus.jp	review	mixed	maintainer label MIXED; licensed/mainstream service	keiyoushi:DreComi+
ebook.tongli.com.tw	review	mixed	maintainer label MIXED; licensed/mainstream service	keiyoushi:Tongli
ebookjapan.yahoo.co.jp	review	mixed	maintainer label MIXED; licensed/mainstream service	keiyoushi:eBookJapan
ebookstore.sony.jp	review	mixed	maintainer label MIXED; licensed/mainstream service	keiyoushi:Reader_Store
faust-web.com	review	mixed	maintainer label MIXED; licensed/mainstream service	keiyoushi:Faust
g-comi.jp	review	mixed	maintainer label MIXED; licensed/mainstream service	keiyoushi:G-Comi
globalcomix.com	review	mixed	maintainer label MIXED; licensed/mainstream service	keiyoushi:GlobalComix
gorakuweb.com	review	mixed	maintainer label MIXED; licensed/mainstream service	keiyoushi:Goraku_Web
jumptoon.com	review	mixed	maintainer label MIXED; licensed/mainstream service	keiyoushi:Jump_Toon
kirapo.jp	review	mixed	maintainer label MIXED; licensed/mainstream service	keiyoushi:Kiraboshi
kodansha.us	review	mixed	maintainer label MIXED; licensed/mainstream service	keiyoushi:Kodansha
kuragebunch.com	review	mixed	maintainer label MIXED; licensed/mainstream service	keiyoushi:Kurage_Bunch
m.ac.qq.com	review	mixed	maintainer label MIXED; licensed/mainstream service	keiyoushi:Tencent_Comics_(ac.qq.com)
manga.fod.fujitv.co.jp	review	mixed	maintainer label MIXED; licensed/mainstream service	keiyoushi:FOD
manga.line.me	review	mixed	maintainer label MIXED; licensed/mainstream service	keiyoushi:Line_Manga
mangaspa.nikkan-spa.jp	review	mixed	maintainer label MIXED; licensed/mainstream service	keiyoushi:Manga_SPA
mechacomi.jp	review	mixed	maintainer label MIXED; licensed/mainstream service	keiyoushi:Manga_Saison
mechacomic.jp	review	mixed	maintainer label MIXED; licensed/mainstream service	keiyoushi:Mecha_Comic
music-book.jp	review	mixed	maintainer label MIXED; licensed/mainstream service	keiyoushi:Music_Book_Japan
namicomic.jp	review	mixed	maintainer label MIXED; licensed/mainstream service	keiyoushi:Nami_Comic
piacomic.jp	review	mixed	maintainer label MIXED; licensed/mainstream service	keiyoushi:PiaComic
piccoma.com	review	mixed	maintainer label MIXED; licensed/mainstream service	keiyoushi:Piccoma
sokuyomi.jp	review	mixed	maintainer label MIXED; licensed/mainstream service	keiyoushi:Sokuyomi
video.unext.jp	review	mixed	maintainer label MIXED; licensed/mainstream service	keiyoushi:U-NEXT
webcomic.ohtabooks.com	review	mixed	maintainer label MIXED; licensed/mainstream service	keiyoushi:Ohta_Web_Comic
www.alphapolis.co.jp	review	mixed	maintainer label MIXED; licensed/mainstream service	keiyoushi:Alphapolis
www.cmoa.jp	review	mixed	maintainer label MIXED; licensed/mainstream service	keiyoushi:C'moA
www.comico.jp	review	mixed	maintainer label MIXED; licensed/mainstream service	keiyoushi:Comico
www.deviantart.com	review	mixed	maintainer label MIXED; licensed/mainstream service	keiyoushi:DeviantArt
www.newgrounds.com	review	nsfw	mainstream art/animation platform; adult content behind a per-account filter	yuzono-anime:Aniyomi:_Newgrounds
www.sunday-webry.com	review	mixed	maintainer label MIXED; licensed/mainstream service	keiyoushi:Sunday_Web_Every
www.tappytoon.com	review	mixed	maintainer label MIXED; licensed/mainstream service	keiyoushi:Tappytoon
www.theduckwebcomics.com	review	mixed	maintainer label MIXED; licensed/mainstream service	keiyoushi:The_Duck_Webcomics
younganimal.com	review	mixed	maintainer label MIXED; licensed/mainstream service	keiyoushi:Young_Animal
youngchampion.jp	review	mixed	maintainer label MIXED; licensed/mainstream service	keiyoushi:Young_Champion
zebrack-comic.shueisha.co.jp	review	mixed	maintainer label MIXED; licensed/mainstream service	keiyoushi:Zebrack
anime-sama.to	general	safe	anime streaming: ecchi is allowed, only hentai/explicit content is blocked (owner rule 2026-10-03). Was: maintainer label SAFE; verified labels: ecchi,mature	keiyoushi:AnimeSama mangayomi-anime:Anime-Sama yuzono-anime:Aniyomi:_Anime-Sama
animebalkan.org	general	safe	anime streaming: ecchi is allowed, only hentai/explicit content is blocked (owner rule 2026-10-03). Was: maintainer label SAFE; verified labels: ecchi	yuzono-anime:Aniyomi:_AnimeBalkan
animeindo.skin	general	safe	anime streaming: ecchi is allowed, only hentai/explicit content is blocked (owner rule 2026-10-03). Was: maintainer label SAFE; verified labels: ecchi	yuzono-anime:Aniyomi:_AnimeIndo
animeparadise.moe	general	safe	anime streaming: ecchi is allowed, only hentai/explicit content is blocked (owner rule 2026-10-03). Was: maintainer label SAFE; verified labels: ecchi	mallyd:AnimeParadise
animetosho.xyz	general	safe	general-purpose piracy (movie/TV streaming or torrent index); not blocked for incidental NSFW (owner rule 2026-10-02). Was: new domain of AnimeTosho (animetosho.org is in sites.tsv: ecchi)	hayase-multi:AnimeTosho_MultiSub_(New) hayase:AnimeTosho_(New)
asyaanimeleri.top	general	safe	anime streaming: ecchi is allowed, only hentai/explicit content is blocked (owner rule 2026-10-03). Was: maintainer label SAFE; verified labels: ecchi	yuzono-anime:Aniyomi:_AsyaAnimeleri
justanime.to	general	safe	anime streaming: ecchi is allowed, only hentai/explicit content is blocked (owner rule 2026-10-03). Was: maintainer label SAFE; verified labels: ecchi	mallyd:JustAnime
mapple.fun	general	nsfw	general-purpose piracy (movie/TV streaming or torrent index); not blocked for incidental NSFW (owner rule 2026-10-02). Was: maintainer label NSFW	yuzono-anime:Aniyomi:_Mapple
megaflix.co	general	nsfw	general-purpose piracy (movie/TV streaming or torrent index); not blocked for incidental NSFW (owner rule 2026-10-02). Was: maintainer label NSFW	cursedyomi:Aniyomi:_Megaflix
moviewala.tv	general	nsfw	general-purpose piracy (movie/TV streaming or torrent index); not blocked for incidental NSFW (owner rule 2026-10-02). Was: maintainer label NSFW	salmanbappi:Aniyomi:_Moviewala
pinoymoviepedia.ru	general	nsfw	general-purpose piracy (movie/TV streaming or torrent index); not blocked for incidental NSFW (owner rule 2026-10-02). Was: maintainer label NSFW	yuzono-anime:Aniyomi:_PinoyMoviePedia
pobreflix4.art	general	nsfw	general-purpose piracy (movie/TV streaming or torrent index); not blocked for incidental NSFW (owner rule 2026-10-02). Was: maintainer label NSFW	cursedyomi:Aniyomi:_Pobreflix
toonhub4u.co	general	safe	general-purpose piracy (movie/TV streaming or torrent index); not blocked for incidental NSFW (owner rule 2026-10-02). Was: maintainer label SAFE; verified labels: 18+,ecchi,hentai	salmanbappi:Aniyomi:_Toonhub4u
verani.me	general	safe	anime streaming: ecchi is allowed, only hentai/explicit content is blocked (owner rule 2026-10-03). Was: maintainer label SAFE; verified labels: ecchi	yuzono-anime:Aniyomi:_VerAni.me
vizertv.in	general	nsfw	general-purpose piracy (movie/TV streaming or torrent index); not blocked for incidental NSFW (owner rule 2026-10-02). Was: maintainer label NSFW	cursedyomi:Aniyomi:_Vizer.tv
ww1.mhdflix.com	general	safe	general-purpose piracy (movie/TV streaming or torrent index); not blocked for incidental NSFW (owner rule 2026-10-02). Was: maintainer label SAFE; verified labels: ecchi,hentai	yuzono-anime:Aniyomi:_MhdFlix
www.animesaga.net	general	safe	anime streaming: ecchi is allowed, only hentai/explicit content is blocked (owner rule 2026-10-03). Was: maintainer label SAFE; verified labels: 18+	salmanbappi:Aniyomi:_AnimeSaga
www.animostream.xyz	general	safe	anime streaming: ecchi is allowed, only hentai/explicit content is blocked (owner rule 2026-10-03). Was: maintainer label SAFE; verified labels: ecchi	salmanbappi:Aniyomi:_Animostream
www.az-animex.com	general	safe	anime streaming: ecchi is allowed, only hentai/explicit content is blocked (owner rule 2026-10-03). Was: maintainer label SAFE; verified labels: ecchi	yuzono-anime:Aniyomi:_az-animex
www.desidubanime.me	general	safe	anime streaming: ecchi is allowed, only hentai/explicit content is blocked (owner rule 2026-10-03). Was: maintainer label SAFE; verified labels: adult,ecchi	salmanbappi:Aniyomi:_DesiDubAnime
www.hdfilmcehennemi.nl	general	nsfw	general-purpose piracy (movie/TV streaming or torrent index); not blocked for incidental NSFW (owner rule 2026-10-02). Was: maintainer label NSFW	cursedyomi:Aniyomi:_HDFilmCehennemi yuzono-anime:Aniyomi:_HDFilmCehennemi
www.mundodonghua.com	general	safe	anime streaming: ecchi is allowed, only hentai/explicit content is blocked (owner rule 2026-10-03). Was: maintainer label SAFE; verified labels: ecchi	yuzono-anime:Aniyomi:_MundoDonghua
www.wcoforever.net	general	safe	general-purpose piracy (movie/TV streaming or torrent index); not blocked for incidental NSFW (owner rule 2026-10-02). Was: maintainer label SAFE; verified labels: ecchi,erotica	yuzono-anime:Aniyomi:_WcoForever
yomovies.town	general	nsfw	general-purpose piracy (movie/TV streaming or torrent index); not blocked for incidental NSFW (owner rule 2026-10-02). Was: maintainer label NSFW	yuzono-anime:Aniyomi:_YoMovies
elftoon.net	unreviewed	safe	maintainer label SAFE; not checked	keiyoushi:Elf_Toon
mangaeclipse.com	unreviewed	safe	maintainer label SAFE; not checked	keiyoushi:Manga_Eclipse
shinobiscans.com	unreviewed	safe	maintainer label SAFE; not checked	keiyoushi:Shinobi_Scans
v5.voratoon.com	unreviewed	safe	maintainer label SAFE; not checked	keiyoushi:VoraToon
www.flash-manga.net	unreviewed	safe	maintainer label SAFE; not checked	keiyoushi:Flash-Manga
01.apkomik.com	safe	safe	maintainer label SAFE; Cloudflare challenge, not checked	keiyoushi:APKOMIK
01.komiku.asia	safe	safe	maintainer label SAFE; no ecchi/explicit labels found	keiyoushi:Komiku.com
01.komikzoid.id	safe	safe	maintainer label SAFE; Cloudflare challenge, not checked	keiyoushi:Komikzoid
01.sektekomik.id	safe	safe	maintainer label SAFE; Cloudflare challenge, not checked	keiyoushi:Sekte_Komik
03.lumosgg.com	safe	safe	maintainer label SAFE; no ecchi/explicit labels found	keiyoushi:LumosKomik
08.ikiru.wtf	safe	safe	maintainer label SAFE; unreachable, not checked	keiyoushi:Ikiru
1.selfmanga.live	safe	safe	maintainer label SAFE; no ecchi/explicit labels found	keiyoushi:SelfManga
11.shinigami.asia	safe	safe	maintainer label SAFE; Cloudflare challenge, not checked	keiyoushi:Shinigami
1anime.app	safe	safe	maintainer label SAFE; no ecchi/explicit labels found	mallyd:1Anime
1punchman.com	safe	safe	maintainer label SAFE; no ecchi/explicit labels found	keiyoushi:One_Punch_Man_Online
1stkissmanga.org	safe	safe	maintainer label SAFE; not resolving at router, not checked	mangayomi-manga:1st_Kiss-Manga_(unoriginal)
360zy.com	safe	safe	maintainer label SAFE; no ecchi/explicit labels found	mangayomi-anime:360资源
4khdhub.one	safe	safe	maintainer label SAFE; no ecchi/explicit labels found	salmanbappi:Aniyomi:_4KHDHub
9animetv.to	safe	safe	maintainer label SAFE; unreachable, not checked	mangayomi-anime:9AnimeTv
9grid.cc	safe	safe	maintainer label SAFE; no ecchi/explicit labels found	keiyoushi:NineGrid
a.zazaza.me	safe	safe	maintainer label SAFE; no ecchi/explicit labels found	keiyoushi:ReadManga
akaicomic.org	safe	safe	maintainer label SAFE; not resolving at router, not checked	keiyoushi:Akai_Comic
akazascans.org	safe	safe	maintainer label SAFE; no ecchi/explicit labels found	keiyoushi:Akaza_Scans
akumanotenshi.com	safe	safe	maintainer label SAFE; not resolving at router, not checked	mangayomi-manga:Akuma_no_Tenshi
alandal.com	safe	safe	maintainer label SAFE; no ecchi/explicit labels found	keiyoushi:Alandal
allanime.to	safe	safe	maintainer label SAFE; unreachable, not checked	mangayomi-manga:AllAnime
alonescanlator.com.br	safe	safe	maintainer label SAFE; unreachable, not checked	mangayomi-manga:Alone_Scanlator
alucardscans.com	safe	safe	maintainer label SAFE; unreachable, not checked	keiyoushi:Alucard_Scans
amaderftp.net	safe	safe	maintainer label SAFE; unreachable, not checked	salmanbappi:Aniyomi:_Amader_FTP
anichan.net	safe	safe	maintainer label SAFE; unreachable, not checked	salmanbappi:Aniyomi:_AniChan
anidong.net	safe	safe	maintainer label SAFE; no ecchi/explicit labels found	cursedyomi:Aniyomi:_AniDong
anime-stream.to	safe	safe	maintainer label SAFE; no ecchi/explicit labels found	yuzono-anime:Aniyomi:_Anime-Stream
anime-world.co	safe	safe	maintainer label SAFE; unreachable, not checked	yuzono-anime:Aniyomi:_AnimeWorld_India
anime-world.in	safe	safe	maintainer label SAFE; no ecchi/explicit labels found	mangayomi-anime:AnimeWorld_India
anime.tiodonghua.com	safe	safe	maintainer label SAFE; not resolving at router, not checked	yuzono-anime:Aniyomi:_Tiodonghua.com
anime.xifanacg.com	safe	safe	maintainer label SAFE; no ecchi/explicit labels found	yuzono-anime:Aniyomi:_Xfani
+anime1.me	safe	safe	maintainer label SAFE; already in Hagezi NSFW	yuzono-anime:Aniyomi:_Anime1.me
animeav1.com	safe	safe	maintainer label SAFE; no ecchi/explicit labels found	yuzono-anime:Aniyomi:_AnimeAv1
animeblkom.net	safe	safe	maintainer label SAFE; Cloudflare challenge, not checked	yuzono-anime:Aniyomi:_Anime_Blkom
animecore.net	safe	safe	maintainer label SAFE; not resolving at router, not checked	yuzono-anime:Aniyomi:_AnimeCore
animefire.io	safe	safe	maintainer label SAFE; unreachable, not checked	yuzono-anime:Aniyomi:_Anime_Fire
animefire.plus	safe	safe	maintainer label SAFE; unreachable, not checked	cursedyomi:Aniyomi:_Anime_Fire
animego.studio	safe	safe	maintainer label SAFE; no ecchi/explicit labels found	yuzono-anime:Aniyomi:_AnimeGO.studio
animelek.me	safe	safe	maintainer label SAFE; unreachable, not checked	yuzono-anime:Aniyomi:_AnimeLek
animemeow.xyz	safe	safe	maintainer label SAFE; no ecchi/explicit labels found	yuzono-anime:Aniyomi:_AnimeMovil
animenix.com	safe	safe	maintainer label SAFE; unreachable, not checked	yuzono-anime:Aniyomi:_Animenix
animes.vision	safe	safe	maintainer label SAFE; no ecchi/explicit labels found	mangayomi-anime:AnimesVision
animesaturn.net	safe	safe	maintainer label SAFE; no ecchi/explicit labels found	yuzono-anime:Aniyomi:_Anime_Saturn
animesdigital.org	safe	safe	maintainer label SAFE; no ecchi/explicit labels found	cursedyomi:Aniyomi:_Animes_Digital yuzono-anime:Aniyomi:_Animes_Digital
animesgames.cc	safe	safe	maintainer label SAFE; not resolving at router, not checked	cursedyomi:Aniyomi:_Animes_Games
animesonline.io	safe	safe	maintainer label SAFE; unreachable, not checked	yuzono-anime:Aniyomi:_AnimeIto
animevost.org	safe	safe	maintainer label SAFE; no ecchi/explicit labels found	yuzono-anime:Aniyomi:_Animevost
animevostfr.tv	safe	safe	maintainer label SAFE; unreachable, not checked	yuzono-anime:Aniyomi:_AnimeVostFr
+animeyt.es	safe	safe	maintainer label SAFE; already in Hagezi NSFW	yuzono-anime:Aniyomi:_AnimeYT.es
anineko.to	safe	safe	maintainer label SAFE; no ecchi/explicit labels found	salmanbappi:Aniyomi:_AniNeko yuzono-anime:Aniyomi:_AniNeko
aniplay.co	safe	safe	maintainer label SAFE; unreachable, not checked	yuzono-anime:Aniyomi:_AniPlay
anitaku.to	safe	safe	maintainer label SAFE; unreachable, not checked	mangayomi-anime:Gogoanime
anitummy.cc	safe	safe	maintainer label SAFE; no ecchi/explicit labels found	salmanbappi:Aniyomi:_Anitummy
anivix.cc	safe	safe	maintainer label SAFE; unreachable, not checked	salmanbappi:Aniyomi:_Anivix
aniwatchtv.to	safe	safe	maintainer label SAFE; no ecchi/explicit labels found	mangayomi-anime:AniWatchTV
aniweek.com	safe	safe	maintainer label SAFE; unreachable, not checked	yuzono-anime:Aniyomi:_Aniweek
anizm.net	safe	safe	maintainer label SAFE; Cloudflare challenge, not checked	cursedyomi:Aniyomi:_Anizm yuzono-anime:Aniyomi:_Anizm
annas-archive.li	safe	safe	maintainer label SAFE; not resolving at router, not checked	mangayomi-novel:Annas_Archive
apenasuma-fa.blogspot.com	safe	safe	maintainer label SAFE; no ecchi/explicit labels found	keiyoushi:Apenas_Uma_Fã
api.animeiat.co	safe	safe	maintainer label SAFE; not resolving at router, not checked	yuzono-anime:Aniyomi:_Animeiat
api.anisearch.org	safe	safe	maintainer label SAFE; no ecchi/explicit labels found	hayase:AniSearch
api.hlowb.com	safe	safe	maintainer label SAFE; unreachable, not checked	salmanbappi:Castle_TV
api.torbox.app	safe	safe	maintainer label SAFE; no ecchi/explicit labels found	yuzono-anime:Aniyomi:_Torbox
api3.devcorp.me	safe	safe	maintainer label SAFE; unreachable, not checked	salmanbappi:Aniyomi:_OneTouch_TV
apkomik.cc	safe	safe	maintainer label SAFE; Cloudflare challenge, not checked	mangayomi-manga:APKOMIK
app.strem.io	safe	safe	maintainer label SAFE; no ecchi/explicit labels found	yuzono-anime:Aniyomi:_Stremio
appcn.baozimh.com	safe	safe	maintainer label SAFE; no ecchi/explicit labels found	keiyoushi:Baozi_Manhua
appgb.baozimh.com	safe	safe	maintainer label SAFE; no ecchi/explicit labels found	keiyoushi:Baozi_Manhua
ar-thunderepic.com	safe	safe	maintainer label SAFE; not resolving at router, not checked	mangayomi-manga:Thunder_Scans
ar.areascans.org	safe	safe	maintainer label SAFE; Cloudflare challenge, not checked	mangayomi-manga:Area_Scans
ar.kenmanga.com	safe	safe	maintainer label SAFE; Cloudflare challenge, not checked	keiyoushi:Area_Manga mangayomi-manga:أريا_مانجا
aralosbd.fr	safe	safe	maintainer label SAFE; no ecchi/explicit labels found	keiyoushi:AralosBD
araznovel.com	safe	safe	maintainer label SAFE; no ecchi/explicit labels found	mangayomi-manga:ArazNovel
arc-relight.com	safe	safe	maintainer label SAFE; no ecchi/explicit labels found	keiyoushi:Arc-Relight
arcomixverse.blogspot.com	safe	safe	maintainer label SAFE; no ecchi/explicit labels found	keiyoushi:Comic_Verse
argoscomics.online	safe	safe	maintainer label SAFE; unreachable, not checked	keiyoushi:Argos_Scan
ariatoon.com	safe	safe	maintainer label SAFE; no ecchi/explicit labels found	keiyoushi:AriaToon
arthurscan.xyz	safe	safe	maintainer label SAFE; no ecchi/explicit labels found	keiyoushi:Arthur_Scan mangayomi-manga:Arthur_Scan
asacomi.jp	safe	safe	maintainer label SAFE; no ecchi/explicit labels found	keiyoushi:Asacomi
asialiveaction.com	safe	safe	maintainer label SAFE; Cloudflare challenge, not checked	yuzono-anime:Aniyomi:_AsiaLiveAction
asmotoon.com	safe	safe	maintainer label SAFE; unreachable, not checked	keiyoushi:Asmodeus_Scans
assortedscans.com	safe	safe	maintainer label SAFE; no ecchi/explicit labels found	keiyoushi:Assorted_Scans
asterscans.com	safe	safe	maintainer label SAFE; no ecchi/explicit labels found	keiyoushi:Aster_Scans
astral-manga.fr	safe	safe	maintainer label SAFE; Cloudflare challenge, not checked	keiyoushi:Astral-Manga mangayomi-manga:AstralManga
astramanga.org	safe	safe	maintainer label SAFE; no ecchi/explicit labels found	keiyoushi:AstraManga
asurascans.com.tr	safe	safe	maintainer label SAFE; not resolving at router, not checked	keiyoushi:Asura_Scans_TR
asurascans.us	safe	safe	maintainer label SAFE; unreachable, not checked	mangayomi-manga:Asura_Scans.us_(unoriginal)
asyaanimeleri.com	safe	safe	maintainer label SAFE; unreachable, not checked	cursedyomi:Aniyomi:_AsyaAnimeleri
athenamanga.com	safe	safe	maintainer label SAFE; no ecchi/explicit labels found	mangayomi-manga:Athena_Manga
azorafly.com	safe	safe	maintainer label SAFE; no ecchi/explicit labels found	keiyoushi:Azora
azoramoon.com	safe	safe	maintainer label SAFE; no ecchi/explicit labels found	mangayomi-manga:Azora
azuremanga.com	safe	safe	maintainer label SAFE; no ecchi/explicit labels found	mangayomi-manga:Azure_Scans
bacakomik.my	safe	safe	maintainer label SAFE; unreachable, not checked	keiyoushi:BacaKomik
bakashi.tv	safe	safe	maintainer label SAFE; no ecchi/explicit labels found	cursedyomi:Aniyomi:_Bakashi
bakkin.moe	safe	safe	maintainer label SAFE; no ecchi/explicit labels found	keiyoushi:Bakkin
batcave.biz	safe	safe	maintainer label SAFE; unreachable, not checked	keiyoushi:BatCave
+bato.to	safe	safe	maintainer label SAFE; already in Hagezi NSFW	mangayomi-manga:Batoto_(v2)
bestmanga.club	safe	safe	maintainer label SAFE; unreachable, not checked	mangayomi-manga:BestManga
beta.toonbr.com	safe	safe	maintainer label SAFE; no ecchi/explicit labels found	keiyoushi:ToonBr
betteranime.io	safe	safe	maintainer label SAFE; no ecchi/explicit labels found	yuzono-anime:Aniyomi:_BetterAnimeIo
betteranime.net	safe	safe	maintainer label SAFE; unreachable, not checked	cursedyomi:Aniyomi:_Better_Anime
betterclass.click	safe	safe	maintainer label SAFE; unreachable, not checked	yuzono-anime:Aniyomi:_Fun_Anime_TV
bibibi-comic.com	safe	safe	maintainer label SAFE; no ecchi/explicit labels found	keiyoushi:Bibibi_Comic
bigsolo.org	safe	safe	maintainer label SAFE; no ecchi/explicit labels found	keiyoushi:BigSolo
bladetoons.com	safe	safe	maintainer label SAFE; unreachable, not checked	keiyoushi:Bladetoons
blog.manhuaonline.org	safe	safe	maintainer label SAFE; no ecchi/explicit labels found	mangayomi-manga:Manhua_Online
blossom-scans.com	safe	safe	maintainer label SAFE; unreachable, not checked	keiyoushi:Blossom_Scans
bluesolo.org	safe	safe	maintainer label SAFE; no ecchi/explicit labels found	keiyoushi:Blue_Solo
bokugents.com	safe	safe	maintainer label SAFE; Cloudflare challenge, not checked	keiyoushi:BokugenTranslation mangayomi-manga:BokugenTranslation
bookreadfree.com	safe	safe	maintainer label SAFE; no ecchi/explicit labels found	mangayomi-novel:bookReadFree
boratscans.com	safe	safe	maintainer label SAFE; Cloudflare challenge, not checked	keiyoushi:Borat_Scans
brainrotcomics.com	safe	safe	maintainer label SAFE; Cloudflare challenge, not checked	keiyoushi:BrainRotComics
bud.m.iqiyi.com	safe	safe	maintainer label SAFE; no ecchi/explicit labels found	keiyoushi:Iqiyi
bunmanga.com	safe	safe	maintainer label SAFE; no ecchi/explicit labels found	keiyoushi:Bun_Manga
caprazmanga.com	safe	safe	maintainer label SAFE; unreachable, not checked	keiyoushi:ÇaprazManga
carteldemanhwas.com	safe	safe	maintainer label SAFE; no ecchi/explicit labels found	mangayomi-manga:Cartel_de_Manhwas
ccc.vinnieveritas.com	safe	safe	maintainer label SAFE; no ecchi/explicit labels found	keiyoushi:Vinne_Veritas_-_CCC
cdn.dribbble.com	safe	nsfw	design-site CDN picked up from an extension icon URL; not a source	salmanbappi:Aniyomi:_Anikura salmanbappi:Aniyomi:_Miruro.tv
cdn.nagordola.com.bd	safe	safe	maintainer label SAFE; unreachable, not checked	salmanbappi:Aniyomi:_Nagordola
championcross.jp	safe	safe	maintainer label SAFE; no ecchi/explicit labels found	keiyoushi:Champion_Cross
chaostrad.fr	safe	safe	maintainer label SAFE; no ecchi/explicit labels found	keiyoushi:ChaosTrad
ciao.shogakukan.co.jp	safe	safe	maintainer label SAFE; no ecchi/explicit labels found	keiyoushi:Ciao_Plus
cine24h.online	safe	safe	maintainer label SAFE; Cloudflare challenge, not checked	yuzono-anime:Aniyomi:_Cine24h
cinejoy.pk	safe	safe	maintainer label SAFE; no ecchi/explicit labels found	salmanbappi:Aniyomi:_Cinejoy
cinemacity.cc	safe	safe	maintainer label SAFE; Cloudflare challenge, not checked	salmanbappi:Aniyomi:_CinemaCity
cineplexbd.net	safe	safe	maintainer label SAFE; unreachable, not checked	salmanbappi:Aniyomi:_Cineplexbd
cineplus123.org	safe	safe	maintainer label SAFE; no ecchi/explicit labels found	yuzono-anime:Aniyomi:_Cineplus123
clowncorps.net	safe	safe	maintainer label SAFE; no ecchi/explicit labels found	keiyoushi:Clown_Corps
+cmangax18.com	safe	safe	maintainer label SAFE; already in Hagezi NSFW	keiyoushi:CManga
cn.baozimh.com	safe	safe	maintainer label SAFE; unreachable, not checked	keiyoushi:Baozi_Manhua
cn.dinnerku.com	safe	safe	maintainer label SAFE; no ecchi/explicit labels found	keiyoushi:Baozi_Manhua
cn.kukuc.co	safe	safe	maintainer label SAFE; no ecchi/explicit labels found	keiyoushi:Baozi_Manhua
cn.twmanga.com	safe	safe	maintainer label SAFE; no ecchi/explicit labels found	keiyoushi:Baozi_Manhua
cn.webmota.com	safe	safe	maintainer label SAFE; no ecchi/explicit labels found	keiyoushi:Baozi_Manhua
cocorip.net	safe	safe	maintainer label SAFE; unreachable, not checked	mangayomi-manga:Coco_Rip
colorizedmangas.com	safe	safe	maintainer label SAFE; no ecchi/explicit labels found	keiyoushi:Colorized_Mangas
com-x.life	safe	safe	maintainer label SAFE; unreachable, not checked	keiyoushi:Com-X
comic-boost.com	safe	safe	maintainer label SAFE; no ecchi/explicit labels found	keiyoushi:Comic_Boost
comic-days.com	safe	safe	maintainer label SAFE; no ecchi/explicit labels found	keiyoushi:Comic_Days
comic-earthstar.com	safe	safe	maintainer label SAFE; no ecchi/explicit labels found	keiyoushi:Comic_Earth_Star
comic-gardo.com	safe	safe	maintainer label SAFE; no ecchi/explicit labels found	keiyoushi:Comic_Gardo
comic-growl.com	safe	safe	maintainer label SAFE; no ecchi/explicit labels found	keiyoushi:Comic_Growl
comic-room-base.com	safe	safe	maintainer label SAFE; no ecchi/explicit labels found	keiyoushi:Comic_Room_Base
comic-y-ours.com	safe	safe	maintainer label SAFE; no ecchi/explicit labels found	keiyoushi:Comic_Y-OURs
comic-zenon.com	safe	safe	maintainer label SAFE; no ecchi/explicit labels found	keiyoushi:Zenon
comic.bh3.com	safe	safe	maintainer label SAFE; unreachable, not checked	keiyoushi:BH3
comic.hypergryph.com	safe	safe	maintainer label SAFE; no ecchi/explicit labels found	keiyoushi:Terra_Historicus
comic.j-nbooks.jp	safe	safe	maintainer label SAFE; no ecchi/explicit labels found	keiyoushi:J-N_Books
comic.naver.com	safe	safe	maintainer label SAFE; no ecchi/explicit labels found	keiyoushi:Naver_Comic
comicaso.com	safe	safe	maintainer label SAFE; no ecchi/explicit labels found	mangayomi-manga:Comicaso
comicaurora.com	safe	safe	maintainer label SAFE; no ecchi/explicit labels found	keiyoushi:aurora
comicborder.com	safe	safe	maintainer label SAFE; no ecchi/explicit labels found	keiyoushi:Comic_Border
comichubfree.com	safe	safe	maintainer label SAFE; no ecchi/explicit labels found	keiyoushi:ComicHubFree
comicpash.jp	safe	safe	maintainer label SAFE; no ecchi/explicit labels found	keiyoushi:Comic_Pash
comicride.jp	safe	safe	maintainer label SAFE; no ecchi/explicit labels found	keiyoushi:Comic_Ride
comics.manga-bang.com	safe	safe	maintainer label SAFE; no ecchi/explicit labels found	keiyoushi:MangaBang_Comics
comirela.com	safe	safe	maintainer label SAFE; no ecchi/explicit labels found	keiyoushi:Comirela
comivex.com	safe	safe	maintainer label SAFE; no ecchi/explicit labels found	keiyoushi:Comivex
cosmicscans.com	safe	safe	maintainer label SAFE; unreachable, not checked	mangayomi-manga:Cosmic_Scans
cosmicscans.id	safe	safe	maintainer label SAFE; unreachable, not checked	mangayomi-manga:CosmicScans.id
crystalcomics.com	safe	safe	maintainer label SAFE; unreachable, not checked	mangayomi-manga:Crystal_Comics
cycomi.com	safe	safe	maintainer label SAFE; no ecchi/explicit labels found	keiyoushi:CyComi
dailysuka.com	safe	safe	maintainer label SAFE; unreachable, not checked	keiyoushi:DailySuka
daprob.com	safe	safe	maintainer label SAFE; no ecchi/explicit labels found	mangayomi-manga:DapRob
darkmahou.org	safe	safe	maintainer label SAFE; unreachable, not checked	yuzono-anime:Aniyomi:_DarkMahou
datgarscanlation.blogspot.com	safe	safe	maintainer label SAFE; no ecchi/explicit labels found	keiyoushi:Dat-Gar_Scan
dbook.docomo.ne.jp	safe	safe	maintainer label SAFE; no ecchi/explicit labels found	keiyoushi:Docomo
ddt.hastateam.com	safe	safe	maintainer label SAFE; unreachable, not checked	keiyoushi:DDT_Team
despair-manga.net	safe	safe	maintainer label SAFE; no ecchi/explicit labels found	keiyoushi:Despair_Manga
desu-online.pl	safe	safe	maintainer label SAFE; no ecchi/explicit labels found	yuzono-anime:Aniyomi:_desu-online
detodopeliculas.nu	safe	safe	maintainer label SAFE; unreachable, not checked	yuzono-anime:Aniyomi:_DeTodoPeliculas
dflix.discoveryftp.net	safe	safe	maintainer label SAFE; not resolving at router, not checked	salmanbappi:Aniyomi:_Dflix salmanbappi:Aniyomi:_Dflix_backup
dflow.alwaysdata.net	safe	safe	maintainer label SAFE; unreachable, not checked	keiyoushi:DFlowScans
dgtread.com	safe	safe	maintainer label SAFE; not resolving at router, not checked	keiyoushi:DigitalTeam
digitalcomicmuseum.com	safe	safe	maintainer label SAFE; Cloudflare challenge, not checked	keiyoushi:Digital_Comic_Museum
dilar.tube	safe	safe	maintainer label SAFE; no ecchi/explicit labels found	keiyoushi:Dilar
dilib.vn	safe	safe	maintainer label SAFE; no ecchi/explicit labels found	keiyoushi:Dilib
diskusscan.com	safe	safe	maintainer label SAFE; unreachable, not checked	mangayomi-manga:Diskus_Scan
diziwatch.net	safe	safe	maintainer label SAFE; not resolving at router, not checked	mangayomi-anime:diziWatch
donghuanosekai.com	safe	safe	maintainer label SAFE; no ecchi/explicit labels found	cursedyomi:Aniyomi:_Donghua_no_Sekai yuzono-anime:Aniyomi:_Donghua_no_Sekai
dopebox.to	safe	safe	maintainer label SAFE; not resolving at router, not checked	mangayomi-anime:DopeBox
doramasflix.in	safe	safe	maintainer label SAFE; no ecchi/explicit labels found	yuzono-anime:Aniyomi:_Doramasflix
doramogo.com	safe	safe	maintainer label SAFE; no ecchi/explicit labels found	cursedyomi:Aniyomi:_Doramogo yuzono-anime:Aniyomi:_Doramogo
dragontea.ink	safe	safe	maintainer label SAFE; unreachable, not checked	keiyoushi:DragonTea mangayomi-manga:DragonTea
drakecomic.net	safe	safe	maintainer label SAFE; no ecchi/explicit labels found	keiyoushi:Drake_Scans
dresdencodak.com	safe	safe	maintainer label SAFE; no ecchi/explicit labels found	keiyoushi:Dark_Science
drive.google.com	safe	safe	maintainer label SAFE; no ecchi/explicit labels found	yuzono-anime:Aniyomi:_Google_Drive
dtupscan.com	safe	safe	maintainer label SAFE; unreachable, not checked	mangayomi-manga:De_Todo_Un_Poco_Scan
duniakomik.id	safe	safe	maintainer label SAFE; not resolving at router, not checked	mangayomi-manga:DuniaKomik.id
duskscans.com	safe	safe	maintainer label SAFE; unreachable, not checked	keiyoushi:Dusk_Scans
egydead.space	safe	safe	maintainer label SAFE; false positive: genre URL redirected to a series titled "Adults"	yuzono-anime:Aniyomi:_Egy_Dead
elan.school	safe	safe	maintainer label SAFE; no ecchi/explicit labels found	keiyoushi:Elan_School
+eldermanga.com	safe	safe	maintainer label SAFE; already in Hagezi NSFW	keiyoushi:Elder_Manga
elftoon.com	safe	safe	maintainer label SAFE; no ecchi/explicit labels found	keiyoushi:Elf_Toon
emperorscan.mundoalterno.org	safe	safe	maintainer label SAFE; unreachable, not checked	mangayomi-manga:Emperor_Scan
empire-stream.net	safe	safe	maintainer label SAFE; unreachable, not checked	yuzono-anime:Aniyomi:_EmpireStreaming
en-hijala.com	safe	safe	maintainer label SAFE; no ecchi/explicit labels found	keiyoushi:Hijala_Scans
enchiladascan.github.io	safe	safe	maintainer label SAFE; unreachable, not checked	keiyoushi:EnchiladaScan
epsilonsoft.to	safe	safe	maintainer label SAFE; Cloudflare challenge, not checked	keiyoushi:Soft_Epsilon_Scan
es.mangacrab.org	safe	safe	maintainer label SAFE; unreachable, not checked	keiyoushi:Manga_Crab
es.xkcd.com	safe	safe	maintainer label SAFE; no ecchi/explicit labels found	keiyoushi:xkcd
eshadow.net	safe	safe	maintainer label SAFE; no ecchi/explicit labels found	keiyoushi:EShadow
estrenosdoramas.es	safe	safe	maintainer label SAFE; no ecchi/explicit labels found	yuzono-anime:Aniyomi:_EstrenosDoramas
evascans.com	safe	safe	maintainer label SAFE; no ecchi/explicit labels found	mangayomi-manga:EvaScans
example.invalid	safe	safe	maintainer label SAFE; not resolving at router, not checked	mallyd:Playback_Diagnostic
existentialcomics.com	safe	safe	maintainer label SAFE; no ecchi/explicit labels found	keiyoushi:Existential_Comics
explosm.net	safe	safe	maintainer label SAFE; no ecchi/explicit labels found	keiyoushi:Cyanide_&_Happiness
ezmanga.org	safe	safe	maintainer label SAFE; no ecchi/explicit labels found	keiyoushi:EZmanga
fanpelis.la	safe	safe	maintainer label SAFE; unreachable, not checked	yuzono-anime:Aniyomi:_FanPelis
fastscan.org	safe	safe	maintainer label SAFE; Cloudflare challenge, not checked	keiyoushi:FastScan
fayscans.net	safe	safe	maintainer label SAFE; not resolving at router, not checked	mangayomi-manga:Fay_Scans
fboxtv.bz	safe	safe	maintainer label SAFE; no ecchi/explicit labels found	salmanbappi:Aniyomi:_FboxTV
ffzy.tv	safe	safe	maintainer label SAFE; no ecchi/explicit labels found	mangayomi-anime:非凡资源
filmpalast.to	safe	safe	maintainer label SAFE; no ecchi/explicit labels found	yuzono-anime:Aniyomi:_FilmPalast
firecross.jp	safe	safe	maintainer label SAFE; no ecchi/explicit labels found	keiyoushi:FireCross
flemmix.best	safe	safe	maintainer label SAFE; not resolving at router, not checked	yuzono-anime:Aniyomi:_Wiflix
flixei.com	safe	safe	maintainer label SAFE; unreachable, not checked	cursedyomi:Aniyomi:_Flixei
flixer.gd	safe	safe	maintainer label SAFE; no ecchi/explicit labels found	salmanbappi:Aniyomi:_Flixer
flixhub.net	safe	safe	maintainer label SAFE; unreachable, not checked	salmanbappi:Aniyomi:_FlixHub
flixlatam.com	safe	safe	maintainer label SAFE; no ecchi/explicit labels found	yuzono-anime:Aniyomi:_FlixLatam
flowercomics.jp	safe	safe	maintainer label SAFE; no ecchi/explicit labels found	keiyoushi:Flower_Comics
fmftp.net	safe	safe	maintainer label SAFE; unreachable, not checked	salmanbappi:Aniyomi:_FM_FTP
fmteam.fr	safe	safe	maintainer label SAFE; no ecchi/explicit labels found	keiyoushi:FMTEAM
fojik.com	safe	safe	maintainer label SAFE; no ecchi/explicit labels found	salmanbappi:Aniyomi:_Fojik
foxtruyen2.com	safe	safe	maintainer label SAFE; Cloudflare challenge, not checked	keiyoushi:FoxTruyen
french-anime.com	safe	safe	maintainer label SAFE; Cloudflare challenge, not checked	mangayomi-anime:French_Anime yuzono-anime:Aniyomi:_French_Anime
fullraces.com	safe	safe	maintainer label SAFE; no ecchi/explicit labels found	salmanbappi:Aniyomi:_Fullraces
g-mh.org	safe	safe	maintainer label SAFE; no ecchi/explicit labels found	keiyoushi:GoDa
gafeland.com	safe	safe	maintainer label SAFE; Cloudflare challenge, not checked	keiyoushi:gafeland
gaiatoon.com	safe	safe	maintainer label SAFE; no ecchi/explicit labels found	keiyoushi:Gaiatoon mangayomi-manga:Gaiatoon
gakamangas.com	safe	safe	maintainer label SAFE; no ecchi/explicit labels found	keiyoushi:GakaMangas
galinhasamurai.com	safe	safe	maintainer label SAFE; unreachable, not checked	mangayomi-manga:Galinha_Samurai_Scan
ganma.jp	safe	safe	maintainer label SAFE; no ecchi/explicit labels found	keiyoushi:GANMA!
garciamanga.com	safe	safe	maintainer label SAFE; no ecchi/explicit labels found	keiyoushi:Garcia_Manga mangayomi-manga:Garcia_Manga
gaugau.futabanet.jp	safe	safe	maintainer label SAFE; no ecchi/explicit labels found	keiyoushi:Gaugau_Monster_Plus
geceninlordu.com	safe	safe	maintainer label SAFE; not resolving at router, not checked	mangayomi-manga:Gecenin_Lordu
genztoons.org	safe	safe	maintainer label SAFE; no ecchi/explicit labels found	keiyoushi:Genz_Toons
glorymanga.com	safe	safe	maintainer label SAFE; no ecchi/explicit labels found	mangayomi-manga:Glory_Manga
gnula.life	safe	safe	maintainer label SAFE; no ecchi/explicit labels found	yuzono-anime:Aniyomi:_Gnula
goctruyentranhvui41.com	safe	safe	maintainer label SAFE; Cloudflare challenge, not checked	keiyoushi:Goc_Truyen_Tranh_Vui
gojoscans.com	safe	safe	maintainer label SAFE; unreachable, not checked	keiyoushi:Greed_Scans
golgebahcesi.com	safe	safe	maintainer label SAFE; no ecchi/explicit labels found	keiyoushi:Gölge_Bahçesi
grabber.zone	safe	safe	maintainer label SAFE; no ecchi/explicit labels found	keiyoushi:Grabber_Zone mangayomi-manga:Grabber_Zone
gremoryhistorias.org	safe	safe	maintainer label SAFE; no ecchi/explicit labels found	keiyoushi:Gremory_Mangas
gremorymangas.com	safe	safe	maintainer label SAFE; no ecchi/explicit labels found	mangayomi-manga:Gremory_Mangas
grimscans.com	safe	safe	maintainer label SAFE; no ecchi/explicit labels found	keiyoushi:Grim_Scans
guncelmanga.net	safe	safe	maintainer label SAFE; unreachable, not checked	mangayomi-manga:GuncelManga
hadesscans.com	safe	safe	maintainer label SAFE; no ecchi/explicit labels found	keiyoushi:Hades_Scans
hanayume.com	safe	safe	maintainer label SAFE; no ecchi/explicit labels found	keiyoushi:Hana_To_Yume+
harimanga.me	safe	safe	maintainer label SAFE; no ecchi/explicit labels found	mangayomi-manga:Harimanga
hattoriscans.com	safe	safe	maintainer label SAFE; Cloudflare challenge, not checked	keiyoushi:Hattori_Scans
hayacomic.jp	safe	safe	maintainer label SAFE; no ecchi/explicit labels found	keiyoushi:HAYA_Comic
hayalistic.online	safe	safe	maintainer label SAFE; Cloudflare challenge, not checked	keiyoushi:Hayalistic
hdmovix.cc	safe	safe	maintainer label SAFE; unreachable, not checked	salmanbappi:Aniyomi:_Movix
herenscan.com	safe	safe	maintainer label SAFE; not resolving at router, not checked	mangayomi-manga:HerenScan
heros-web.com	safe	safe	maintainer label SAFE; no ecchi/explicit labels found	keiyoushi:HERO'S_Web
hianime.to	safe	safe	maintainer label SAFE; unreachable, not checked	mangayomi-anime:HiAnime
hijala.com	safe	safe	maintainer label SAFE; no ecchi/explicit labels found	keiyoushi:Hijala
hikariganai.xyz	safe	safe	maintainer label SAFE; unreachable, not checked	mangayomi-manga:Hikari_Ga_Nai
+hiveworkscomics.com	safe	safe	maintainer label SAFE; already in Hagezi NSFW	keiyoushi:Hiveworks_Comics
hizomanga.net	safe	safe	maintainer label SAFE; no ecchi/explicit labels found	keiyoushi:HizoManga
hni-scantrad.net	safe	safe	maintainer label SAFE; no ecchi/explicit labels found	keiyoushi:HNI-Scantrad
holoearth.com	safe	safe	maintainer label SAFE; no ecchi/explicit labels found	keiyoushi:HOLONOMETRIA
homecine.cc	safe	safe	maintainer label SAFE; unreachable, not checked	yuzono-anime:Aniyomi:_HomeCine
housesaikai.net	safe	safe	maintainer label SAFE; unreachable, not checked	keiyoushi:Saikai_Scan
huaweiba.live	safe	safe	maintainer label SAFE; unreachable, not checked	mangayomi-anime:华为吧资源
hwago01.xyz	safe	safe	maintainer label SAFE; unreachable, not checked	mangayomi-manga:Hwago
ichicomi.com	safe	safe	maintainer label SAFE; no ecchi/explicit labels found	keiyoushi:Ichicomi
id.mgkomik.cc	safe	safe	maintainer label SAFE; Cloudflare challenge, not checked	keiyoushi:MG_Komik
imanevilgod.com	safe	safe	maintainer label SAFE; no ecchi/explicit labels found	keiyoushi:I'm_An_Evil_God
imperiodabritannia.com	safe	safe	maintainer label SAFE; not resolving at router, not checked	mangayomi-manga:Sagrado_Império_da_Britannia
imperiodabritannia.net	safe	safe	maintainer label SAFE; no ecchi/explicit labels found	keiyoushi:Sagrado_Império_da_Britannia
imperiomanhua.com	safe	safe	maintainer label SAFE; unreachable, not checked	keiyoushi:Emperor_Scan
imperioscans.com.br	safe	safe	maintainer label SAFE; not resolving at router, not checked	mangayomi-manga:Império_Scans
infrafandub.com	safe	safe	maintainer label SAFE; no ecchi/explicit labels found	keiyoushi:InfraFandub mangayomi-manga:InfraFandub
inkstory.net	safe	safe	maintainer label SAFE; no ecchi/explicit labels found	keiyoushi:InkStory
inmanga.com	safe	safe	maintainer label SAFE; no ecchi/explicit labels found	keiyoushi:InManga
insanoslibrary.com	safe	safe	maintainer label SAFE; no ecchi/explicit labels found	keiyoushi:InsanosScan
irisscanlator.com.br	safe	safe	maintainer label SAFE; not resolving at router, not checked	mangayomi-manga:Iris_Scanlator
isekaiscanmanga.com	safe	safe	maintainer label SAFE; unreachable, not checked	mangayomi-manga:IsekaiScanManga_(unoriginal)
jimanga.com	safe	safe	maintainer label SAFE; unreachable, not checked	mangayomi-manga:Jimanga
jkanime.net	safe	safe	maintainer label SAFE; Cloudflare challenge, not checked	mangayomi-anime:JKAnime yuzono-anime:Aniyomi:_Jkanime
jolleycomics.com	safe	safe	maintainer label SAFE; no ecchi/explicit labels found	keiyoushi:The_Property_of_Hate
juratempe.st	safe	safe	maintainer label SAFE; no ecchi/explicit labels found	keiyoushi:JuraTempest
jutsu.tv	safe	safe	maintainer label SAFE; no ecchi/explicit labels found	yuzono-anime:Aniyomi:_Jutsu_TV
kaido.to	safe	safe	maintainer label SAFE; unreachable, not checked	mangayomi-anime:Kaido.to
kakuseiproject.com	safe	safe	maintainer label SAFE; no ecchi/explicit labels found	mangayomi-manga:Kakusei_Project
kansai.mag-garden.co.jp	safe	safe	maintainer label SAFE; no ecchi/explicit labels found	keiyoushi:MagKan
katakomik.online	safe	safe	maintainer label SAFE; not resolving at router, not checked	mangayomi-manga:KataKomik
katanime.net	safe	safe	maintainer label SAFE; unreachable, not checked	yuzono-anime:Aniyomi:_Katanime
kawaiimanga.org	safe	safe	maintainer label SAFE; no ecchi/explicit labels found	keiyoushi:Kawii_Manga
kaynscans.com	safe	safe	maintainer label SAFE; no ecchi/explicit labels found	keiyoushi:Kayn_Scans
kewnscans.org	safe	safe	maintainer label SAFE; no ecchi/explicit labels found	keiyoushi:Kewn_Scans
killsixbilliondemons.com	safe	safe	maintainer label SAFE; no ecchi/explicit labels found	keiyoushi:Kill_Six_Billion_Demons
kimicomi.com	safe	safe	maintainer label SAFE; no ecchi/explicit labels found	keiyoushi:KimiComi
kinoking.cc	safe	safe	maintainer label SAFE; no ecchi/explicit labels found	yuzono-anime:Aniyomi:_Kinoking
kiwiyascans.com	safe	safe	maintainer label SAFE; unreachable, not checked	keiyoushi:Kiwiya_Scans
kmansin09.top	safe	safe	maintainer label SAFE; no ecchi/explicit labels found	keiyoushi:Kmansin09
kodokustudio.com	safe	safe	maintainer label SAFE; no ecchi/explicit labels found	keiyoushi:Kodoku_Studio
komikindo.co	safe	safe	maintainer label SAFE; unreachable, not checked	mangayomi-manga:KomikIndo.co
komiklab.com	safe	safe	maintainer label SAFE; unreachable, not checked	mangayomi-manga:KomikLab_Scans
komikmama.co	safe	safe	maintainer label SAFE; unreachable, not checked	mangayomi-manga:KomikMama
komiknextgonline.com	safe	safe	maintainer label SAFE; no ecchi/explicit labels found	keiyoushi:Komik_Next_G_Online
komikstation.co	safe	safe	maintainer label SAFE; no ecchi/explicit labels found	mangayomi-manga:Komik_Station
komiku.com	safe	safe	maintainer label SAFE; unreachable, not checked	mangayomi-manga:Komiku.com
komikuzan.com	safe	safe	maintainer label SAFE; not resolving at router, not checked	mangayomi-manga:Komikuzan
korelimanga.com	safe	safe	maintainer label SAFE; no ecchi/explicit labels found	keiyoushi:Koreli_Manga
kuromangas.com	safe	safe	maintainer label SAFE; unreachable, not checked	keiyoushi:KuroMangas
l.ennovelas-tv.com	safe	safe	maintainer label SAFE; no ecchi/explicit labels found	yuzono-anime:Aniyomi:_EnNovelas_(Dead)
la.movie	safe	safe	maintainer label SAFE; not resolving at router, not checked	yuzono-anime:Aniyomi:_LaMovie
ladyestelarscan.com.br	safe	safe	maintainer label SAFE; not resolving at router, not checked	mangayomi-manga:Lady_Estelar_Scan
lagoonscans.com	safe	safe	maintainer label SAFE; no ecchi/explicit labels found	keiyoushi:Lagoon_Scans
lanortrad.com	safe	safe	maintainer label SAFE; no ecchi/explicit labels found	keiyoushi:LanorTrad
latanime.org	safe	safe	maintainer label SAFE; unreachable, not checked	yuzono-anime:Aniyomi:_Latanime
lavascans.com	safe	safe	maintainer label SAFE; no ecchi/explicit labels found	keiyoushi:Lava_Scans
lector.ragnascan.xyz	safe	safe	maintainer label SAFE; no ecchi/explicit labels found	keiyoushi:Ragna_Scans
lectorhub.j5z.xyz	safe	safe	maintainer label SAFE; no ecchi/explicit labels found	keiyoushi:Jeaz_Scans mangayomi-manga:JeazScans
lectormiau.com	safe	safe	maintainer label SAFE; unreachable, not checked	mangayomi-manga:Miau_Scan
lectortaurus.com	safe	safe	maintainer label SAFE; unreachable, not checked	keiyoushi:Taurus_Fansub
lectorunitoon.com	safe	safe	maintainer label SAFE; no ecchi/explicit labels found	mangayomi-manga:Unitoon
legacy-scans.com	safe	safe	maintainer label SAFE; unreachable, not checked	mangayomi-manga:Legacy_Scans
legionanime.club	safe	safe	maintainer label SAFE; no ecchi/explicit labels found	yuzono-anime:Aniyomi:_LegionAnime
legnmangas.com	safe	safe	maintainer label SAFE; unreachable, not checked	mangayomi-manga:LegnMangas
leitor.borutoexplorer.com.br	safe	safe	maintainer label SAFE; no ecchi/explicit labels found	keiyoushi:Boruto_Explorer mangayomi-manga:Boruto_Explorer
leitor.kamisama.com.br	safe	safe	maintainer label SAFE; no ecchi/explicit labels found	keiyoushi:Kami_Sama_Explorer mangayomi-manga:Kami_Sama_Explorer
leitordemanga.com	safe	safe	maintainer label SAFE; unreachable, not checked	mangayomi-manga:Leitor_de_Mangá
lekmanga.net	safe	safe	maintainer label SAFE; unreachable, not checked	mangayomi-manga:مانجا_ليك
lekmanga.online	safe	safe	maintainer label SAFE; no ecchi/explicit labels found	keiyoushi:Mangalek
lekmanga.site	safe	safe	maintainer label SAFE; no ecchi/explicit labels found	keiyoushi:Mangalek
lelscans.net	safe	safe	maintainer label SAFE; no ecchi/explicit labels found	keiyoushi:Lelscan
leslie-victims.pages.dev	safe	safe	maintainer label SAFE; no ecchi/explicit labels found	keiyoushi:Leslie&Victims
lhtranslation.net	safe	safe	maintainer label SAFE; no ecchi/explicit labels found	keiyoushi:LHTranslation mangayomi-manga:LHTranslation
like-manga.net	safe	safe	maintainer label SAFE; no ecchi/explicit labels found	keiyoushi:Mangalek
lilyumfansub.com.tr	safe	safe	maintainer label SAFE; not resolving at router, not checked	mangayomi-manga:LilyumFansub
link-manga.com	safe	safe	maintainer label SAFE; Cloudflare challenge, not checked	mangayomi-manga:مانجا_لينك
link-manga.net	safe	safe	maintainer label SAFE; no ecchi/explicit labels found	keiyoushi:Mangalink
loadingartist.com	safe	safe	maintainer label SAFE; no ecchi/explicit labels found	keiyoushi:Loading_Artist
loner-tl.blogspot.com	safe	safe	maintainer label SAFE; no ecchi/explicit labels found	keiyoushi:Loner_Translations
lscans.com	safe	safe	maintainer label SAFE; unreachable, not checked	mangayomi-manga:L_Scans
lscomic.com	safe	safe	maintainer label SAFE; unreachable, not checked	mangayomi-manga:Leviatan_Scans
lunarscan.com.br	safe	safe	maintainer label SAFE; not resolving at router, not checked	mangayomi-manga:Lunar_Scan
lupiteam.net	safe	safe	maintainer label SAFE; no ecchi/explicit labels found	keiyoushi:LupiTeam
luratoons.net	safe	safe	maintainer label SAFE; unreachable, not checked	keiyoushi:Lura_Toon
lycantoons.com	safe	safe	maintainer label SAFE; no ecchi/explicit labels found	keiyoushi:Lycan_Toons
m.asd.homes	safe	safe	maintainer label SAFE; unreachable, not checked	yuzono-anime:Aniyomi:_Arab_Seed
m.baozimh.one	safe	safe	maintainer label SAFE; no ecchi/explicit labels found	keiyoushi:GoDa
m.cimaleek.to	safe	safe	maintainer label SAFE; unreachable, not checked	yuzono-anime:Aniyomi:_Cimaleek
m.dumanwu1.com	safe	safe	maintainer label SAFE; unreachable, not checked	keiyoushi:Dumanwu
m.g-mh.org	safe	safe	maintainer label SAFE; no ecchi/explicit labels found	keiyoushi:GoDa
m.rumanhua1.com	safe	safe	maintainer label SAFE; unreachable, not checked	mangayomi-manga:如漫画
+m.rumanhua2.com	safe	safe	maintainer label SAFE; already in Hagezi NSFW	keiyoushi:Rumanhua
m.wmh1234.com	safe	safe	maintainer label SAFE; no ecchi/explicit labels found	keiyoushi:MH1234
madarascans.com	safe	safe	maintainer label SAFE; no ecchi/explicit labels found	keiyoushi:Madara_Scans
madarascans.org	safe	safe	maintainer label SAFE; no ecchi/explicit labels found	keiyoushi:Madara_Scans
magcomi.com	safe	safe	maintainer label SAFE; no ecchi/explicit labels found	keiyoushi:MAGCOMI
magustoon.org	safe	safe	maintainer label SAFE; Cloudflare challenge, not checked	keiyoushi:Magus_Manga
+mahoushoujobu.com	safe	safe	maintainer label SAFE; already in Hagezi NSFW	keiyoushi:Magical_Translators
manga-5.com	safe	safe	maintainer label SAFE; no ecchi/explicit labels found	keiyoushi:Manga-5
manga-ai-land.blogspot.com	safe	safe	maintainer label SAFE; no ecchi/explicit labels found	keiyoushi:Manga_Ai_Land
manga-corporation.com	safe	safe	maintainer label SAFE; no ecchi/explicit labels found	keiyoushi:Manga-Corporation
manga-diyari.com	safe	safe	maintainer label SAFE; no ecchi/explicit labels found	mangayomi-manga:Manga_Diyari
manga-leko.site	safe	safe	maintainer label SAFE; no ecchi/explicit labels found	keiyoushi:Mangalek
manga-lionz.com	safe	safe	maintainer label SAFE; Cloudflare challenge, not checked	mangayomi-manga:MangaLionz
manga-lionz.org	safe	safe	maintainer label SAFE; no ecchi/explicit labels found	keiyoushi:MangaLionz
manga-mee.jp	safe	safe	maintainer label SAFE; no ecchi/explicit labels found	keiyoushi:MangaMee
manga-meets.jp	safe	safe	maintainer label SAFE; no ecchi/explicit labels found	keiyoushi:MangaMeets
manga-moons.net	safe	safe	maintainer label SAFE; unreachable, not checked	mangayomi-manga:Manga-Moon
manga-no.com	safe	safe	maintainer label SAFE; no ecchi/explicit labels found	keiyoushi:MangaNo
manga-one.com	safe	safe	maintainer label SAFE; no ecchi/explicit labels found	keiyoushi:Manga_One
manga-spark.net	safe	safe	maintainer label SAFE; no ecchi/explicit labels found	mangayomi-manga:MangaSpark
manga-starz.com	safe	safe	maintainer label SAFE; Cloudflare challenge, not checked	mangayomi-manga:Manga_Starz
manga-tube.me	safe	safe	maintainer label SAFE; no ecchi/explicit labels found	keiyoushi:Manga_Tube
manga-zegra.com	safe	safe	maintainer label SAFE; no ecchi/explicit labels found	keiyoushi:Manga_Zegra
manga.clone-army.org	safe	safe	maintainer label SAFE; no ecchi/explicit labels found	keiyoushi:Clone_Manga
manga.d34d.one	safe	safe	maintainer label SAFE; no ecchi/explicit labels found	keiyoushi:Monochrome_Scans
manga.detectiveconanar.com	safe	safe	maintainer label SAFE; Cloudflare challenge, not checked	keiyoushi:Detective_Conan_Ar mangayomi-manga:شبكة_كونان_العربية
manga.fansubs.cat	safe	safe	maintainer label SAFE; no ecchi/explicit labels found	keiyoushi:Fansubs.cat
manga.honkaiimpact3.com	safe	safe	maintainer label SAFE; no ecchi/explicit labels found	keiyoushi:HonkaiImpact3
manga.madokami.al	safe	safe	maintainer label SAFE; unreachable, not checked	keiyoushi:Madokami
+mangaapi.manhuaren.com	safe	safe	maintainer label SAFE; already in Hagezi NSFW	keiyoushi:Manhuaren
mangabolt.com	safe	safe	maintainer label SAFE; no ecchi/explicit labels found	keiyoushi:MangaBolt
mangabu.jp	safe	safe	maintainer label SAFE; no ecchi/explicit labels found	keiyoushi:MangaBu
+mangabz.com	safe	safe	maintainer label SAFE; already in Hagezi NSFW	keiyoushi:Mangabz
mangacloud.online	safe	safe	maintainer label SAFE; unreachable, not checked	keiyoushi:MangaCloud
mangacrab.org	safe	safe	maintainer label SAFE; unreachable, not checked	mangayomi-manga:Manga_Crab
mangadeemak.com	safe	safe	maintainer label SAFE; unreachable, not checked	mangayomi-manga:MangaDeemak
mangadia.com	safe	safe	maintainer label SAFE; unreachable, not checked	keiyoushi:MangaDia
mangaefendisi.net	safe	safe	maintainer label SAFE; not resolving at router, not checked	mangayomi-manga:Manga_Efendisi
mangaflame.org	safe	safe	maintainer label SAFE; no ecchi/explicit labels found	mangayomi-manga:Manga_Flame
mangafreak.online	safe	safe	maintainer label SAFE; not resolving at router, not checked	mangayomi-manga:MangaFreak.online
mangagalaxy.me	safe	safe	maintainer label SAFE; no ecchi/explicit labels found	mangayomi-manga:Manga_Galaxy
mangagezgini.com	safe	safe	maintainer label SAFE; no ecchi/explicit labels found	mangayomi-manga:MangaGezgini
mangahona.pl	safe	safe	maintainer label SAFE; unreachable, not checked	keiyoushi:MangaHoNa mangayomi-manga:MangaHoNa
mangaindo.me	safe	safe	maintainer label SAFE; unreachable, not checked	mangayomi-manga:Manga_Indo.me
mangaka.cc	safe	safe	maintainer label SAFE; unreachable, not checked	keiyoushi:MangaKa
mangakeyfi.net	safe	safe	maintainer label SAFE; not resolving at router, not checked	mangayomi-manga:Manga_Keyfi
mangakings.com.tr	safe	safe	maintainer label SAFE; not resolving at router, not checked	mangayomi-manga:Manga_Kings
mangakiss.org	safe	safe	maintainer label SAFE; unreachable, not checked	keiyoushi:Manga_Kiss
mangakomi.io	safe	safe	maintainer label SAFE; unreachable, not checked	mangayomi-manga:MangaKomi
mangakusu.com	safe	safe	maintainer label SAFE; Cloudflare challenge, not checked	keiyoushi:Manga_Kusu
mangakyo.vip	safe	safe	maintainer label SAFE; unreachable, not checked	mangayomi-manga:Mangakyo
mangalay.blogspot.com	safe	safe	maintainer label SAFE; no ecchi/explicit labels found	keiyoushi:Mangalay
mangaleveling.com	safe	safe	maintainer label SAFE; unreachable, not checked	mangayomi-manga:Manga_Leveling
+mangalik.net	safe	safe	maintainer label SAFE; already in Hagezi NSFW	keiyoushi:Mangalek
mangalivre.blog	safe	safe	maintainer label SAFE; no ecchi/explicit labels found	keiyoushi:Manga_Livre_Blog
mangalt.jp	safe	safe	maintainer label SAFE; no ecchi/explicit labels found	keiyoushi:Mangalt
mangamen.com	safe	safe	maintainer label SAFE; unreachable, not checked	keiyoushi:MangaMen
mangamoins.com	safe	safe	maintainer label SAFE; no ecchi/explicit labels found	keiyoushi:MangaMoins
mangananquim.com	safe	safe	maintainer label SAFE; unreachable, not checked	mangayomi-manga:Mangá_Nanquim
mangaoku.info	safe	safe	maintainer label SAFE; unreachable, not checked	mangayomi-manga:Manga_Oku
+mangapark.io	safe	safe	maintainer label SAFE; already in Hagezi NSFW	mangayomi-manga:MangaPark swak:Mangapark
mangapdf.org	safe	safe	maintainer label SAFE; unreachable, not checked	keiyoushi:MANGAPDF
mangaplus-creators.jp	safe	safe	maintainer label SAFE; no ecchi/explicit labels found	keiyoushi:MANGA_Plus_Creators_by_SHUEISHA
mangarama.com.ua	safe	safe	maintainer label SAFE; unreachable, not checked	keiyoushi:Mangarama
+mangaread.co	safe	safe	maintainer label SAFE; already in Hagezi NSFW	mangayomi-manga:Manga_Read
mangarose.net	safe	safe	maintainer label SAFE; unreachable, not checked	mangayomi-manga:Manga_Rose
mangas-scans.com	safe	safe	maintainer label SAFE; unreachable, not checked	mangayomi-manga:Mangas_Scans
mangaschan.net	safe	safe	maintainer label SAFE; unreachable, not checked	mangayomi-manga:Mangás_Chan
mangasehri.com	safe	safe	maintainer label SAFE; not resolving at router, not checked	mangayomi-manga:Manga_Şehri
mangasnosekai.com	safe	safe	maintainer label SAFE; Cloudflare challenge, not checked	keiyoushi:Mangas_No_Sekai mangayomi-manga:Mangas_No_Sekai
mangasonline.cc	safe	safe	maintainer label SAFE; not resolving at router, not checked	mangayomi-manga:Mangás_Online
mangatale.co	safe	safe	maintainer label SAFE; not resolving at router, not checked	mangayomi-manga:MangaTale
mangatek.com	safe	safe	maintainer label SAFE; no ecchi/explicit labels found	keiyoushi:MangaTek
mangatime.org	safe	safe	maintainer label SAFE; no ecchi/explicit labels found	keiyoushi:MangaTime
mangatrend.org	safe	safe	maintainer label SAFE; no ecchi/explicit labels found	keiyoushi:Manga_Trend
mangatx.gg	safe	safe	maintainer label SAFE; not resolving at router, not checked	mangayomi-manga:Manga_Tx.gg_(unoriginal)
mangatyrant.com	safe	safe	maintainer label SAFE; unreachable, not checked	mangayomi-manga:MangaTyrant
mangawt.com	safe	safe	maintainer label SAFE; Cloudflare challenge, not checked	keiyoushi:MangaWT mangayomi-manga:MangaWT
mangaxcore.xyz	safe	safe	maintainer label SAFE; unreachable, not checked	mangayomi-manga:Mangax_Core
mangayu.id	safe	safe	maintainer label SAFE; no ecchi/explicit labels found	mangayomi-manga:MangaYu
mangazure.net	safe	safe	maintainer label SAFE; unreachable, not checked	keiyoushi:MangaZure
mangotoons.com	safe	safe	maintainer label SAFE; no ecchi/explicit labels found	keiyoushi:Mango_Toons
manhua.zaimanhua.com	safe	safe	maintainer label SAFE; no ecchi/explicit labels found	keiyoushi:Zaimanhua
manhuanext.com	safe	safe	maintainer label SAFE; no ecchi/explicit labels found	keiyoushi:Manhuanext
manhuarush.vercel.app	safe	safe	maintainer label SAFE; unreachable, not checked	keiyoushi:Manhua_Rush
manhuaus.com	safe	safe	maintainer label SAFE; Cloudflare challenge, not checked	keiyoushi:ManhuaUS mangayomi-manga:ManhuaUS
manhuazone.org	safe	safe	maintainer label SAFE; not resolving at router, not checked	mangayomi-manga:ManhuaZone
manhwaclan.com	safe	safe	maintainer label SAFE; Cloudflare challenge, not checked	mangayomi-manga:ManhwaClan
manhwafull.com	safe	safe	maintainer label SAFE; unreachable, not checked	mangayomi-manga:Manhwafull
manhwalist.asia	safe	safe	maintainer label SAFE; unreachable, not checked	keiyoushi:Manhwa_List
manhwanex.com	safe	safe	maintainer label SAFE; no ecchi/explicit labels found	keiyoushi:ManhwaNex
manjanoon.org	safe	safe	maintainer label SAFE; unreachable, not checked	mangayomi-manga:مانجا_نون
mantrazscan.com	safe	safe	maintainer label SAFE; unreachable, not checked	mangayomi-manga:Mantraz_Scan
mayochuu.xyz	safe	safe	maintainer label SAFE; no ecchi/explicit labels found	keiyoushi:MayoTune
megatokyo.com	safe	safe	maintainer label SAFE; no ecchi/explicit labels found	keiyoushi:Megatokyo
meitoon.org	safe	safe	maintainer label SAFE; Cloudflare challenge, not checked	keiyoushi:MeiToon
melokomik.xyz	safe	safe	maintainer label SAFE; not resolving at router, not checked	mangayomi-manga:MELOKOMIK
merlinscans.com	safe	safe	maintainer label SAFE; unreachable, not checked	mangayomi-manga:Merlin_Scans
merlinshoujo.com	safe	safe	maintainer label SAFE; no ecchi/explicit labels found	mangayomi-manga:Merlin_Shoujo
meshmanga.com	safe	safe	maintainer label SAFE; no ecchi/explicit labels found	keiyoushi:MangaSwat
mgkomik.id	safe	safe	maintainer label SAFE; no ecchi/explicit labels found	mangayomi-manga:MG_Komik
mhscans.com	safe	safe	maintainer label SAFE; no ecchi/explicit labels found	keiyoushi:MHScans
mihdr.top	safe	safe	maintainer label SAFE; unreachable, not checked	mangayomi-anime:至臻视觉
mikanani.me	safe	safe	maintainer label SAFE; no ecchi/explicit labels found	mangayomi-anime:蜜柑计划
mistscans.com	safe	safe	maintainer label SAFE; no ecchi/explicit labels found	keiyoushi:Mist_Scans
moflix-stream.xyz	safe	safe	maintainer label SAFE; no ecchi/explicit labels found	yuzono-anime:Aniyomi:_Moflix-Stream
momonohanascan.com	safe	safe	maintainer label SAFE; unreachable, not checked	mangayomi-manga:Momo_no_Hana_Scan
monochromecms.netlify.app	safe	safe	maintainer label SAFE; no ecchi/explicit labels found	keiyoushi:Monochrome_Custom
monoschinos.st	safe	safe	maintainer label SAFE; unreachable, not checked	yuzono-anime:Aniyomi:_MonosChinos
moonwitchinlovescan.com	safe	safe	maintainer label SAFE; unreachable, not checked	mangayomi-manga:Moon_Witch_In_Love
movie4k.stream	safe	safe	maintainer label SAFE; unreachable, not checked	yuzono-anime:Aniyomi:_Movie4k
moviebox.ph	safe	safe	maintainer label SAFE; no ecchi/explicit labels found	salmanbappi:Aniyomi:_Moviebox
movies2watch.vc	safe	safe	maintainer label SAFE; no ecchi/explicit labels found	salmanbappi:Aniyomi:_Movies2Watch
moviesmod.zone	safe	safe	maintainer label SAFE; no ecchi/explicit labels found	salmanbappi:Aniyomi:_MoviesMod yuzono-anime:Aniyomi:_MoviesMod
mykdrama.co	safe	safe	maintainer label SAFE; unreachable, not checked	yuzono-anime:Aniyomi:_MyKdrama
myronix.strangled.net	safe	safe	maintainer label SAFE; no ecchi/explicit labels found	mallyd:MyroniX
namicomi.com	safe	safe	maintainer label SAFE; no ecchi/explicit labels found	keiyoushi:NamiComi
natsu.id	safe	safe	maintainer label SAFE; no ecchi/explicit labels found	mangayomi-manga:Natsu
natsu.one	safe	safe	maintainer label SAFE; unreachable, not checked	keiyoushi:Natsu
nb19u.blogspot.com	safe	safe	maintainer label SAFE; no ecchi/explicit labels found	keiyoushi:Oduto mangayomi-manga:Oduto_-_Boruto
neonime.ink	safe	safe	maintainer label SAFE; unreachable, not checked	yuzono-anime:Aniyomi:_NeoNime
net2025.cc	safe	safe	maintainer label SAFE; not resolving at router, not checked	mangayomi-anime:NetMirror
net52.cc	safe	safe	maintainer label SAFE; Cloudflare challenge, not checked	salmanbappi:Aniyomi:_NetMirror
nettruyenar.com	safe	safe	maintainer label SAFE; Cloudflare challenge, not checked	keiyoushi:NetTruyenCO_(unoriginal)
nettruyenviet10.com	safe	safe	maintainer label SAFE; Cloudflare challenge, not checked	keiyoushi:NetTruyenViet_(unoriginal)
nettruyenx.net	safe	safe	maintainer label SAFE; Cloudflare challenge, not checked	keiyoushi:NetTruyenX_(unoriginal)
neverscans.com	safe	safe	maintainer label SAFE; unreachable, not checked	keiyoushi:NeverScans
new.astratoons.com	safe	safe	maintainer label SAFE; no ecchi/explicit labels found	keiyoushi:Astratoons
new2.zinkmovies.mobi	safe	safe	maintainer label SAFE; Cloudflare challenge, not checked	salmanbappi:Aniyomi:_ZinkMovies
nhattruyenqq.com	safe	safe	maintainer label SAFE; Cloudflare challenge, not checked	keiyoushi:NhatTruyen
nikkangecchan.jp	safe	safe	maintainer label SAFE; no ecchi/explicit labels found	keiyoushi:Nikkangecchan
nimegami.id	safe	safe	maintainer label SAFE; unreachable, not checked	mangayomi-anime:NimeGami yuzono-anime:Aniyomi:_NimeGami
ninjacomics.xyz	safe	safe	maintainer label SAFE; Cloudflare challenge, not checked	keiyoushi:Ninja_Scan mangayomi-manga:Ninja_Scan
nirvanamanga.com	safe	safe	maintainer label SAFE; no ecchi/explicit labels found	keiyoushi:Nirvana_Manga mangayomi-manga:Nirvana_Manga
novamanhwa.cc	safe	safe	maintainer label SAFE; unreachable, not checked	keiyoushi:Nova_Manhwas
novema.jp	safe	safe	maintainer label SAFE; no ecchi/explicit labels found	keiyoushi:Comic_Grast
nowhdtime.com.bd	safe	safe	maintainer label SAFE; unreachable, not checked	salmanbappi:Aniyomi:_Nowhdtime
nuviatoon.com	safe	safe	maintainer label SAFE; no ecchi/explicit labels found	keiyoushi:Nuvia_Toon
nuxscans-comics.blogspot.com	safe	safe	maintainer label SAFE; no ecchi/explicit labels found	keiyoushi:Nux_Scans
nyanukafe.com	safe	safe	maintainer label SAFE; no ecchi/explicit labels found	keiyoushi:Nyanu_Kafe
olaoe.cyou	safe	safe	maintainer label SAFE; unreachable, not checked	mangayomi-manga:Olaoe
olympusbiblioteca.com	safe	safe	maintainer label SAFE; no ecchi/explicit labels found	mangayomi-manga:Olympus_Scanlation
olympustaff.com	safe	safe	maintainer label SAFE; no ecchi/explicit labels found	keiyoushi:Team_X mangayomi-manga:TeamX
olympusxyz.com	safe	safe	maintainer label SAFE; no ecchi/explicit labels found	keiyoushi:Olympus_Scanlation
on1.hds.quest	safe	safe	maintainer label SAFE; Cloudflare challenge, not checked	yuzono-anime:Aniyomi:_HDS
one-piece-fans2.com	safe	safe	maintainer label SAFE; Cloudflare challenge, not checked	keiyoushi:One_Piece_Fans
onepieceteca.com	safe	safe	maintainer label SAFE; unreachable, not checked	mangayomi-manga:One_Piece_TECA
online.udvash-unmesh.com	safe	safe	maintainer label SAFE; no ecchi/explicit labels found	salmanbappi:Aniyomi:_Udvash
onma.me	safe	safe	maintainer label SAFE; no ecchi/explicit labels found	mangayomi-manga:مانجا_اون_لاين
onma.top	safe	safe	maintainer label SAFE; no ecchi/explicit labels found	keiyoushi:Onma
oploverz.gold	safe	safe	maintainer label SAFE; not resolving at router, not checked	mangayomi-anime:Oploverz
oploverz.site	safe	safe	maintainer label SAFE; unreachable, not checked	yuzono-anime:Aniyomi:_Oploverz
origami-orpheans.com.br	safe	safe	maintainer label SAFE; not resolving at router, not checked	mangayomi-manga:Origami_Orpheans
orimanga.net	safe	safe	maintainer label SAFE; no ecchi/explicit labels found	keiyoushi:Ori_Manga
otakudesu.blog	safe	safe	maintainer label SAFE; unreachable, not checked	yuzono-anime:Aniyomi:_OtakuDesu
otakudesu.cloud	safe	safe	maintainer label SAFE; unreachable, not checked	mangayomi-anime:OtakuDesu
otakufr.cc	safe	safe	maintainer label SAFE; unreachable, not checked	mangayomi-anime:OtakuFr yuzono-anime:Aniyomi:_OtakuFR
otruyen.cc	safe	safe	maintainer label SAFE; no ecchi/explicit labels found	keiyoushi:OTruyen
pandrama.com	safe	safe	maintainer label SAFE; no ecchi/explicit labels found	yuzono-anime:Aniyomi:_Pandrama
pash-up.jp	safe	safe	maintainer label SAFE; no ecchi/explicit labels found	keiyoushi:Pash_Up!
patchfriday.com	safe	safe	maintainer label SAFE; no ecchi/explicit labels found	keiyoushi:Patch_Friday
pc.netmovie.site	safe	safe	maintainer label SAFE; no ecchi/explicit labels found	salmanbappi:Aniyomi:_NetMovie
pelisplushd.bz	safe	safe	maintainer label SAFE; no ecchi/explicit labels found	yuzono-anime:Aniyomi:_PelisPlusHD
phenix-scans.co	safe	safe	maintainer label SAFE; unreachable, not checked	keiyoushi:PhenixScans_(unoriginal)
phenixscans.fr	safe	safe	maintainer label SAFE; unreachable, not checked	mangayomi-manga:PhenixScans
piscans.in	safe	safe	maintainer label SAFE; not resolving at router, not checked	mangayomi-manga:Pi_Scans
play.mobilelegends.com	safe	safe	maintainer label SAFE; no ecchi/explicit labels found	keiyoushi:MLBB_Lore
play.roarzone.net	safe	safe	maintainer label SAFE; no ecchi/explicit labels found	salmanbappi:Aniyomi:_RoarZone
plumacomics.cloud	safe	safe	maintainer label SAFE; no ecchi/explicit labels found	keiyoushi:Pluma_Comics
pocket.shonenmagazine.com	safe	safe	maintainer label SAFE; no ecchi/explicit labels found	keiyoushi:Magazine_Pocket
pojokmanga.net	safe	safe	maintainer label SAFE; unreachable, not checked	mangayomi-manga:Pojok_Manga
politeandgood.com	safe	safe	maintainer label SAFE; no ecchi/explicit labels found	keiyoushi:Broccoli_Soup
poseidon-scans.net	safe	safe	maintainer label SAFE; no ecchi/explicit labels found	keiyoushi:Poseidon_Scans
princediciones.com	safe	safe	maintainer label SAFE; not resolving at router, not checked	mangayomi-manga:Prince_Ediciones
q1n.net	safe	safe	maintainer label SAFE; unreachable, not checked	yuzono-anime:Aniyomi:_Q1N
qimanga.com	safe	safe	maintainer label SAFE; no ecchi/explicit labels found	keiyoushi:Qi_Scans
ragescans.com	safe	safe	maintainer label SAFE; Cloudflare challenge, not checked	keiyoushi:Rage_Scans
ragnarokscanlation.org	safe	safe	maintainer label SAFE; no ecchi/explicit labels found	keiyoushi:Ragnarok_Scanlation mangayomi-manga:Ragnarok_Scanlation
ragnascan.com	safe	safe	maintainer label SAFE; unreachable, not checked	mangayomi-manga:Berserker_Scan
raijin-scans.fr	safe	safe	maintainer label SAFE; no ecchi/explicit labels found	keiyoushi:Raijin_Scans
raikiscan.com	safe	safe	maintainer label SAFE; unreachable, not checked	mangayomi-manga:Raiki_Scan
rainbowfairyscan.com	safe	safe	maintainer label SAFE; not resolving at router, not checked	mangayomi-manga:Rainbow_Fairy_Scan
randomscanlators.net	safe	safe	maintainer label SAFE; not resolving at router, not checked	mangayomi-manga:Random_Scan
randowis.com	safe	safe	maintainer label SAFE; no ecchi/explicit labels found	keiyoushi:Randowiz
raventard.xyz	safe	safe	maintainer label SAFE; no ecchi/explicit labels found	keiyoushi:RavenManga
razure.org	safe	safe	maintainer label SAFE; no ecchi/explicit labels found	keiyoushi:Razure
rcostation.xyz	safe	safe	maintainer label SAFE; not resolving at router, not checked	keiyoushi:ReadComicOnline
read-horimiya.online	safe	safe	maintainer label SAFE; no ecchi/explicit labels found	keiyoushi:Read_Horimiya_Online
read-nifteam.info	safe	safe	maintainer label SAFE; no ecchi/explicit labels found	keiyoushi:NIFTeam
read.yagami.me	safe	safe	maintainer label SAFE; no ecchi/explicit labels found	keiyoushi:YagamiProject
readallcomics.com	safe	safe	maintainer label SAFE; unreachable, not checked	keiyoushi:ReadAllComics
readbagabondo.com	safe	safe	maintainer label SAFE; no ecchi/explicit labels found	keiyoushi:Read_Vagabond_Manga
readberserk.com	safe	safe	maintainer label SAFE; no ecchi/explicit labels found	keiyoushi:Read_Berserk_Manga
readcomiconline.li	safe	safe	maintainer label SAFE; unreachable, not checked	keiyoushi:ReadComicOnline swak:ReadComicOnline
readcomicsonline.ru	safe	safe	maintainer label SAFE; Cloudflare challenge, not checked	keiyoushi:Read_Comics_Online mangayomi-manga:Read_Comics_Online
reader.deathtollscans.net	safe	safe	maintainer label SAFE; no ecchi/explicit labels found	keiyoushi:Death_Toll_Scans
reader.gtothegreatsite.net	safe	safe	maintainer label SAFE; no ecchi/explicit labels found	keiyoushi:GTO_The_Great_Site
reader.hastateam.com	safe	safe	maintainer label SAFE; unreachable, not checked	keiyoushi:Hasta_Team
reader.mangatellers.gr	safe	safe	maintainer label SAFE; no ecchi/explicit labels found	keiyoushi:Mangatellers
readmanhua.net	safe	safe	maintainer label SAFE; unreachable, not checked	mangayomi-manga:ReadManhua
reallifecomics.com	safe	safe	maintainer label SAFE; no ecchi/explicit labels found	keiyoushi:Real_Life_Comics
releases.moe	safe	safe	maintainer label SAFE; no ecchi/explicit labels found	hayase-dub:Seadex_Dubs hayase:Seadex
rightdark-scan.com	safe	safe	maintainer label SAFE; unreachable, not checked	mangayomi-manga:Rightdark_Scan
rimacomiplus.jp	safe	safe	maintainer label SAFE; no ecchi/explicit labels found	keiyoushi:RimacomiPlus
rimuscans.fr	safe	safe	maintainer label SAFE; not resolving at router, not checked	mangayomi-manga:Rimu_Scans
rine.cloud	safe	safe	maintainer label SAFE; not resolving at router, not checked	cursedyomi:Aniyomi:_RineCloud
rinkocomics.com	safe	safe	maintainer label SAFE; no ecchi/explicit labels found	keiyoushi:Rinko_Comics
ritharscans.com	safe	safe	maintainer label SAFE; no ecchi/explicit labels found	keiyoushi:RitharScans
riztranslation.pages.dev	safe	safe	maintainer label SAFE; no ecchi/explicit labels found	keiyoushi:Riztranslation
rizzcomic.com	safe	safe	maintainer label SAFE; unreachable, not checked	keiyoushi:Rizz_Comic_(unoriginal)
rizzfables.com	safe	safe	maintainer label SAFE; no ecchi/explicit labels found	keiyoushi:Rizz_Comic mangayomi-manga:Rizz_Comic
rocksmanga.com	safe	safe	maintainer label SAFE; unreachable, not checked	keiyoushi:Rocks_Manga mangayomi-manga:Rocks_Manga
rogmangas.com	safe	safe	maintainer label SAFE; not resolving at router, not checked	mangayomi-manga:ROG_Mangás
romantikmanga.com	safe	safe	maintainer label SAFE; unreachable, not checked	mangayomi-manga:Romantik_Manga
rookie.shonenjump.com	safe	safe	maintainer label SAFE; no ecchi/explicit labels found	keiyoushi:Jump_Rookie!
royalroad.com	safe	safe	maintainer label SAFE; no ecchi/explicit labels found	mangayomi-novel:RoyalRoad
ru.com-x.life	safe	safe	maintainer label SAFE; unreachable, not checked	keiyoushi:Com-X
ru.yummyani.me	safe	safe	maintainer label SAFE; no ecchi/explicit labels found	yuzono-anime:Aniyomi:_YummyAnime
ryujinmanga.com	safe	safe	maintainer label SAFE; no ecchi/explicit labels found	mangayomi-manga:RyujinManga
s.to	safe	safe	maintainer label SAFE; not resolving at router, not checked	mangayomi-anime:SerienStream
s2manga.com	safe	safe	maintainer label SAFE; no ecchi/explicit labels found	mangayomi-manga:S2Manga
sai-zen-sen.jp	safe	safe	maintainer label SAFE; no ecchi/explicit labels found	keiyoushi:Twi4
samurai.j5z.xyz	safe	safe	maintainer label SAFE; no ecchi/explicit labels found	keiyoushi:SamuraiScan
samuraiscan.com	safe	safe	maintainer label SAFE; unreachable, not checked	mangayomi-manga:SamuraiScan
sanascans.com	safe	safe	maintainer label SAFE; no ecchi/explicit labels found	keiyoushi:Sana_Scans
sangchanhteam.com	safe	safe	maintainer label SAFE; no ecchi/explicit labels found	keiyoushi:SangChanhTeam
sapphirescan.com	safe	safe	maintainer label SAFE; unreachable, not checked	mangayomi-manga:SapphireScan
sas-api.fly.dev	safe	safe	maintainer label SAFE; no ecchi/explicit labels found	keiyoushi:Solar_and_Sundry
scan-inmortal.com	safe	safe	maintainer label SAFE; no ecchi/explicit labels found	keiyoushi:Inmortal_Scan
scaninmortal.com	safe	safe	maintainer label SAFE; unreachable, not checked	mangayomi-manga:Inmortal_Scan
scanpinkrosa.blogspot.com	safe	safe	maintainer label SAFE; no ecchi/explicit labels found	keiyoushi:Pink_Rosa
scantrad-vf.co	safe	safe	maintainer label SAFE; no ecchi/explicit labels found	mangayomi-manga:Scantrad-VF
scarmanga.com	safe	safe	maintainer label SAFE; no ecchi/explicit labels found	mangayomi-manga:SCARManga
seitacelestial.com	safe	safe	maintainer label SAFE; unreachable, not checked	mangayomi-manga:Demon_Sect
senpaiediciones.com	safe	safe	maintainer label SAFE; unreachable, not checked	mangayomi-manga:Senpai_Ediciones
serienstream.to	safe	safe	maintainer label SAFE; unreachable, not checked	yuzono-anime:Aniyomi:_Serienstream
serieskao.top	safe	safe	maintainer label SAFE; no ecchi/explicit labels found	yuzono-anime:Aniyomi:_SeriesKao
server2.ftpbd.net	safe	safe	maintainer label SAFE; unreachable, not checked	salmanbappi:Aniyomi:_FtpBd
server3.ftpbd.net	safe	safe	maintainer label SAFE; unreachable, not checked	salmanbappi:Aniyomi:_FtpBd
server4.ftpbd.net	safe	safe	maintainer label SAFE; unreachable, not checked	salmanbappi:Aniyomi:_FtpBd
server5.ftpbd.net	safe	safe	maintainer label SAFE; unreachable, not checked	salmanbappi:Aniyomi:_FtpBd
server7.ftpbd.net	safe	safe	maintainer label SAFE; unreachable, not checked	salmanbappi:Aniyomi:_FtpBd
setsuscans.com	safe	safe	maintainer label SAFE; Cloudflare challenge, not checked	keiyoushi:Setsu_Scans
sflix.to	safe	safe	maintainer label SAFE; unreachable, not checked	mangayomi-anime:SFlix
shadowceviri.blogspot.com	safe	safe	maintainer label SAFE; no ecchi/explicit labels found	keiyoushi:Shadow_Çeviri
shadowmangas.com	safe	safe	maintainer label SAFE; no ecchi/explicit labels found	mangayomi-manga:Shadow_Mangas
sheakomik.com	safe	safe	maintainer label SAFE; unreachable, not checked	mangayomi-manga:Shea_Manga
shibamanga.com	safe	safe	maintainer label SAFE; unreachable, not checked	mangayomi-manga:Shiba_Manga
shirakami.xyz	safe	safe	maintainer label SAFE; Cloudflare challenge, not checked	mangayomi-manga:Shirakami
shonenjumpplus.com	safe	safe	maintainer label SAFE; no ecchi/explicit labels found	keiyoushi:Shonen_Jump+
sinensisscan.net	safe	safe	maintainer label SAFE; unreachable, not checked	mangayomi-manga:Sinensis_Scan
sirenkomik.my.id	safe	safe	maintainer label SAFE; unreachable, not checked	mangayomi-manga:Siren_Komik
sirenscans.fr	safe	safe	maintainer label SAFE; unreachable, not checked	keiyoushi:Siren_Scans_FR
sirenscans.org	safe	safe	maintainer label SAFE; no ecchi/explicit labels found	keiyoushi:Siren_Scans
skymangas.com	safe	safe	maintainer label SAFE; no ecchi/explicit labels found	keiyoushi:SkyMangas mangayomi-manga:SkyMangas
sleptmanga.com.tr	safe	safe	maintainer label SAFE; unreachable, not checked	keiyoushi:Slept_Manga
smbc-comics.com	safe	safe	maintainer label SAFE; false positive: "Adult" is a topic tag on a general webcomic	keiyoushi:Saturday_Morning_Breakfast_Comics
soft.epsilonscan.fr	safe	safe	maintainer label SAFE; unreachable, not checked	mangayomi-manga:Soft_Epsilon_Scan
softkomik.co	safe	safe	maintainer label SAFE; no ecchi/explicit labels found	keiyoushi:Softkomik
sololatino.net	safe	safe	maintainer label SAFE; Cloudflare challenge, not checked	yuzono-anime:Aniyomi:_SoloLatino
+sp.manga.nicovideo.jp	safe	safe	maintainer label SAFE; already in Hagezi NSFW	keiyoushi:Nicovideo_Seiga
sparkmanga.net	safe	safe	maintainer label SAFE; no ecchi/explicit labels found	keiyoushi:MangaSpark
spmanhwa.online	safe	safe	maintainer label SAFE; unreachable, not checked	keiyoushi:Spmanhwa
sssscanlator.com.br	safe	safe	maintainer label SAFE; not resolving at router, not checked	mangayomi-manga:SSSScanlator
+starzmanga.com	safe	safe	maintainer label SAFE; already in Hagezi NSFW	keiyoushi:Manga_Starz
stellarsaber.pro	safe	safe	maintainer label SAFE; Cloudflare challenge, not checked	keiyoushi:StellarSaber mangayomi-manga:StellarSaber
stonescape.xyz	safe	safe	maintainer label SAFE; no ecchi/explicit labels found	keiyoushi:StoneScape mangayomi-manga:StoneScape
streamingunity.vip	safe	safe	maintainer label SAFE; no ecchi/explicit labels found	yuzono-anime:Aniyomi:_StreamingCommunity
studio.booklista.co.jp	safe	safe	maintainer label SAFE; no ecchi/explicit labels found	keiyoushi:Booklista_Studio
summertoon.me	safe	safe	maintainer label SAFE; not resolving at router, not checked	mangayomi-manga:SummerToon
summertoons.net	safe	safe	maintainer label SAFE; no ecchi/explicit labels found	keiyoushi:SummerToon
suryascans.org	safe	safe	maintainer label SAFE; not resolving at router, not checked	mangayomi-manga:Surya_Scans
swatscans.com	safe	safe	maintainer label SAFE; unreachable, not checked	mangayomi-manga:MangaSwat
sweetscan.net	safe	safe	maintainer label SAFE; no ecchi/explicit labels found	mangayomi-manga:Sweet_Time_Scan
swordscomic.com	safe	safe	maintainer label SAFE; no ecchi/explicit labels found	keiyoushi:Swords_Comic
taddy.org	safe	safe	maintainer label SAFE; no ecchi/explicit labels found	keiyoushi:Taddy_INK_(Webtoons)
takecomic.jp	safe	safe	maintainer label SAFE; no ecchi/explicit labels found	keiyoushi:TakeComic
tappytoon.net	safe	safe	maintainer label SAFE; no ecchi/explicit labels found	mangayomi-manga:TappyToon.Net
tatakaescan.com	safe	safe	maintainer label SAFE; no ecchi/explicit labels found	mangayomi-manga:Tatakae_Scan
taurusfansub.com	safe	safe	maintainer label SAFE; no ecchi/explicit labels found	mangayomi-manga:Taurus_Fansub
tcbonepiecechapters.com	safe	safe	maintainer label SAFE; no ecchi/explicit labels found	keiyoushi:TCB_Scans
tenshi.id	safe	safe	maintainer label SAFE; not resolving at router, not checked	mangayomi-manga:Tenshi.id
+tenshimanga.com	safe	safe	maintainer label SAFE; already in Hagezi NSFW	keiyoushi:Tenshi_Manga
thegirlfromrandomchatting.com	safe	safe	maintainer label SAFE; no ecchi/explicit labels found	keiyoushi:The_Girl_from_Random_Chatting_Manga_Online
thelibraryofohara.com	safe	safe	maintainer label SAFE; no ecchi/explicit labels found	keiyoushi:The_Library_of_Ohara
tiankongzy.com	safe	safe	maintainer label SAFE; unreachable, not checked	mangayomi-anime:天空资源网
timelesstoons.org	safe	safe	maintainer label SAFE; no ecchi/explicit labels found	keiyoushi:TimelessToons
tioanime.com	safe	safe	maintainer label SAFE; no ecchi/explicit labels found	mangayomi-anime:TioAnime yuzono-anime:Aniyomi:_TioanimeH
tioplus.app	safe	safe	maintainer label SAFE; no ecchi/explicit labels found	yuzono-anime:Aniyomi:_PelisPlusTo
to-corona-ex.com	safe	safe	maintainer label SAFE; no ecchi/explicit labels found	keiyoushi:Corona_EX
tonarinoyj.jp	safe	safe	maintainer label SAFE; no ecchi/explicit labels found	keiyoushi:Tonari_no_Young_Jump
toonclash.com	safe	safe	maintainer label SAFE; not resolving at router, not checked	mangayomi-manga:MangaClash
toonitalia.green	safe	safe	maintainer label SAFE; unreachable, not checked	yuzono-anime:Aniyomi:_Toonitalia
toonlivre.net	safe	safe	maintainer label SAFE; no ecchi/explicit labels found	keiyoushi:ToonLivre
torrentio.strem.fun	safe	safe	maintainer label SAFE; no ecchi/explicit labels found	mangayomi-anime:Debrid_Index mangayomi-anime:Torrentio_(Torrent_/_Debrid) mangayomi-anime:Torrentio_Anime_(Torrent_/_Debrid) yuzono-anime:Aniyomi:_Debrid_Index yuzono-anime:Aniyomi:_Torrentio_(Torrent_/_Debrid) yuzono-anime:Aniyomi:_Torrentio_Anime_(Torrent_/_Debrid)
tortugaceviri.com	safe	safe	maintainer label SAFE; no ecchi/explicit labels found	keiyoushi:Tortuga_Ceviri
traducoesdolipe.blogspot.com	safe	safe	maintainer label SAFE; no ecchi/explicit labels found	keiyoushi:Traduções_do_Lipe
tranimaci.com	safe	safe	maintainer label SAFE; Cloudflare challenge, not checked	cursedyomi:Aniyomi:_TRAnimeCI yuzono-anime:Aniyomi:_TRAnimeCI
truyenggvn.com	safe	safe	maintainer label SAFE; Cloudflare challenge, not checked	keiyoushi:TruyenGGVN
truyenkira.net	safe	safe	maintainer label SAFE; no ecchi/explicit labels found	keiyoushi:KiraKira
truyenqqko.com	safe	safe	maintainer label SAFE; Cloudflare challenge, not checked	keiyoushi:TruyenQQ
tuitruyen.top	safe	safe	maintainer label SAFE; no ecchi/explicit labels found	keiyoushi:TuiTruyen
tukangkomik.id	safe	safe	maintainer label SAFE; not resolving at router, not checked	mangayomi-manga:TukangKomik
tuktukhd.com	safe	safe	maintainer label SAFE; no ecchi/explicit labels found	yuzono-anime:Aniyomi:_Tuktuk_Cinema
turkcemangaoku.com	safe	safe	maintainer label SAFE; not resolving at router, not checked	mangayomi-manga:Türkçe_Manga_Oku
turktoon.com	safe	safe	maintainer label SAFE; no ecchi/explicit labels found	mangayomi-manga:TurkToon
tuttoanimemanga.net	safe	safe	maintainer label SAFE; no ecchi/explicit labels found	keiyoushi:TuttoAnimeManga
tv.roarzone.net	safe	safe	maintainer label SAFE; unreachable, not checked	salmanbappi:Aniyomi:_Roar_zone_tv
tv.yydsys.top	safe	safe	maintainer label SAFE; unreachable, not checked	mangayomi-anime:多多影音
tv1.kuronime.vip	safe	safe	maintainer label SAFE; no ecchi/explicit labels found	yuzono-anime:Aniyomi:_Kuronime
tw.baozimh.com	safe	safe	maintainer label SAFE; unreachable, not checked	keiyoushi:Baozi_Manhua
tw.dinnerku.com	safe	safe	maintainer label SAFE; no ecchi/explicit labels found	keiyoushi:Baozi_Manhua
tw.kukuc.co	safe	safe	maintainer label SAFE; no ecchi/explicit labels found	keiyoushi:Baozi_Manhua
tw.twmanga.com	safe	safe	maintainer label SAFE; no ecchi/explicit labels found	keiyoushi:Baozi_Manhua
tw.webmota.com	safe	safe	maintainer label SAFE; no ecchi/explicit labels found	keiyoushi:Baozi_Manhua
twatt.fr	safe	safe	maintainer label SAFE; no ecchi/explicit labels found	keiyoushi:Twatt
twobluescans.com	safe	safe	maintainer label SAFE; no ecchi/explicit labels found	mangayomi-manga:MHScans
twokinds.keenspot.com	safe	safe	maintainer label SAFE; no ecchi/explicit labels found	keiyoushi:keenspot
uakino.best	safe	safe	maintainer label SAFE; unreachable, not checked	yuzono-anime:Aniyomi:_UAKino
ufdub.com	safe	safe	maintainer label SAFE; no ecchi/explicit labels found	yuzono-anime:Aniyomi:_UFDub
uhdmovies.fans	safe	safe	maintainer label SAFE; not resolving at router, not checked	mangayomi-anime:UHD_Movies
uhdmovies.vip	safe	safe	maintainer label SAFE; unreachable, not checked	yuzono-anime:Aniyomi:_UHD_Movies
unicomics.ru	safe	safe	maintainer label SAFE; no ecchi/explicit labels found	keiyoushi:UniComics
universe.leagueoflegends.com	safe	safe	maintainer label SAFE; no ecchi/explicit labels found	keiyoushi:League_of_Legends
utsukushii-bg.com	safe	safe	maintainer label SAFE; unreachable, not checked	keiyoushi:Utsukushii
+uzaymanga.com	safe	safe	maintainer label SAFE; already in Hagezi NSFW	keiyoushi:Uzay_Manga mangayomi-manga:Uzay_Manga
v1.animesz.xyz	safe	safe	maintainer label SAFE; no ecchi/explicit labels found	mangayomi-anime:AniZone yuzono-anime:Aniyomi:_AniSama
v1.soulscans.org	safe	safe	maintainer label SAFE; no ecchi/explicit labels found	keiyoushi:Soul_Scans
v1.westmanga.my	safe	safe	maintainer label SAFE; unreachable, not checked	keiyoushi:West_Manga
v13.vost.pw	safe	safe	maintainer label SAFE; no ecchi/explicit labels found	yuzono-anime:Aniyomi:_Animevost
v2.samehadaku.how	safe	safe	maintainer label SAFE; unreachable, not checked	yuzono-anime:Aniyomi:_Samehadaku
v3.ainzscans01.com	safe	safe	maintainer label SAFE; no ecchi/explicit labels found	keiyoushi:Ainz_Scans_ID
v8.kuramanime.tel	safe	safe	maintainer label SAFE; Cloudflare challenge, not checked	yuzono-anime:Aniyomi:_Kuramanime
valirscans.org	safe	safe	maintainer label SAFE; no ecchi/explicit labels found	keiyoushi:Valir_Scans
vanillascans.org	safe	safe	maintainer label SAFE; unreachable, not checked	keiyoushi:Vanilla_Scans
vegamoviess.you	safe	safe	maintainer label SAFE; not resolving at router, not checked	salmanbappi:Aniyomi:_Vegamovies
vgperson.com	safe	safe	maintainer label SAFE; unreachable, not checked	keiyoushi:vgperson
vidbox.vc	safe	safe	maintainer label SAFE; no ecchi/explicit labels found	salmanbappi:Aniyomi:_Vidbox
+violetmanga.com	safe	safe	maintainer label SAFE; already in Hagezi NSFW	keiyoushi:Violet_Scans
vitruyen1.com	safe	safe	maintainer label SAFE; no ecchi/explicit labels found	keiyoushi:ViTruyen
void-scans.com	safe	safe	maintainer label SAFE; no ecchi/explicit labels found	mangayomi-manga:Infernal_Void_Scans
vortexscans.org	safe	safe	maintainer label SAFE; no ecchi/explicit labels found	keiyoushi:Vortex_Scans
vostfree.ws	safe	safe	maintainer label SAFE; no ecchi/explicit labels found	yuzono-anime:Aniyomi:_Vostfree
vumeto.com	safe	safe	maintainer label SAFE; unreachable, not checked	mangayomi-anime:Vumeto
w1.anime4up.rest	safe	safe	maintainer label SAFE; no ecchi/explicit labels found	yuzono-anime:Aniyomi:_Anime4up
w2.animesultra.net	safe	safe	maintainer label SAFE; unreachable, not checked	mangayomi-anime:AnimesUltra
watchroo.com	safe	safe	maintainer label SAFE; no ecchi/explicit labels found	salmanbappi:Aniyomi:_Watchroo
web.usagi.one	safe	safe	maintainer label SAFE; unreachable, not checked	keiyoushi:Usagi
webcomicsapp.com	safe	safe	maintainer label SAFE; no ecchi/explicit labels found	keiyoushi:Webcomics
webdexscans.com	safe	safe	maintainer label SAFE; no ecchi/explicit labels found	keiyoushi:Webdex_Scans
webnoveltranslations.com	safe	safe	maintainer label SAFE; unreachable, not checked	mangayomi-novel:Web_Novel_Translations
webtoonhatti.club	safe	safe	maintainer label SAFE; Cloudflare challenge, not checked	keiyoushi:Webtoon_Hatti
webtoonhatti.me	safe	safe	maintainer label SAFE; unreachable, not checked	mangayomi-manga:Clover_Manga
webtoonhatti.net	safe	safe	maintainer label SAFE; unreachable, not checked	mangayomi-manga:Webtoon_Hatti
webtoonoku.org	safe	safe	maintainer label SAFE; Cloudflare challenge, not checked	keiyoushi:WebtoonOku
wickedwitchscan.com	safe	safe	maintainer label SAFE; not resolving at router, not checked	mangayomi-manga:Wicked_Witch_Scan
wiflix-hd.vip	safe	safe	maintainer label SAFE; unreachable, not checked	mangayomi-anime:Wiflix
winterscan.com	safe	safe	maintainer label SAFE; not resolving at router, not checked	mangayomi-manga:Winter_Scan
witanime.cyou	safe	safe	maintainer label SAFE; no ecchi/explicit labels found	yuzono-anime:Aniyomi:_WIT_ANIME
witchtoons.net	safe	safe	maintainer label SAFE; no ecchi/explicit labels found	keiyoushi:WitchScans
wolftoon.lovable.app	safe	safe	maintainer label SAFE; no ecchi/explicit labels found	keiyoushi:Wolftoon
wonderlandscan.com	safe	safe	maintainer label SAFE; unreachable, not checked	mangayomi-manga:Wonderland_Scan
wordrain69.com	safe	safe	maintainer label SAFE; no ecchi/explicit labels found	mangayomi-novel:Wordrain69
wp.comicskingdom.com	safe	safe	maintainer label SAFE; no ecchi/explicit labels found	keiyoushi:ComicsKingdom
writerscans.com	safe	safe	maintainer label SAFE; no ecchi/explicit labels found	keiyoushi:Writer_Scans
ww1.asia2tv.pw	safe	safe	maintainer label SAFE; no ecchi/explicit labels found	yuzono-anime:Aniyomi:_asia2tv
ww1.cuevana3.ch	safe	safe	maintainer label SAFE; unreachable, not checked	yuzono-anime:Aniyomi:_Cuevana
ww10.readblackclover.com	safe	safe	maintainer label SAFE; not resolving at router, not checked	keiyoushi:Read_Black_Clover_Manga_Online
ww12.readsnk.com	safe	safe	maintainer label SAFE; no ecchi/explicit labels found	keiyoushi:Read_Attack_on_Titan_Shingeki_no_Kyojin_Manga
ww12.tokyoghoulre.com	safe	safe	maintainer label SAFE; no ecchi/explicit labels found	keiyoushi:Read_Tokyo_Ghoul_Re_&_Tokyo_Ghoul_Manga_Online
ww13.readonepiece.com	safe	safe	maintainer label SAFE; no ecchi/explicit labels found	keiyoushi:Read_One_Piece_Manga_Online
ww3.animeonline.ninja	safe	safe	maintainer label SAFE; Cloudflare challenge, not checked	mangayomi-anime:AnimeOnline.Ninja yuzono-anime:Aniyomi:_AnimeOnline.Ninja
ww4.readsololeveling.org	safe	safe	maintainer label SAFE; no ecchi/explicit labels found	keiyoushi:Read_Solo_Leveling_Manga_Manhwa_Online
ww6.readjujutsukaisen.com	safe	safe	maintainer label SAFE; no ecchi/explicit labels found	keiyoushi:Read_Jujutsu_Kaisen_Manga_Online
ww6.readkingdom.com	safe	safe	maintainer label SAFE; no ecchi/explicit labels found	keiyoushi:Read_Kingdom_Manga_Online
ww7.readopm.com	safe	safe	maintainer label SAFE; no ecchi/explicit labels found	keiyoushi:Read_One-Punch_Man_Manga_Online
ww8.read7deadlysins.com	safe	safe	maintainer label SAFE; no ecchi/explicit labels found	keiyoushi:Read_Nanatsu_no_Taizai_7_Deadly_Sins_Manga_Online
ww9.readfairytail.com	safe	safe	maintainer label SAFE; no ecchi/explicit labels found	keiyoushi:Read_Fairy_Tail_&_Edens_Zero_Manga_Online
wwv.veranimes.net	safe	safe	maintainer label SAFE; no ecchi/explicit labels found	yuzono-anime:Aniyomi:_VerAnimes
www.1shows.org	safe	safe	maintainer label SAFE; no ecchi/explicit labels found	salmanbappi:Aniyomi:_Oneshows
www.77mh.xyz	safe	safe	maintainer label SAFE; unreachable, not checked	mangayomi-manga:新新漫画
www.8comic.com	safe	safe	maintainer label SAFE; no ecchi/explicit labels found	keiyoushi:Comicabc
www.alpha-manga.com	safe	safe	maintainer label SAFE; no ecchi/explicit labels found	keiyoushi:Alpha_Manga
www.animebum.net	safe	safe	maintainer label SAFE; no ecchi/explicit labels found	yuzono-anime:Aniyomi:_AnimeBum
www.animeid.tv	safe	safe	maintainer label SAFE; unreachable, not checked	yuzono-anime:Aniyomi:_AnimeID
www.animelatinohd.com	safe	safe	maintainer label SAFE; Cloudflare challenge, not checked	yuzono-anime:Aniyomi:_AnimeLatinoHD
www.animesaturn.cx	safe	safe	maintainer label SAFE; no ecchi/explicit labels found	mangayomi-anime:AnimeSaturn
www.animesrbija.com	safe	safe	maintainer label SAFE; no ecchi/explicit labels found	yuzono-anime:Aniyomi:_Anime_Srbija
www.animeunity.so	safe	safe	maintainer label SAFE; no ecchi/explicit labels found	yuzono-anime:Aniyomi:_AnimeUnity
www.anitube.vip	safe	safe	maintainer label SAFE; unreachable, not checked	cursedyomi:Aniyomi:_Anitube yuzono-anime:Aniyomi:_Anitube
www.anroll.net	safe	safe	maintainer label SAFE; no ecchi/explicit labels found	cursedyomi:Aniyomi:_AnimesROLL
www.anzmanga25.com	safe	safe	maintainer label SAFE; no ecchi/explicit labels found	keiyoushi:AnzManga
www.arabanime.net	safe	safe	maintainer label SAFE; unreachable, not checked	yuzono-anime:Aniyomi:_ArabAnime
www.beatz-anime.net	safe	safe	maintainer label SAFE; no ecchi/explicit labels found	yuzono-anime:Aniyomi:_BeatZ_Anime
www.blastwave-comic.com	safe	safe	maintainer label SAFE; no ecchi/explicit labels found	keiyoushi:Gone_with_the_Blastwave
www.chineseanime.in	safe	safe	maintainer label SAFE; no ecchi/explicit labels found	yuzono-anime:Aniyomi:_ChineseAnime
www.cinecalidad.ec	safe	safe	maintainer label SAFE; no ecchi/explicit labels found	yuzono-anime:Aniyomi:_CineCalidad
www.collectedcurios.com	safe	safe	maintainer label SAFE; no ecchi/explicit labels found	keiyoushi:Collected_Curios
www.comicnettai.com	safe	safe	maintainer label SAFE; no ecchi/explicit labels found	keiyoushi:Comic_Nettai
www.commitstrip.com	safe	safe	maintainer label SAFE; no ecchi/explicit labels found	keiyoushi:Commit_Strip
www.corocoro.jp	safe	safe	maintainer label SAFE; no ecchi/explicit labels found	keiyoushi:Corocoro_Online
www.creative-comic.tw	safe	safe	maintainer label SAFE; no ecchi/explicit labels found	keiyoushi:Creative_Comic_Collection
www.cuevana3.eu	safe	safe	maintainer label SAFE; no ecchi/explicit labels found	yuzono-anime:Aniyomi:_Cuevana
www.cycani.org	safe	safe	maintainer label SAFE; no ecchi/explicit labels found	yuzono-anime:Aniyomi:_Cycity
www.darklegacycomics.com	safe	safe	maintainer label SAFE; no ecchi/explicit labels found	keiyoushi:Dark_Legacy_Comics
www.darthsanddroids.net	safe	safe	maintainer label SAFE; no ecchi/explicit labels found	keiyoushi:Darths_&_Droids
www.dattebayo-br.com	safe	safe	maintainer label SAFE; unreachable, not checked	yuzono-anime:Aniyomi:_DattebayoBR
www.deatte5.com	safe	safe	maintainer label SAFE; no ecchi/explicit labels found	keiyoushi:Battle_In_5_Seconds_After_Meeting
www.dinnerku.com	safe	safe	maintainer label SAFE; no ecchi/explicit labels found	keiyoushi:Baozi_Manhua
www.dmzj.com	safe	safe	maintainer label SAFE; not resolving at router, not checked	mangayomi-manga:动漫之家
+www.dongmanmanhua.cn	safe	safe	maintainer label SAFE; already in Hagezi NSFW	keiyoushi:Dongman_Manhua
www.doodmanga.com	safe	safe	maintainer label SAFE; no ecchi/explicit labels found	keiyoushi:Doodmanga mangayomi-manga:Doodmanga
www.doramasyt.com	safe	safe	maintainer label SAFE; unreachable, not checked	yuzono-anime:Aniyomi:_Doramasyt
www.dragonball-multiverse.com	safe	safe	maintainer label SAFE; no ecchi/explicit labels found	keiyoushi:Dragon_Ball_Multiverse
www.egscomics.com	safe	safe	maintainer label SAFE; no ecchi/explicit labels found	keiyoushi:El_Goonish_Shive
www.elitemanga.org	safe	safe	maintainer label SAFE; unreachable, not checked	mangayomi-manga:Elite_Manga
www.faselhds.biz	safe	safe	maintainer label SAFE; Cloudflare challenge, not checked	yuzono-anime:Aniyomi:_FASELHD
www.filma24.band	safe	safe	maintainer label SAFE; unreachable, not checked	mangayomi-anime:Filma24
www.frieren.online	safe	safe	maintainer label SAFE; no ecchi/explicit labels found	keiyoushi:Frieren_Online
www.furyosociety.com	safe	safe	maintainer label SAFE; no ecchi/explicit labels found	keiyoushi:FuryoSquad
www.ganganonline.com	safe	safe	maintainer label SAFE; no ecchi/explicit labels found	keiyoushi:Gangan_Online
www.giantitp.com	safe	safe	maintainer label SAFE; no ecchi/explicit labels found	keiyoushi:oots
www.grrlpowercomic.com	safe	safe	maintainer label SAFE; no ecchi/explicit labels found	keiyoushi:Grrl_Power_Comic
www.guazimanhua.com	safe	safe	maintainer label SAFE; no ecchi/explicit labels found	keiyoushi:Guazimanhua
www.gufengmh.com	safe	safe	maintainer label SAFE; not resolving at router, not checked	mangayomi-manga:古风漫画
www.gunnerkrigg.com	safe	safe	maintainer label SAFE; no ecchi/explicit labels found	keiyoushi:Gunnerkrigg_Court
www.hackstore.fo	safe	safe	maintainer label SAFE; no ecchi/explicit labels found	yuzono-anime:Aniyomi:_Hackstore
www.hinatasoul.com	safe	safe	maintainer label SAFE; unreachable, not checked	cursedyomi:Aniyomi:_Hinata_Soul
www.hq-now.com	safe	safe	maintainer label SAFE; no ecchi/explicit labels found	keiyoushi:HQ_Now!
www.iyf.tv	safe	safe	maintainer label SAFE; no ecchi/explicit labels found	yuzono-anime:Aniyomi:_iyf
www.iyinghua.com	safe	safe	maintainer label SAFE; unreachable, not checked	mangayomi-anime:樱花动漫
www.izneo.com	safe	safe	maintainer label SAFE; no ecchi/explicit labels found	keiyoushi:izneo_(webtoons)
www.japscan.foo	safe	safe	maintainer label SAFE; no ecchi/explicit labels found	keiyoushi:Japscan
www.jisuzy.com	safe	safe	maintainer label SAFE; no ecchi/explicit labels found	mangayomi-anime:极速资源
www.juinjutsureader.ovh	safe	safe	maintainer label SAFE; no ecchi/explicit labels found	keiyoushi:Juin_Jutsu_Team_Reader
www.kings-manga.co	safe	safe	maintainer label SAFE; unreachable, not checked	mangayomi-manga:Kings-Manga
www.kool.to	safe	safe	maintainer label SAFE; no ecchi/explicit labels found	yuzono-anime:Aniyomi:_Kool
www.kuaikanmanhua.com	safe	safe	maintainer label SAFE; no ecchi/explicit labels found	keiyoushi:Kuaikanmanhua
www.kukuc.co	safe	safe	maintainer label SAFE; no ecchi/explicit labels found	keiyoushi:Baozi_Manhua
www.lacartoons.com	safe	safe	maintainer label SAFE; no ecchi/explicit labels found	yuzono-anime:Aniyomi:_LACartoons
www.lelscanfr.com	safe	safe	maintainer label SAFE; no ecchi/explicit labels found	keiyoushi:Lelscan-VF
www.lmtos.com	safe	safe	maintainer label SAFE; not resolving at router, not checked	mangayomi-manga:Lmtos
www.locopelis.com	safe	safe	maintainer label SAFE; no ecchi/explicit labels found	yuzono-anime:Aniyomi:_LocoPelis
www.lolobun.com	safe	safe	maintainer label SAFE; no ecchi/explicit labels found	keiyoushi:LoLoBun
www.majorscans.com	safe	safe	maintainer label SAFE; unreachable, not checked	mangayomi-manga:MajorScans
www.manga-nova.com	safe	safe	maintainer label SAFE; no ecchi/explicit labels found	keiyoushi:MangaNova
+www.manga-up.com	safe	safe	maintainer label SAFE; already in Hagezi NSFW	keiyoushi:Manga_UP!_(Japan)
www.mangacim.com	safe	safe	maintainer label SAFE; unreachable, not checked	mangayomi-manga:Adu_Manga mangayomi-manga:Mangacim
+www.mangacopy.com	safe	safe	maintainer label SAFE; already in Hagezi NSFW	mangayomi-manga:拷贝漫画
www.mangakawaii.fr	safe	safe	maintainer label SAFE; no ecchi/explicit labels found	keiyoushi:Mangakawaii
www.mangamo.com	safe	safe	maintainer label SAFE; no ecchi/explicit labels found	keiyoushi:Mangamo
www.mangaoku.org	safe	safe	maintainer label SAFE; no ecchi/explicit labels found	mangayomi-manga:Atikrost
www.mangatales.com	safe	safe	maintainer label SAFE; no ecchi/explicit labels found	keiyoushi:Manga_Tales
www.manhuathai.com	safe	safe	maintainer label SAFE; no ecchi/explicit labels found	keiyoushi:ManhuaThai mangayomi-manga:ManhuaThai
www.menudo-fansub.com	safe	safe	maintainer label SAFE; no ecchi/explicit labels found	keiyoushi:Menudo-Fansub
www.mh160mh.com	safe	safe	maintainer label SAFE; no ecchi/explicit labels found	keiyoushi:Manhua160
www.mhua5.com	safe	safe	maintainer label SAFE; no ecchi/explicit labels found	keiyoushi:Manhuawu
+www.miaoqumh.org	safe	safe	maintainer label SAFE; already in Hagezi NSFW	keiyoushi:Miaoqu_Manhua
www.mucpan.cc	safe	safe	maintainer label SAFE; not resolving at router, not checked	mangayomi-anime:小米UC资源站
www.murim.site	safe	safe	maintainer label SAFE; no ecchi/explicit labels found	keiyoushi:Murim
www.myrunningman.com	safe	safe	maintainer label SAFE; no ecchi/explicit labels found	yuzono-anime:Aniyomi:_My_Running_Man
www.nabicix.com	safe	safe	maintainer label SAFE; no ecchi/explicit labels found	keiyoushi:Koreli_Scans
www.nekopost.co	safe	safe	maintainer label SAFE; no ecchi/explicit labels found	mangayomi-manga:NekoPost.co_(unoriginal)
www.neomanga.online	safe	safe	maintainer label SAFE; unreachable, not checked	keiyoushi:NeoManga
www.nivod.cc	safe	safe	maintainer label SAFE; no ecchi/explicit labels found	yuzono-anime:Aniyomi:_Nivod
www.noblessev1.com	safe	safe	maintainer label SAFE; no ecchi/explicit labels found	mangayomi-manga:Noblesse_Translations
www.okanime.xyz	safe	safe	maintainer label SAFE; no ecchi/explicit labels found	mangayomi-anime:Okanime yuzono-anime:Aniyomi:_Okanime
www.okyykomik.my.id	safe	safe	maintainer label SAFE; unreachable, not checked	keiyoushi:OkyyKomik
www.patimanga.com	safe	safe	maintainer label SAFE; unreachable, not checked	keiyoushi:Pati_Manga mangayomi-manga:Pati_Manga
www.pelisplushd.la	safe	safe	maintainer label SAFE; unreachable, not checked	yuzono-anime:Aniyomi:_PelisPlusPh
www.peppercarrot.com	safe	safe	maintainer label SAFE; no ecchi/explicit labels found	keiyoushi:Pepper&Carrot
www.phoenixscans.com	safe	safe	maintainer label SAFE; no ecchi/explicit labels found	keiyoushi:Phoenix_Scans
www.questionablecontent.net	safe	safe	maintainer label SAFE; no ecchi/explicit labels found	keiyoushi:Questionable_Content
www.raindropteamfan.com	safe	safe	maintainer label SAFE; unreachable, not checked	keiyoushi:Raindrop_Fansub mangayomi-manga:Raindrop_Fansub
www.ruyamanga.com	safe	safe	maintainer label SAFE; no ecchi/explicit labels found	mangayomi-manga:Rüya_Manga
www.sabrina-online.com	safe	safe	maintainer label SAFE; no ecchi/explicit labels found	keiyoushi:Sabrina_Online
www.sandraandwoo.com	safe	safe	maintainer label SAFE; no ecchi/explicit labels found	keiyoushi:Sandra_and_Woo
www.sapphirescan.com	safe	safe	maintainer label SAFE; unreachable, not checked	keiyoushi:SapphireScan
www.scan-vf.net	safe	safe	maintainer label SAFE; no ecchi/explicit labels found	keiyoushi:Scan_VF mangayomi-manga:Scan_VF
www.schlockmercenary.com	safe	safe	maintainer label SAFE; no ecchi/explicit labels found	keiyoushi:Schlock_Mercenary
www.subdubanime.site	safe	safe	maintainer label SAFE; no ecchi/explicit labels found	salmanbappi:Aniyomi:_SubDubAnime
www.supermegacomics.com	safe	safe	maintainer label SAFE; no ecchi/explicit labels found	keiyoushi:SUPER_MEGA
www.tilkiscans.com	safe	safe	maintainer label SAFE; no ecchi/explicit labels found	keiyoushi:MangaTilkisi
www.tranimeizle.co	safe	safe	maintainer label SAFE; Cloudflare challenge, not checked	cursedyomi:Aniyomi:_TR_Anime_Izle
www.tranimeizle.io	safe	safe	maintainer label SAFE; Cloudflare challenge, not checked	yuzono-anime:Aniyomi:_TR_Anime_Izle
www.turkanime.co	safe	safe	maintainer label SAFE; unreachable, not checked	cursedyomi:Aniyomi:_Türk_Anime_TV
www.twmanga.com	safe	safe	maintainer label SAFE; no ecchi/explicit labels found	keiyoushi:Baozi_Manhua
www.ulascomic01.xyz	safe	safe	maintainer label SAFE; no ecchi/explicit labels found	keiyoushi:Ulas_Comic
www.verseriesonline.net	safe	safe	maintainer label SAFE; unreachable, not checked	yuzono-anime:Aniyomi:_VerSeriesOnline
www.vfscan.cc	safe	safe	maintainer label SAFE; unreachable, not checked	mangayomi-manga:VF_Scan
www.visionhaze.com	safe	safe	maintainer label SAFE; Cloudflare challenge, not checked	keiyoushi:Vision_Haze
www.viz.com	safe	safe	maintainer label SAFE; no ecchi/explicit labels found	keiyoushi:VIZ
www.vomicmh.com	safe	safe	maintainer label SAFE; no ecchi/explicit labels found	keiyoushi:vomic
www.voyce.me	safe	safe	maintainer label SAFE; no ecchi/explicit labels found	keiyoushi:Voyce.Me
www.vvvvid.it	safe	safe	maintainer label SAFE; unreachable, not checked	yuzono-anime:Aniyomi:_VVVVID
www.walpurgiscan.it	safe	safe	maintainer label SAFE; unreachable, not checked	keiyoushi:Walpurgi_Scan mangayomi-manga:Walpurgi_Scan
www.webmota.com	safe	safe	maintainer label SAFE; no ecchi/explicit labels found	keiyoushi:Baozi_Manhua
www.wogg.one	safe	safe	maintainer label SAFE; unreachable, not checked	mangayomi-anime:玩偶哥哥
www.xsano-manga.com	safe	safe	maintainer label SAFE; no ecchi/explicit labels found	keiyoushi:XSano_Manga
www.yomonga.com	safe	safe	maintainer label SAFE; no ecchi/explicit labels found	keiyoushi:Yomonga
www.ysk-comics.com	safe	safe	maintainer label SAFE; no ecchi/explicit labels found	keiyoushi:YSK_Comics
www.zazhimi.net	safe	safe	maintainer label SAFE; no ecchi/explicit labels found	keiyoushi:Zazhimi
www.zeurelscan.com	safe	safe	maintainer label SAFE; no ecchi/explicit labels found	keiyoushi:ZeurelScan
www.zona-leros.com	safe	safe	maintainer label SAFE; Cloudflare challenge, not checked	yuzono-anime:Aniyomi:_Zonaleros
www.zorotv.se	safe	safe	maintainer label SAFE; no ecchi/explicit labels found	salmanbappi:Aniyomi:_ZoroTv
www1.verpelis.top	safe	safe	maintainer label SAFE; no ecchi/explicit labels found	yuzono-anime:Aniyomi:_VerPelisTop
www2.pelisforte.se	safe	safe	maintainer label SAFE; no ecchi/explicit labels found	yuzono-anime:Aniyomi:_PelisForte
www3.animefenix.tv	safe	safe	maintainer label SAFE; unreachable, not checked	mangayomi-anime:AnimeFénix
www3.animeflv.net	safe	safe	maintainer label SAFE; unreachable, not checked	mangayomi-anime:AnimeFLV yuzono-anime:Aniyomi:_AnimeFLV
www3.seriesmetro.net	safe	safe	maintainer label SAFE; false positive: genre URL redirected to a series titled "Adult Material"	yuzono-anime:Aniyomi:_MetroSeries
www4.zeroanime.xyz	safe	safe	maintainer label SAFE; unreachable, not checked	yuzono-anime:Aniyomi:_zeroanime
xcalibrscans.com	safe	safe	maintainer label SAFE; no ecchi/explicit labels found	mangayomi-manga:xCaliBR_Scans
xiaoxintv.cc	safe	safe	maintainer label SAFE; unreachable, not checked	yuzono-anime:Aniyomi:_Xiaoxintv
xkcd.com	safe	safe	maintainer label SAFE; no ecchi/explicit labels found	keiyoushi:xkcd
xkcd.lapin.org	safe	safe	maintainer label SAFE; no ecchi/explicit labels found	keiyoushi:xkcd
xkcd.ru	safe	safe	maintainer label SAFE; no ecchi/explicit labels found	keiyoushi:xkcd
xkcd.tw	safe	safe	maintainer label SAFE; no ecchi/explicit labels found	keiyoushi:xkcd
xmanhua.com	safe	safe	maintainer label SAFE; no ecchi/explicit labels found	keiyoushi:Mangabz
xoxocomic.com	safe	safe	maintainer label SAFE; no ecchi/explicit labels found	keiyoushi:XOXO_Comics
xrabohrok.github.io	safe	safe	maintainer label SAFE; unreachable, not checked	keiyoushi:War_For_Rayuba
yakshacomics.com	safe	safe	maintainer label SAFE; no ecchi/explicit labels found	keiyoushi:YakshaComics
ynjn.jp	safe	safe	maintainer label SAFE; no ecchi/explicit labels found	keiyoushi:Young_Jump+
yokai-team.blogspot.com	safe	safe	maintainer label SAFE; no ecchi/explicit labels found	keiyoushi:Yokai
yomovies.boo	safe	safe	maintainer label SAFE; no ecchi/explicit labels found	mangayomi-anime:YoMovies
yorai.io	safe	safe	maintainer label SAFE; unreachable, not checked	keiyoushi:Yorai
ytanime.tv	safe	safe	maintainer label SAFE; no ecchi/explicit labels found	yuzono-anime:Aniyomi:_Animeyt
yubikiri.my.id	safe	safe	maintainer label SAFE; not resolving at router, not checked	mangayomi-manga:Yubikiri
yugenmangasbr.dxtg.online	safe	safe	maintainer label SAFE; not resolving at router, not checked	keiyoushi:Yugen_Mangás
yymanhua.com	safe	safe	maintainer label SAFE; no ecchi/explicit labels found	keiyoushi:Mangabz
zanora.lol	safe	safe	maintainer label SAFE; unreachable, not checked	salmanbappi:Aniyomi:_Zanora
zenithscans.com	safe	safe	maintainer label SAFE; unreachable, not checked	mangayomi-manga:Zenith_Scans
zerosumonline.com	safe	safe	maintainer label SAFE; no ecchi/explicit labels found	keiyoushi:Zerosum_Online
zeta.animerco.org	safe	safe	maintainer label SAFE; no ecchi/explicit labels found	yuzono-anime:Aniyomi:_Animerco
123animehub.cc	covered	safe	classified in sites.tsv (123animes: general)	yuzono-anime:Aniyomi:_123Anime
+18comic.vip	covered	nsfw	classified in sites.tsv (18kami: explicit)	keiyoushi:Jinman_Tiantang
1manga.co	covered	mixed	classified in sites.tsv (mangahub: explicit)	keiyoushi:1Manga.co
2dhive.com	covered	safe	classified in sites.tsv (2dhive: general)	salmanbappi:Aniyomi:_2Dhive
+3hentai.net	covered	nsfw	classified in sites.tsv (3hentai: explicit)	keiyoushi:3Hentai
4animo.xyz	covered	safe	classified in sites.tsv (4animo: general)	salmanbappi:Aniyomi:_Animo
+9hentai.so	covered	nsfw	classified in sites.tsv (9hentai: explicit)	keiyoushi:NineHentai
+akuma.moe	covered	nsfw	classified in sites.tsv (akumamoe: explicit)	keiyoushi:Akuma
all-wish.me	covered	safe	classified in sites.tsv (anikotoclones: explicit)	mallyd:AllWish
+allmanga.to	covered	safe	classified in sites.tsv (AllAnime: general)	mangayomi-anime:AllAnime salmanbappi:Aniyomi:_AllAnime
anchira.to	covered	nsfw	classified in sites.tsv (kskmoe: explicit)	keiyoushi:SchaleNetwork
+ani.pm	covered	nsfw	classified in sites.tsv (anipm: general)	mallyd:AniPM yuzono-anime:Aniyomi:_AniPM salmanbappi:Aniyomi:_Ani.pm
anichi.to	covered	safe	classified in sites.tsv (anikoto: explicit)	yuzono-anime:Aniyomi:_Anichi
anidap.lol	covered	safe	classified in sites.tsv (anidap: general)	mallyd:Anidap salmanbappi:Aniyomi:_Anidap
anihq.cc	covered	nsfw	classified in sites.tsv (animestreamio: explicit)	yuzono-anime:Aniyomi:_AniHQ
anikage.cc	covered	nsfw	classified in sites.tsv (anicore: general)	salmanbappi:Aniyomi:_Anikage yuzono-anime:Aniyomi:_Anikage
anikototv.to	covered	safe	classified in sites.tsv (anikoto: explicit)	mallyd:AniKoto salmanbappi:Anikoto yuzono-anime:Aniyomi:_Anikoto
anikuro.ru	covered	safe	classified in sites.tsv (anikuro: general)	salmanbappi:Aniyomi:_AniKuro
anikuro.to	covered	nsfw	classified in sites.tsv (anikuro: general)	yuzono-anime:Aniyomi:_AniKuro
anilight.live	covered	safe	classified in sites.tsv (anilight: general)	salmanbappi:Aniyomi:_AniLight
anilist.co	covered	safe	classified in sites.tsv (anilist: review)	yuzono-anime:Aniyomi:_AniList
anime.uniquestream.net	covered	safe	classified in sites.tsv (uniquestream: general)	salmanbappi:Aniyomi:_AnimeStream yuzono-anime:Aniyomi:_UniqueStream
animeheaven.me	covered	safe	classified in sites.tsv (AnimeHeaven: general)	mallyd:AnimeHeaven salmanbappi:Aniyomi:_AnimeHeaven
animekaitv.to	covered	safe	classified in sites.tsv (anikoto: explicit)	yuzono-anime:Aniyomi:_AnimeKai_(Unoriginal)
animekhor.org	covered	safe	classified in sites.tsv (animekhor: general)	yuzono-anime:Aniyomi:_AnimeKhor
animenosub.to	covered	nsfw	classified in sites.tsv (AnimeNoSub: explicit)	yuzono-anime:Aniyomi:_Animenosub
animepahe.pw	covered	safe	classified in sites.tsv (animepahe: general)	salmanbappi:Aniyomi:_AnimePahe yuzono-anime:Aniyomi:_AnimePahe
animesogo.to	covered	safe	classified in sites.tsv (anikoto: explicit)	salmanbappi:AnimeSogo yuzono-anime:Aniyomi:_AnimeSogo
animetake.tv	covered	safe	classified in sites.tsv (anifyto: general)	yuzono-anime:Aniyomi:_AnimeTake
animetoki.com	covered	nsfw	classified in sites.tsv (animesakura: general)	yuzono-anime:Aniyomi:_AnimeToki
animetosho.org	covered	safe	classified in sites.tsv (animetosho: general)	hayase-dub:AnimeTosho_Dubs_(Old) hayase-multi:AnimeTosho_MultiSub_(Old) hayase:AnimeTosho_(Old)
animewave.to	covered	safe	classified in sites.tsv (anikoto: explicit)	salmanbappi:Aniyomi:_AniWave_(Unoriginal) yuzono-anime:Aniyomi:_AniWave_(Unoriginal)
animex.one	covered	safe	classified in sites.tsv (otakuu: general)	salmanbappi:Aniyomi:_Animex
animexin.dev	covered	safe	classified in sites.tsv (AnimeXin: general)	yuzono-anime:Aniyomi:_AnimeXin
animotvslash.org	covered	safe	classified in sites.tsv (animotvslash: general)	salmanbappi:Aniyomi:_ANIMOTVSLASH
anisnatch.top	covered	safe	classified in sites.tsv (anisnatch: general)	salmanbappi:AniSnatch
aniwaves.ru	covered	safe	classified in sites.tsv (123animes: general)	mallyd:AniWave yuzono-anime:Aniyomi:_AniWaves.ru
aniworld.to	covered	safe	classified in sites.tsv (AniWorld: general)	mangayomi-anime:AniWorld yuzono-anime:Aniyomi:_AniWorld
anizone.to	covered	safe	classified in sites.tsv (anizone: general)	yuzono-anime:Aniyomi:_AniZone
app.ninekon.com	covered	mixed	classified in sites.tsv (ninekon: explicit)	keiyoushi:Ninekon
aquareader.org	covered	safe	classified in sites.tsv (aquamanga: ecchi)	keiyoushi:Aqua_Manga
asiaflix.net	covered	safe	classified in sites.tsv (asiaflix: general)	yuzono-anime:Aniyomi:_AsiaFlix
+asmhentai.com	covered	nsfw	classified in sites.tsv (asmhentai: explicit)	keiyoushi:AsmHentai
asurascans.com	covered	safe	classified in sites.tsv (asuragg: ecchi)	keiyoushi:Asura_Scans mangayomi-manga:Asura_Scans
+atsu.moe	covered	mixed	classified in sites.tsv (atsumoe: ecchi)	keiyoushi:Atsumaru mangayomi-manga:Atsumaru swak:Atsumaru
av1encodes.com	covered	safe	classified in sites.tsv (av1please: general)	salmanbappi:Aniyomi:_AV1Encodes yuzono-anime:Aniyomi:_AV1Encodes
+baozimh.org	covered	safe	classified in sites.tsv (baozimhorg: ecchi)	keiyoushi:GoDa
bingr.one	covered	safe	classified in sites.tsv (bingr: general)	salmanbappi:Aniyomi:_Bingr
bookwalker.com	covered	mixed	classified in sites.tsv (bookwalker: review)	keiyoushi:BookWalker
bookwalker.jp	covered	mixed	classified in sites.tsv (bookwalker: review)	keiyoushi:BookWalker_Japan
+br.comikey.com	covered	safe	classified in sites.tsv (comikey: review)	keiyoushi:Comikey
bzmh.org	covered	safe	classified in sites.tsv (baozimhorg: ecchi)	keiyoushi:GoDa
chikianimation.com	covered	safe	classified in sites.tsv (chikianimation: general)	salmanbappi:Aniyomi:_Chikianimation
cinemaos.live	covered	safe	classified in sites.tsv (cinemaos: general)	salmanbappi:Aniyomi:_Cinemaos
cocomic.co	covered	mixed	classified in sites.tsv (cocomic: explicit)	keiyoushi:Cocomic
+coffeemanga.io	covered	safe	classified in sites.tsv (coffeemanga: ecchi)	mangayomi-manga:Coffee_Manga
comic.pixiv.net	covered	mixed	classified in sites.tsv (pixivcomic: review)	keiyoushi:Pixiv_Comic
comick.art	covered	mixed	classified in sites.tsv (manganato: explicit)	keiyoushi:Comick_(Unoriginal)
comick.live	covered	mixed	classified in sites.tsv (manganato: explicit)	keiyoushi:Comick_(Unoriginal)
comicland.org	covered	mixed	classified in sites.tsv (comicland: explicit)	keiyoushi:ComicLand
comics.inkr.com	covered	mixed	classified in sites.tsv (inkr: review)	keiyoushi:INKR
comik.to	covered	mixed	classified in sites.tsv (xcomic: explicit)	keiyoushi:XCOMIC
+comikey.com	covered	safe	classified in sites.tsv (comikey: review)	keiyoushi:Comikey
+comix.to	covered	mixed	classified in sites.tsv (comix: ecchi)	keiyoushi:Comix mangayomi-manga:Comix
comix.ws	covered	mixed	classified in sites.tsv (comix: ecchi)	keiyoushi:Comix
coolmic.me	covered	mixed	classified in sites.tsv (coolmic: explicit)	keiyoushi:Coolmic
cubari.moe	covered	safe	classified in sites.tsv (cubariproxy: ecchi)	keiyoushi:Cubari
danke.moe	covered	mixed	classified in sites.tsv (dankemoe: explicit)	keiyoushi:Danke_fürs_Lesen
demonicscans.org	covered	safe	classified in sites.tsv (demonicscans: ecchi)	keiyoushi:Manga_Demon
donghuastream.org	covered	safe	classified in sites.tsv (donghuastream: general)	mangayomi-anime:DonghuaStream yuzono-anime:Aniyomi:_DonghuaStream
+doujin.io	covered	nsfw	classified in sites.tsv (doujinio: explicit)	keiyoushi:Doujin.io_-_J18
+doujins.com	covered	nsfw	classified in sites.tsv (doujinscom: explicit)	keiyoushi:Doujins
+doujiva.com	covered	nsfw	classified in sites.tsv (doujiva: explicit)	keiyoushi:Doujiva
dramanice.cl	covered	safe	classified in sites.tsv (dramanicee: general)	salmanbappi:Aniyomi:_Dramanice
dynasty-scans.com	covered	mixed	classified in sites.tsv (dynastyscans: explicit)	keiyoushi:Dynasty_Scans
+fakku.cc	covered	nsfw	classified in sites.tsv (faccina: explicit)	keiyoushi:SpyFakku
fakkuonion.airdns.org	covered	nsfw	classified in sites.tsv (faccina: explicit)	keiyoushi:SpyFakku
fanfox.net	covered	mixed	classified in sites.tsv (fanfox: explicit)	keiyoushi:MangaFox
flamecomics.xyz	covered	safe	classified in sites.tsv (flamescans: ecchi)	keiyoushi:Flame_Comics
freemangatop.com	covered	safe	classified in sites.tsv (mangagg: explicit)	mangayomi-manga:FreeMangaTop
galaxymanga.io	covered	mixed	classified in sites.tsv (galaxymanga: explicit)	keiyoushi:Galaxy_Manga
+global.manga-up.com	covered	safe	classified in sites.tsv (globalmangaup: review)	keiyoushi:Manga_UP!
+global.toomics.com	covered	nsfw	classified in sites.tsv (toomics: explicit)	keiyoushi:Toomics
godamh.com	covered	safe	classified in sites.tsv (baozimhorg: ecchi)	keiyoushi:GoDa
guya.cubari.moe	covered	safe	classified in sites.tsv (cubariproxy: ecchi)	keiyoushi:Guya
h.mangairo.com	covered	nsfw	classified in sites.tsv (manganato: explicit)	mangayomi-manga:Mangairo
hachiraw.win	covered	mixed	classified in sites.tsv (hachiraw: explicit)	keiyoushi:Manga1000
hachirumi.com	covered	mixed	classified in sites.tsv (hachirumi: explicit)	keiyoushi:Hachirumi
+haho.moe	covered	nsfw	classified in sites.tsv (hahomoe: explicit)	yuzono-anime:Aniyomi:_haho.moe
+hanime.tv	covered	nsfw	classified in sites.tsv (hanime: explicit)	yuzono-anime:Aniyomi:_hanime.tv
+hanime1.me	covered	nsfw	classified in sites.tsv (hanime1me: explicit)	yuzono-anime:Aniyomi:_Hanime1.me
+hdoujin.org	covered	nsfw	classified in sites.tsv (hdoujin: explicit)	keiyoushi:HDoujin
hentai3z.cc	covered	nsfw	classified in sites.tsv (hentai20: explicit)	keiyoushi:Hentai3z.CC
+hentaienvy.com	covered	nsfw	classified in sites.tsv (imhentai: explicit)	keiyoushi:HentaiEnvy
+hentaiera.com	covered	nsfw	classified in sites.tsv (imhentai: explicit)	keiyoushi:HentaiEra
+hentaifox.com	covered	nsfw	classified in sites.tsv (hentaifoxtv: explicit)	keiyoushi:HentaiFox
+hentaihand.com	covered	nsfw	classified in sites.tsv (hentaihand: explicit)	keiyoushi:HentaiHand
+hentaihaven.xxx	covered	nsfw	classified in sites.tsv (hentaihaven: explicit)	yuzono-anime:Aniyomi:_HentaiHaven
+hentaihere.com	covered	nsfw	classified in sites.tsv (hentaihere: explicit)	keiyoushi:HentaiHere
+hentaikisu.com	covered	nsfw	classified in sites.tsv (hentaikisu: explicit)	keiyoushi:HentaiKisu
+hentailoop.com	covered	nsfw	classified in sites.tsv (hentailoop: explicit)	keiyoushi:HentaiLoop
+hentaimama.io	covered	nsfw	classified in sites.tsv (hentaimama: explicit)	yuzono-anime:Aniyomi:_HentaiMama
+hentainexus.com	covered	nsfw	classified in sites.tsv (hentainexus: explicit)	keiyoushi:HentaiNexus
hentairead.com	covered	nsfw	classified in sites.tsv (hentairead: explicit)	keiyoushi:HentaiRead
+hentaizap.com	covered	nsfw	classified in sites.tsv (hentaizap: explicit)	keiyoushi:HentaiZap
+hentalk.pw	covered	nsfw	classified in sites.tsv (faccina: explicit)	keiyoushi:SpyFakku
hexa.su	covered	nsfw	classified in sites.tsv (hexawatch: general)	yuzono-anime:Aniyomi:_HexaWatch
hianime.at	covered	safe	classified in sites.tsv (zokoanime: explicit)	mallyd:HiAnime
hianimes.se	covered	safe	classified in sites.tsv (zokoanime: explicit)	salmanbappi:Aniyomi:_Hianimes
+hiperdex.tv	covered	mixed	classified in sites.tsv (hiperdex: explicit)	keiyoushi:Hiperdex
+hotcomics.io	covered	nsfw	classified in sites.tsv (toomicsfree: explicit)	keiyoushi:HotComics
+hotcomics.me	covered	nsfw	classified in sites.tsv (toomicsfree: explicit)	keiyoushi:HotComics
+hstream.moe	covered	nsfw	classified in sites.tsv (hstreammoe: explicit)	yuzono-anime:Aniyomi:_Hstream
+imhentai.xxx	covered	nsfw	classified in sites.tsv (imhentai: explicit)	keiyoushi:IMHentai
itachi.tv	covered	safe	classified in sites.tsv (itachitv: explicit)	salmanbappi:Aniyomi:_Itachi
j-novel.club	covered	safe	classified in sites.tsv (jnovelclub: review)	keiyoushi:J-Novel
kaa.lt	covered	safe	classified in sites.tsv (KickAssAnime: general)	yuzono-anime:Aniyomi:_KickAssAnime
kagane.to	covered	mixed	classified in sites.tsv (kagane: review)	keiyoushi:Kagane
kaliscan.com	covered	mixed	classified in sites.tsv (manhuascan: explicit)	keiyoushi:KaliScan
kaliscan.io	covered	mixed	classified in sites.tsv (manhuascan: explicit)	keiyoushi:KaliScan
kaliscan.me	covered	mixed	classified in sites.tsv (manhuascan: explicit)	keiyoushi:KaliScan
kayoanime.com	covered	safe	classified in sites.tsv (kayoanime: general)	yuzono-anime:Aniyomi:_Kayoanime
+kemono.cr	covered	nsfw	classified in sites.tsv (kemono: explicit)	keiyoushi:Kemono
kimoitv.com	covered	safe	classified in sites.tsv (kimoitv: general)	yuzono-anime:Aniyomi:_KimoiTV
kingofshojo.com	covered	mixed	classified in sites.tsv (kingofshojo: explicit)	keiyoushi:King_of_Shojo
kisskh.ovh	covered	nsfw	classified in sites.tsv (kisskh: general)	mangayomi-anime:KissKH yuzono-anime:Aniyomi:_KissKH
klto9.com	covered	mixed	classified in sites.tsv (klto9: explicit)	keiyoushi:Klto9
klz9.com	covered	mixed	classified in sites.tsv (klto9: explicit)	keiyoushi:KissLove
kmanga.kodansha.com	covered	safe	classified in sites.tsv (kmangaapp: review)	keiyoushi:K_Manga
+kuramanga.com	covered	mixed	classified in sites.tsv (kuramanga: ecchi)	keiyoushi:KuraManga
likemanga.ink	covered	safe	classified in sites.tsv (likemangaio: explicit)	keiyoushi:LikeManga
lilymanga.net	covered	mixed	classified in sites.tsv (lilymanga: explicit)	keiyoushi:Lily_Manga
linkmanga.com	covered	mixed	classified in sites.tsv (linkmanga: ecchi)	keiyoushi:LinkManga
lmanime.com	covered	safe	classified in sites.tsv (LManime: general)	yuzono-anime:Aniyomi:_LMAnime
luacomic.org	covered	safe	classified in sites.tsv (luacomic: ecchi)	keiyoushi:Lua_Scans
luciferdonghua.in	covered	safe	classified in sites.tsv (luciferdonghua: general)	yuzono-anime:Aniyomi:_LuciferDonghua
lunarx.to	covered	mixed	classified in sites.tsv (lunaranime: general)	keiyoushi:Lunar_Manga salmanbappi:Aniyomi:_Lunar
+madaradex.org	covered	mixed	classified in sites.tsv (madaradex: explicit)	keiyoushi:MadaraDex
+manga18.club	covered	nsfw	classified in sites.tsv (manga18: explicit)	keiyoushi:Manga18.Club
+manga18fx.com	covered	nsfw	classified in sites.tsv (manga18fx: explicit)	keiyoushi:Manga18fx
manga4life.com	covered	safe	classified in sites.tsv (mangasee: ecchi)	mangayomi-manga:MangaLife
+mangaball.com	covered	mixed	classified in sites.tsv (mangaball: ecchi)	keiyoushi:Manga_Ball
mangack.com	covered	safe	classified in sites.tsv (mangack: ecchi)	keiyoushi:Mangack
mangacloud.org	covered	safe	classified in sites.tsv (mangacloud: ecchi)	keiyoushi:MangaCloud
mangade.io	covered	mixed	classified in sites.tsv (mangade: ecchi)	keiyoushi:MangaDE
mangadex.org	covered	mixed	classified in sites.tsv (mangadex: explicit)	keiyoushi:MangaDex mangayomi-manga:MangaDex
+mangadistrict.com	covered	mixed	classified in sites.tsv (mangadistrict: explicit)	keiyoushi:Manga_District
+mangadot.net	covered	mixed	classified in sites.tsv (mangadotnet: ecchi)	keiyoushi:MangaDot
mangafire.to	covered	mixed	classified in sites.tsv (mangafire: ecchi)	keiyoushi:MangaFire mangayomi-manga:Mangafire swak:Mangafire
mangafox.fun	covered	mixed	classified in sites.tsv (mangahub: explicit)	keiyoushi:MangaFox.fun
mangagg.com	covered	mixed	classified in sites.tsv (mangagg: explicit)	keiyoushi:MangaGG
mangahe.com	covered	mixed	classified in sites.tsv (mangator: explicit)	keiyoushi:MangaHe
mangahere.onl	covered	mixed	classified in sites.tsv (mangahub: explicit)	keiyoushi:MangaHere.onl
mangahub.io	covered	mixed	classified in sites.tsv (mangahub: explicit)	keiyoushi:MangaHub
mangak.io	covered	mixed	classified in sites.tsv (mangabuddy: ecchi)	keiyoushi:MangaK
mangakakalot.fun	covered	mixed	classified in sites.tsv (mangahub: explicit)	keiyoushi:Mangakakalot.fun
+mangakatana.com	covered	mixed	classified in sites.tsv (mangakatana: ecchi)	keiyoushi:MangaKatana
+mangamaniacs.org	covered	nsfw	classified in sites.tsv (mangamaniacs: explicit)	keiyoushi:MangaManiacs
mangamillion.shueisha.co.jp	covered	safe	classified in sites.tsv (mangaplusapp: review)	keiyoushi:Manga_Million
+mangamirai.com	covered	safe	classified in sites.tsv (mangamirai: ecchi)	keiyoushi:Manga_Mirai
manganel.me	covered	mixed	classified in sites.tsv (mangahub: explicit)	keiyoushi:MangaNel
manganow.to	covered	mixed	classified in sites.tsv (mangareadorg: explicit)	keiyoushi:MangaNow
mangaonline.fun	covered	mixed	classified in sites.tsv (mangahub: explicit)	keiyoushi:MangaOnline.fun
+mangapill.com	covered	mixed	classified in sites.tsv (mangapill: ecchi)	keiyoushi:MangaPill swak:Mangapill
mangaplaza.com	covered	mixed	classified in sites.tsv (mangaplaza: review)	keiyoushi:MangaPlaza
mangaplus.shueisha.co.jp	covered	safe	classified in sites.tsv (mangaplus: review)	keiyoushi:MANGA_Plus_by_SHUEISHA
mangareader.site	covered	safe	classified in sites.tsv (mangahub: explicit)	keiyoushi:MangaReader.site
mangasee123.com	covered	safe	classified in sites.tsv (mangasee: ecchi)	mangayomi-manga:MangaSee
mangasushi.org	covered	safe	classified in sites.tsv (mangasushi: explicit)	keiyoushi:Mangasushi mangayomi-manga:Mangasushi
mangataro.org	covered	mixed	classified in sites.tsv (mangapeak: ecchi)	keiyoushi:MangaTaro
mangatoday.fun	covered	mixed	classified in sites.tsv (mangahub: explicit)	keiyoushi:MangaToday
+mangatoon.mobi	covered	safe	classified in sites.tsv (mangatoon: review)	keiyoushi:MangaToon_(Limited)
+mangatx.cc	covered	mixed	classified in sites.tsv (mangatx: explicit)	keiyoushi:MangaTX
mangavyvy.net	covered	mixed	classified in sites.tsv (vyvymanga: explicit)	keiyoushi:VyvyManga
+mangayy.org	covered	mixed	classified in sites.tsv (likemangaio: explicit)	keiyoushi:MangaYY
mangazin.org	covered	mixed	classified in sites.tsv (mangazin: explicit)	keiyoushi:Zinmanga
+manhuahot.com	covered	safe	classified in sites.tsv (mangahotto: ecchi)	keiyoushi:ManhuaHot
manhuaplus.com	covered	safe	classified in sites.tsv (manhuaplus: explicit)	keiyoushi:Manhua_Plus
manhuascans.org	covered	safe	classified in sites.tsv (godacomic: ecchi)	keiyoushi:Goda
+manhuatop.org	covered	mixed	classified in sites.tsv (topmanhua: ecchi)	keiyoushi:ManhuaTop
+manhwa18.com	covered	nsfw	classified in sites.tsv (manhwa18: explicit)	keiyoushi:Manhwa18
+manhwabuddy.com	covered	mixed	classified in sites.tsv (manhwabuddy: explicit)	keiyoushi:ManhwaBuddy
manhwaread.com	covered	mixed	classified in sites.tsv (hentairead: explicit)	keiyoushi:ManhwaRead
manhwatop.com	covered	mixed	classified in sites.tsv (manhwatop: explicit)	keiyoushi:Manhwatop
manta.net	covered	mixed	classified in sites.tsv (manta: review)	keiyoushi:Manta_Comics
mgjinx.com	covered	mixed	classified in sites.tsv (manhuascan: explicit)	keiyoushi:KaliScan
mgread.io	covered	mixed	classified in sites.tsv (likemangaio: explicit)	keiyoushi:Mgread.io
mkissa.to	covered	mixed	classified in sites.tsv (AllAnime: general)	keiyoushi:AllManga salmanbappi:Aniyomi:_MKissa yuzono-anime:Aniyomi:_MKissa
myanime.live	covered	safe	classified in sites.tsv (myanimelive: general)	yuzono-anime:Aniyomi:_Myanime
myasiantv.com.lv	covered	safe	classified in sites.tsv (myasiantv: general)	salmanbappi:Aniyomi:_Myasiantv
+myreadingmanga.info	covered	nsfw	classified in sites.tsv (myreadingmanga: explicit)	keiyoushi:MyReadingManga yuzono-anime:Aniyomi:_MyReadingManga
nekobt.to	covered	safe	classified in sites.tsv (nekobt: general)	hayase-dub:NekoBT_Dubs hayase-multi:NekoBT_MultiSub hayase:NekoBT
nepu.io	covered	safe	classified in sites.tsv (neputo: general)	salmanbappi:Aniyomi:_Nepu
nicomanga.com	covered	mixed	classified in sites.tsv (nicomanga: explicit)	keiyoushi:Nicomanga
nihonkuni.com	covered	mixed	classified in sites.tsv (nihonkuni: explicit)	keiyoushi:NihonKuni
+niyaniya.moe	covered	nsfw	classified in sites.tsv (kskmoe: explicit)	keiyoushi:SchaleNetwork
novelfire.net	covered	safe	classified in sites.tsv (novelfire: ecchi)	mangayomi-novel:NovelFire
nyaa.si	covered	nsfw	classified in sites.tsv (nyaasi: general)	mangayomi-anime:Nyaa yuzono-anime:Aniyomi:_Nyaa_(Torrent)
+omegascans.org	covered	nsfw	classified in sites.tsv (omegascans: explicit)	keiyoushi:Omega_Scans
onemanga.info	covered	mixed	classified in sites.tsv (mangahub: explicit)	keiyoushi:OneManga.info
onisaga.com	covered	mixed	classified in sites.tsv (onisaga: ecchi)	keiyoushi:OniSaga
+oppai.stream	covered	nsfw	classified in sites.tsv (oppaistream: explicit)	yuzono-anime:Aniyomi:_Oppai_Stream
+panda.chaika.moe	covered	nsfw	classified in sites.tsv (pandabackup: general)	keiyoushi:PandaChaika
+pawchive.pw	covered	nsfw	classified in sites.tsv (pawchive: explicit)	keiyoushi:Pawchive
projectsuki.com	covered	safe	classified in sites.tsv (projectsuki: explicit)	keiyoushi:Project_Suki
raw.senmanga.com	covered	mixed	classified in sites.tsv (senmanga: ecchi)	keiyoushi:Sen_Manga
raw1001.net	covered	mixed	classified in sites.tsv (raw1001: explicit)	keiyoushi:Raw1001
rawdevart.art	covered	mixed	classified in sites.tsv (rawuwu: explicit)	keiyoushi:Rawdevart.art
rawinu.com	covered	mixed	classified in sites.tsv (nicomanga: explicit)	keiyoushi:RawINU
rawkuma.net	covered	mixed	classified in sites.tsv (rawkuma: ecchi)	keiyoushi:Rawkuma
rawotaku.com	covered	mixed	classified in sites.tsv (rawotaku: ecchi)	keiyoushi:Raw_Otaku
rawuwu.net	covered	mixed	classified in sites.tsv (rawuwu: explicit)	keiyoushi:Raw_UwU
+read.oppai.stream	covered	mixed	classified in sites.tsv (readoppai: explicit)	keiyoushi:Oppai_Stream
reanime.cz	covered	safe	classified in sites.tsv (reanime: general)	mallyd:ReAnime
reanime.to	covered	nsfw	classified in sites.tsv (reanime: general)	salmanbappi:Aniyomi:_ReAnime yuzono-anime:Aniyomi:_Re:ANIME
rokaricomics.com	covered	safe	classified in sites.tsv (rokaricomics: ecchi)	keiyoushi:RokariComics
roliascan.com	covered	safe	classified in sites.tsv (mangapeak: ecchi)	keiyoushi:Rolia_Scan
+rule34video.com	covered	nsfw	classified in sites.tsv (r34: explicit)	yuzono-anime:Aniyomi:_Rule34Video
scans.gg	covered	mixed	classified in sites.tsv (scansgg: ecchi)	keiyoushi:ScansGG
schale.network	covered	nsfw	classified in sites.tsv (kskmoe: explicit)	keiyoushi:SchaleNetwork
senshi.to	covered	nsfw	classified in sites.tsv (senshi: general)	mallyd:Senshi salmanbappi:Aniyomi:_Senshi yuzono-anime:Aniyomi:_Senshi
+shupogaki.moe	covered	nsfw	classified in sites.tsv (kskmoe: explicit)	keiyoushi:SchaleNetwork
shuttletv.su	covered	safe	classified in sites.tsv (shuttletv: general)	salmanbappi:Aniyomi:_ShuttleTV
silentquill.net	covered	mixed	classified in sites.tsv (silentquill: explicit)	keiyoushi:SilentQuill
subsplease.org	covered	safe	classified in sites.tsv (subsplease: general)	mangayomi-anime:SubsPlease yuzono-anime:Aniyomi:_Subsplease
sukebei.nyaa.si	covered	nsfw	classified in sites.tsv (nyaasi-sukebei: explicit)	hayase-hentai:Nyaa_Sukebei yuzono-anime:Aniyomi:_Nyaa_(Torrent)
tapas.io	covered	mixed	classified in sites.tsv (tapas: review)	keiyoushi:Tapas
+theblank.net	covered	nsfw	classified in sites.tsv (theblank: explicit)	keiyoushi:The_Blank
todaymanga.com	covered	mixed	classified in sites.tsv (todaymanga: ecchi)	keiyoushi:TodayManga
toonhey.com	covered	nsfw	classified in sites.tsv (toomicsfree: explicit)	keiyoushi:ToonHey
+toonily.com	covered	mixed	classified in sites.tsv (toonily: ecchi)	keiyoushi:Toonily
toontop.io	covered	nsfw	classified in sites.tsv (toonitube: explicit)	keiyoushi:Toonily.me
toonworld4all.me	covered	safe	classified in sites.tsv (toonworld4all: general)	salmanbappi:Aniyomi:_ToonWorld4All
+weebcentral.com	covered	mixed	classified in sites.tsv (mangasee: ecchi)	keiyoushi:Weeb_Central mangayomi-manga:Weeb_Central swak:Weeb_Central
weloma.art	covered	safe	classified in sites.tsv (welomaraw: ecchi)	swak:WeLoMa
woopread.com	covered	safe	classified in sites.tsv (woopread: ecchi)	keiyoushi:WoopRead
wuxiaworld.site	covered	safe	classified in sites.tsv (wuxiaworld: ecchi)	keiyoushi:WuxiaWorld
ww3.mangafreak.me	covered	mixed	classified in sites.tsv (mfreak: ecchi)	keiyoushi:Mangafreak
www.anime-loads.org	covered	nsfw	classified in sites.tsv (animeloads: general)	yuzono-anime:Aniyomi:_Anime-Loads
www.animegg.org	covered	safe	classified in sites.tsv (ANIMEGG: general)	yuzono-anime:Aniyomi:_AnimeGG
www.animeonsen.xyz	covered	safe	classified in sites.tsv (AnimeOnsen: general)	yuzono-anime:Aniyomi:_AnimeOnsen
www.animepahe.com	covered	safe	classified in sites.tsv (animepahe: general)	mangayomi-anime:AnimePahe
www.animeparadise.moe	covered	safe	classified in sites.tsv (AnimeParadise: general)	yuzono-anime:Aniyomi:_AnimeParadise
www.baozimh.com	covered	safe	classified in sites.tsv (twmanga: ecchi)	keiyoushi:Baozi_Manhua mangayomi-manga:包子漫画
www.goodtoon005.com	covered	mixed	classified in sites.tsv (goodtoon: ecchi)	keiyoushi:GoodToon
www.mangabats.com	covered	mixed	classified in sites.tsv (manganato: explicit)	keiyoushi:Mangabat mangayomi-manga:Mangabat
www.mangago.me	covered	mixed	classified in sites.tsv (mangago: explicit)	keiyoushi:Mangago
+www.mangahere.cc	covered	mixed	classified in sites.tsv (fanfox: explicit)	keiyoushi:Mangahere mangayomi-manga:MangaHere
www.mangakakalot.gg	covered	mixed	classified in sites.tsv (manganato: explicit)	keiyoushi:Mangakakalot mangayomi-manga:Mangakakalot
www.mangakakalove.com	covered	mixed	classified in sites.tsv (manganato: explicit)	keiyoushi:Mangakakalot
www.manganato.gg	covered	mixed	classified in sites.tsv (manganato: explicit)	keiyoushi:Manganato
www.mangaread.org	covered	mixed	classified in sites.tsv (mangareadorg: explicit)	keiyoushi:MangaRead.org mangayomi-manga:MangaEffect mangayomi-manga:MangaRead.org
www.mangatown.com	covered	mixed	classified in sites.tsv (mangatown: ecchi)	keiyoushi:Mangatown
www.manhwaden.com	covered	nsfw	classified in sites.tsv (manhwaden: explicit)	keiyoushi:ManhwaDen
+www.manhwatoon.me	covered	mixed	classified in sites.tsv (manhwatoonme: ecchi)	keiyoushi:Manhwa_Toon
www.mgeko.cc	covered	mixed	classified in sites.tsv (mangageko: ecchi)	keiyoushi:MangaGeko
www.miruro.to	covered	safe	classified in sites.tsv (miruro: general)	mallyd:Miruro
www.natomanga.com	covered	mixed	classified in sites.tsv (manganato: explicit)	keiyoushi:Manganato mangayomi-manga:Manganato
www.nelomanga.net	covered	mixed	classified in sites.tsv (manganato: explicit)	keiyoushi:Manganato
www.novelcool.com	covered	mixed	classified in sites.tsv (novelcool: ecchi)	keiyoushi:NovelCool
www.novelupdates.com	covered	safe	classified in sites.tsv (novelupdates: review)	mangayomi-novel:Novel_Updates
www.omoi.com	covered	mixed	classified in sites.tsv (azuki: review)	keiyoushi:Omoi
www.pixiv.net	covered	mixed	classified in sites.tsv (pixiv: review)	keiyoushi:Pixiv
www.pornhwaz.com	covered	nsfw	classified in sites.tsv (pornhwaz: explicit)	keiyoushi:Pornhwaz
www.royalroad.com	covered	safe	classified in sites.tsv (royalroad: review)	mangayomi-novel:RoyalRoad
+www.simply-hentai.com	covered	nsfw	classified in sites.tsv (simplyhentai: explicit)	keiyoushi:Simply_Hentai
+www.toongod.org	covered	mixed	classified in sites.tsv (toongod: explicit)	keiyoushi:ToonGod
www.wco.tv	covered	safe	classified in sites.tsv (WCO: explicit)	yuzono-anime:Aniyomi:_WcoTv
www.wcoanimedub.tv	covered	safe	classified in sites.tsv (WCO: explicit)	yuzono-anime:Aniyomi:_WcoAnimeDub
www.wcoanimesub.tv	covered	safe	classified in sites.tsv (WCO: explicit)	yuzono-anime:Aniyomi:_WcoAnimeSub
www.wcoflix.tv	covered	safe	classified in sites.tsv (WCO: explicit)	yuzono-anime:Aniyomi:_Wcofun
www.wcostream.tv	covered	safe	classified in sites.tsv (WCO: explicit)	yuzono-anime:Aniyomi:_WCOStream
www.webnovel.com	covered	safe	classified in sites.tsv (webnovelcom: review)	keiyoushi:WebNovel
+www.webtoon.xyz	covered	mixed	classified in sites.tsv (webtoonxyz: explicit)	keiyoushi:WebtoonXYZ
www.webtoons.com	covered	safe	classified in sites.tsv (webtoon: review)	keiyoushi:Webtoons.com mangayomi-manga:Webtoons
www.zazamanga.com	covered	mixed	classified in sites.tsv (zinmanga: explicit)	keiyoushi:Zazamanga
www.zinmanga.net	covered	safe	classified in sites.tsv (zinmanga: explicit)	keiyoushi:Zinmanga.net mangayomi-manga:Zinmanga.net
xanime.me	covered	nsfw	classified in sites.tsv (xanime: explicit)	salmanbappi:Aniyomi:_Xanime yuzono-anime:Aniyomi:_XAnime
xcomic.me	covered	mixed	classified in sites.tsv (xcomic: explicit)	keiyoushi:XCOMIC
xcomic.net	covered	mixed	classified in sites.tsv (xcomic: explicit)	keiyoushi:XCOMIC
+yabai.si	covered	nsfw	classified in sites.tsv (akumamoe: explicit)	keiyoushi:Yabai
+yaoimangaonline.com	covered	nsfw	classified in sites.tsv (yaoimangaonline: explicit)	keiyoushi:Yaoi_Manga_Online
yaoiscan.com	covered	mixed	classified in sites.tsv (yaoiscan: ecchi)	keiyoushi:YaoiScan
yona.to	covered	mixed	classified in sites.tsv (xcomic: explicit)	keiyoushi:XCOMIC
