# host (+ = already in Hagezi NSFW at audit time)	tier	group	evidence	where (fmhy page/section)
9animstv.to	explicit	anime	verified labels: erotica	video/Anime Streaming
absorbiendomangas2.blogspot.com	explicit	reading	verified labels: smut	non-english/Reading / Leer
agnai.chat	explicit	ai	fmhy annotates it Some NSFW	ai/Roleplaying Chatbots
anime-odcinki.pl	explicit	video	verified labels: hentai	non-english/Streaming
animed23.com	explicit	video	verified labels: erotica	non-english/Streaming / Streamear
archiveofourown.org	explicit	reading	verified: 2,993,092 works rated Explicit, browsable without logging in	reading/Fanfiction / Stories
bots.miku.gg	explicit	ai	fmhy annotates it Some NSFW	ai/Roleplaying Chatbots
dlraw.app	explicit	reading	verified labels: adult,hentai,smut	non-english/Reading / 読書
docs.miku.gg	explicit	ai	fmhy annotates it Some NSFW	ai/Roleplaying Chatbots
everythingmoe.org	explicit	anime	verified labels: nsfw	audio/Media Soundtracks | misc/Indexes | reading/Light Novels | reading/Manga | video/Anime Streaming | video/Drama Streaming | video/Anime Downloading
flowgpt.com	explicit	ai	fmhy annotates it Some NSFW	ai/Roleplaying Chatbots
freeclassicimages.com	explicit	images	fmhy annotates it Some NSFW	image-tools/Download Images
greeksubs.net	explicit	video	verified labels: hentai	non-english/Streaming
infini.wtf	explicit	images	verified labels: 18+	image-tools/Image Search Engines | social-media-tools/Reddit Tools
lightnovelheaven.com	explicit	reading	verified labels: adult,smut	reading/Light Novels
lite.koboldai.net	explicit	ai	fmhy annotates it Some NSFW	ai/Roleplaying Chatbots
manga-zip.my	explicit	reading	verified labels: adult,hentai,smut	non-english/Reading / 読書
mangajikan.is	explicit	reading	verified labels: hentai	non-english/Reading / 読書
mangavault.lat	explicit	reading	fmhy annotates it Some NSFW	non-english/Reading / Leer
manhwaweb.top	explicit	reading	fmhy annotates it Some NSFW	non-english/Reading / Leer
meionovels.com	explicit	reading	verified labels: hentai	non-english/Reading / Membaca
novelfull.com	explicit	reading	verified labels: adult,smut	reading/Light Novels
perchance.org	explicit	ai	fmhy annotates it NSFW / Some NSFW	ai/Image Generation | ai/Roleplaying Chatbots | developer-tools/AI Web Coding
piczel.tv	explicit	images	verified labels: nsfw	image-tools/Online Galleries
raw-cans.net	explicit	reading	verified labels: erotic,hentai	non-english/Reading / 読書
wallhaven.cc	explicit	images	fmhy annotates it Some NSFW	mobile/Customization | system-tools/Wallpapers
ww0.13dl.app	explicit	reading	verified labels: adult,hentai,smut	non-english/Reading / 読書
www.comic-rocket.com	explicit	reading	fmhy annotates it Some NSFW	reading/Comics
www.hammerai.com	explicit	ai	fmhy annotates it Some NSFW	ai/Roleplaying Chatbots
www.inkitt.com	explicit	reading	verified labels: erotic,erotica,smut	reading/Fanfiction / Stories
www.kingsmanga.net	explicit	reading	verified labels: erotic,hentai	non-english/Reading / อ่าน
www.kumanga.com	explicit	reading	fmhy annotates it Some NSFW	non-english/Reading / Leer
www.spnmanga.com	explicit	reading	verified labels: adult,hentai,smut	non-english/Reading / Leer
baozimh.one	ecchi	manga	inferred: unofficial full-catalogue manga source; catalogue includes ecchi titles	non-english/Manga
comic.acgn.cc	ecchi	manga	inferred: unofficial full-catalogue manga source; catalogue includes ecchi titles	non-english/Manga
dumanwu.com	ecchi	manga	inferred: unofficial full-catalogue manga source; catalogue includes ecchi titles	non-english/Manga
fuckdm.ca	ecchi	manga	inferred: unofficial full-catalogue manga source; catalogue includes ecchi titles	reading/Manga
mangaball.net	ecchi	manga	inferred: unofficial full-catalogue manga source; catalogue includes ecchi titles	reading/Manga
mp4directs.com	ecchi	manga	inferred: unofficial full-catalogue manga source; catalogue includes ecchi titles	reading/Light Novels | reading/Manga
ocecomic.com	ecchi	reading	verified labels: mature	reading/Comics
raw-zip.com	ecchi	reading	verified labels: ecchi	non-english/Reading / 読書
scanlate.io	ecchi	manga	inferred: unofficial full-catalogue manga source; catalogue includes ecchi titles	reading/Manga
tel.1kkk.com	ecchi	manga	inferred: unofficial full-catalogue manga source; catalogue includes ecchi titles	non-english/Manga
tobari.moe	ecchi	manga	inferred: unofficial full-catalogue manga source; catalogue includes ecchi titles	reading/Manga
www.36mh.org	ecchi	manga	inferred: unofficial full-catalogue manga source; catalogue includes ecchi titles	non-english/Manga
www.fengchemh.com	ecchi	manga	inferred: unofficial full-catalogue manga source; catalogue includes ecchi titles	non-english/Manga
www.lexmangas.com	ecchi	reading	verified labels: ecchi	non-english/Reading / Leer
www.manben.com	ecchi	manga	inferred: unofficial full-catalogue manga source; catalogue includes ecchi titles	non-english/Manga
www.manhuapi.cc	ecchi	manga	inferred: unofficial full-catalogue manga source; catalogue includes ecchi titles	non-english/Manga
www.manhuazhan.com	ecchi	manga	inferred: unofficial full-catalogue manga source; catalogue includes ecchi titles	non-english/Manga
www.mkzhan.com	ecchi	manga	inferred: unofficial full-catalogue manga source; catalogue includes ecchi titles	non-english/Manga
www.yibenmanhua.com	ecchi	manga	inferred: unofficial full-catalogue manga source; catalogue includes ecchi titles	non-english/Manga
4chan-next.com	bypass	imageboard	4chan archive/viewer; 4chan.org is blocked on the router (archives sit behind Cloudflare, so board lists could not be read)	social-media-tools/4chan Tools
4chansearch.com	bypass	imageboard	4chan archive/viewer; 4chan.org is blocked on the router (archives sit behind Cloudflare, so board lists could not be read)	internet-tools/Search Tools | social-media-tools/4chan Archives
4get.ca	bypass	search	search engine with no vendor-documented DNS safe-search enforcement (inferred; live checks hit bot walls, Marginalia returned explicit-site results)	privacy/Search Engines
4search.neocities.org	bypass	imageboard	4chan archive/viewer; 4chan.org is blocked on the router (archives sit behind Cloudflare, so board lists could not be read)	internet-tools/Search Tools | social-media-tools/4chan Archives
arch.b4k.dev	bypass	imageboard	4chan archive/viewer; 4chan.org is blocked on the router (archives sit behind Cloudflare, so board lists could not be read)	social-media-tools/4chan Archives
archive.4plebs.org	bypass	imageboard	4chan archive/viewer; 4chan.org is blocked on the router (archives sit behind Cloudflare, so board lists could not be read)	social-media-tools/4chan Archives
archive.palanq.win	bypass	imageboard	4chan archive/viewer; 4chan.org is blocked on the router (archives sit behind Cloudflare, so board lists could not be read)	social-media-tools/4chan Archives
archived.moe	bypass	imageboard	4chan archive/viewer; 4chan.org is blocked on the router (archives sit behind Cloudflare, so board lists could not be read)	social-media-tools/4chan Archives
arctic-shift.photon-reddit.com	bypass	frontend	Reddit viewer/archive/search; reddit.com is blocked on the router	social-media-tools/Reddit Search
ayasequart.org	bypass	imageboard	4chan archive/viewer; 4chan.org is blocked on the router (archives sit behind Cloudflare, so board lists could not be read)	social-media-tools/4chan Archives
betterredditsearch.web.app	bypass	frontend	Reddit viewer/archive/search; reddit.com is blocked on the router	social-media-tools/Reddit Search
catalog.neet.tv	bypass	imageboard	4chan archive/viewer; 4chan.org is blocked on the router (archives sit behind Cloudflare, so board lists could not be read)	social-media-tools/4chan Archives
deletedby.com	bypass	frontend	Reddit viewer/archive/search; reddit.com is blocked on the router	social-media-tools/Reddit Search
desuarchive.org	bypass	imageboard	4chan archive/viewer; 4chan.org is blocked on the router (archives sit behind Cloudflare, so board lists could not be read)	social-media-tools/4chan Archives
ghostddit.aeddit.com	bypass	frontend	Reddit viewer/archive/search; reddit.com is blocked on the router	social-media-tools/Reddit Search
html.duckduckgo.com	bypass	search	DuckDuckGo subdomain not covered by the router's safe.duckduckgo.com redirect; the safe IP refuses noai and html/lite enforcement could not be verified	privacy/Search Engines
ihsoyct.github.io	bypass	frontend	Reddit viewer/archive/search; reddit.com is blocked on the router	social-media-tools/Reddit Search
jumps.io	bypass	search	search engine with no vendor-documented DNS safe-search enforcement (inferred; live checks hit bot walls, Marginalia returned explicit-site results)	internet-tools/Search Engines
lite.duckduckgo.com	bypass	search	DuckDuckGo subdomain not covered by the router's safe.duckduckgo.com redirect; the safe IP refuses noai and html/lite enforcement could not be verified	privacy/Search Engines
marginalia-search.com	bypass	search	search engine with no vendor-documented DNS safe-search enforcement (inferred; live checks hit bot walls, Marginalia returned explicit-site results)	internet-tools/Search Engines
nilch.org	bypass	search	search engine with no vendor-documented DNS safe-search enforcement (inferred; live checks hit bot walls, Marginalia returned explicit-site results)	privacy/Search Engines
noai.duckduckgo.com	bypass	search	DuckDuckGo subdomain not covered by the router's safe.duckduckgo.com redirect; the safe IP refuses noai and html/lite enforcement could not be verified	privacy/Search Engines
oceanhero.today	bypass	search	search engine with no vendor-documented DNS safe-search enforcement (inferred; live checks hit bot walls, Marginalia returned explicit-site results)	internet-tools/Search Engines
old.sage.moe	bypass	imageboard	4chan archive/viewer; 4chan.org is blocked on the router (archives sit behind Cloudflare, so board lists could not be read)	social-media-tools/4chan Archives
opnxng.com	bypass	search	search engine with no vendor-documented DNS safe-search enforcement (inferred; live checks hit bot walls, Marginalia returned explicit-site results)	storage/Searx Instances
reddit-chan.vercel.app	bypass	imageboard	Reddit viewer/archive/search; reddit.com is blocked on the router	social-media-tools/4chan Tools
redditstuff.github.io	bypass	frontend	Reddit viewer/archive/search; reddit.com is blocked on the router	social-media-tools/Subreddit Discovery
rosintplus.github.io	bypass	frontend	Reddit viewer/archive/search; reddit.com is blocked on the router	social-media-tools/Reddit Search
scrolldrop.com	bypass	frontend	Reddit viewer/archive/search; reddit.com is blocked on the router	social-media-tools/Reddit Search
search.carrot2.org	bypass	search	search engine with no vendor-documented DNS safe-search enforcement (inferred; live checks hit bot walls, Marginalia returned explicit-site results)	internet-tools/Search Engines
search.pullpush.io	bypass	frontend	Reddit viewer/archive/search; reddit.com is blocked on the router	social-media-tools/Reddit Search
search.tiago.zip	bypass	search	search engine with no vendor-documented DNS safe-search enforcement (inferred; live checks hit bot walls, Marginalia returned explicit-site results)	privacy/Search Engines
search.yahoo.com	bypass	search	search engine with no vendor-documented DNS safe-search enforcement (inferred; live checks hit bot walls, Marginalia returned explicit-site results)	router check (2026-10-01)
searchengine.party	bypass	search	search engine with no vendor-documented DNS safe-search enforcement (inferred; live checks hit bot walls, Marginalia returned explicit-site results)	privacy/Search Engines
ssstik.io	bypass	frontend	TikTok viewer/downloader; tiktok.com is blocked on the router	social-media-tools/TikTok Tools | video-tools/Video Download
subranking.com	bypass	frontend	Reddit viewer/archive/search; reddit.com is blocked on the router	social-media-tools/Subreddit Discovery
subreddits.org	bypass	frontend	Reddit viewer/archive/search; reddit.com is blocked on the router	social-media-tools/Subreddit Discovery
subredditstats.com	bypass	frontend	Reddit viewer/archive/search; reddit.com is blocked on the router	social-media-tools/Subreddit Discovery
undelete.pullpush.io	bypass	frontend	Reddit viewer/archive/search; reddit.com is blocked on the router	social-media-tools/Reddit Search
urlebird.com	bypass	frontend	TikTok viewer/downloader; tiktok.com is blocked on the router	social-media-tools/TikTok Tools
vuhuv.com	bypass	search	search engine with no vendor-documented DNS safe-search enforcement (inferred; live checks hit bot walls, Marginalia returned explicit-site results)	internet-tools/Search Engines
vyrd.bibanon.org	bypass	imageboard	4chan archive/viewer; 4chan.org is blocked on the router (archives sit behind Cloudflare, so board lists could not be read)	social-media-tools/4chan Archives
web-sites-search.web.app	bypass	search	search engine with no vendor-documented DNS safe-search enforcement (inferred; live checks hit bot walls, Marginalia returned explicit-site results)	internet-tools/Search Engines
www.4webm.org	bypass	imageboard	4chan archive/viewer; 4chan.org is blocked on the router (archives sit behind Cloudflare, so board lists could not be read)	social-media-tools/4chan Tools
www.directsearch.net	bypass	search	search engine with no vendor-documented DNS safe-search enforcement (inferred; live checks hit bot walls, Marginalia returned explicit-site results)	internet-tools/Search Engines
www.ecosia.org	bypass	ai	search engine with no vendor-documented DNS safe-search enforcement (inferred; live checks hit bot walls, Marginalia returned explicit-site results)	ai/Image Generation | ai/Multiple Model Sites | internet-tools/Search Engines
www.etools.ch	bypass	search	search engine with no vendor-documented DNS safe-search enforcement (inferred; live checks hit bot walls, Marginalia returned explicit-site results)	internet-tools/Search Engines
www.reveddit.com	bypass	frontend	Reddit viewer/archive/search; reddit.com is blocked on the router	social-media-tools/Reddit Search
www.rosint.dev	bypass	frontend	Reddit viewer/archive/search; reddit.com is blocked on the router	social-media-tools/Reddit Search
www.yandex.com	bypass	search	Yandex domain not covered by the router's family-search redirect (resolves to normal Yandex servers)	router check (2026-10-01)
ya.ru	bypass	search	Yandex domain not covered by the router's family-search redirect (resolves to normal Yandex servers)	router check (2026-10-01)
0xacab.org	review	bypass	VPN/proxy/DNS service; not in Hagezi bypass list; enable that list rather than listing these here	file-tools/File Info / Metadata | privacy/VPN
0xerr0r.github.io	review	bypass	VPN/proxy/DNS service; not in Hagezi bypass list; enable that list rather than listing these here	privacy/DNS Adblocking
35mm.online	review	video	legal free/archive streaming (fmhy section: Film Archives)	non-english/Streaming | video/Film Archives
7plus.com.au	review	video	legal free/archive streaming (fmhy section: Free w/ Ads)	video/Free w/ Ads
ac.qq.com	review	manga	licensed/mainstream legal service or publisher	non-english/Manga
academictorrents.com	review	frontend	viewer/front-end for a platform the router does not block (X, Tumblr, Instagram, YouTube); follows the decision on that platform	reading/Educational Books | social-media-tools/Reddit Search
acavalin.com	review	bypass	VPN/proxy/DNS service; not in Hagezi bypass list; enable that list rather than listing these here	storage/Free DNS Resolvers
adguard-dns.io	review	bypass	VPN/proxy/DNS service; not in Hagezi bypass list; enable that list rather than listing these here	privacy/DNS Adblocking | storage/Free DNS Resolvers
adguard.com	review	bypass	VPN/proxy/DNS service; not in Hagezi bypass list; enable that list rather than listing these here	beginners-guide/Adblocking | internet-tools/Temp Mail | linux-macos/Mac Adblock / Privacy | mobile/Android Adblocking | privacy/DNS Adblocking
advanced.name	review	bypass	in Hagezi DoH/VPN/TOR/Proxy bypass list; enable that list rather than listing these here	storage/Proxy Lists
airvpn.org	review	bypass	in Hagezi DoH/VPN/TOR/Proxy bypass list; enable that list rather than listing these here	privacy/VPN
amnezia.org	review	bypass	in Hagezi DoH/VPN/TOR/Proxy bypass list; enable that list rather than listing these here	privacy/Proxy Clients | privacy/VPN Server | privacy/VPN Tools
anonyig.com	review	frontend	viewer/front-end for a platform the router does not block (X, Tumblr, Instagram, YouTube); follows the decision on that platform	social-media-tools/Viewers / Downloaders
anvaka.github.io	review	frontend	viewer/front-end for a platform the router does not block (X, Tumblr, Instagram, YouTube); follows the decision on that platform	misc/Satellite / Earth Data | social-media-tools/Subreddit Discovery
api.invidious.io	review	frontend	viewer/front-end for a platform the router does not block (X, Tumblr, Instagram, YouTube); follows the decision on that platform	social-media-tools/Players / Frontends
athome.fandango.com	review	video	legal free/archive streaming (fmhy section: Free w/ Ads)	video/Free w/ Ads
axinstagram.com	review	frontend	viewer/front-end for a platform the router does not block (X, Tumblr, Instagram, YouTube); follows the decision on that platform	social-media-tools/Discord Tools | social-media-tools/Instagram Tools
badmojr.github.io	review	bypass	VPN/proxy/DNS service; not in Hagezi bypass list; enable that list rather than listing these here	privacy/DNS Filters
bancuh.com	review	bypass	in Hagezi DoH/VPN/TOR/Proxy bypass list; enable that list rather than listing these here	storage/Free DNS Resolvers
bitmask.net	review	bypass	VPN/proxy/DNS service; not in Hagezi bypass list; enable that list rather than listing these here	privacy/VPN
blog.trailofbits.com	review	bypass	VPN/proxy/DNS service; not in Hagezi bypass list; enable that list rather than listing these here	privacy/VPN Server
blog.uncensoreddns.org	review	bypass	in Hagezi DoH/VPN/TOR/Proxy bypass list; enable that list rather than listing these here	storage/Free DNS Resolvers
censortracker.org	review	bypass	in Hagezi DoH/VPN/TOR/Proxy bypass list; enable that list rather than listing these here	privacy/Proxy
channelsurfer.tv	review	frontend	viewer/front-end for a platform the router does not block (X, Tumblr, Instagram, YouTube); follows the decision on that platform	social-media-tools/Players / Frontends | video/Stream Lounges
cinemata.org	review	video	legal free/archive streaming (fmhy section: Film Archives)	video/Film Archives
cinetimes.org	review	video	legal free/archive streaming (fmhy section: Classics / Public Domain)	video/Classics / Public Domain
codeofaninja.com	review	frontend	viewer/front-end for a platform the router does not block (X, Tumblr, Instagram, YouTube); follows the decision on that platform	social-media-tools/Instagram Tools
commons.wikimedia.org	review	reading	legal free/archive streaming (fmhy section: Classics / Public Domain)	educational/Constructed Languages | non-english/Reading / 阅读 | video/Classics / Public Domain
community-notes-leaderboard.com	review	frontend	viewer/front-end for a platform the router does not block (X, Tumblr, Instagram, YouTube); follows the decision on that platform	social-media-tools/Twitter/X Tools
controld.com	review	bypass	VPN/proxy/DNS service; not in Hagezi bypass list; enable that list rather than listing these here	privacy/DNS Adblocking | storage/Free DNS Resolvers
corporate.tubitv.com	review	video	legal free/archive streaming (fmhy section: Free w/ Ads)	video/Free w/ Ads
cyber-gateway.net	review	bypass	in Hagezi DoH/VPN/TOR/Proxy bypass list; enable that list rather than listing these here	storage/Proxy Lists
davidarroyo1234.github.io	review	frontend	viewer/front-end for a platform the router does not block (X, Tumblr, Instagram, YouTube); follows the decision on that platform	social-media-tools/Instagram Tools
developers.cloudflare.com	review	bypass	VPN/proxy/DNS service; not in Hagezi bypass list; enable that list rather than listing these here	privacy/VPN Server | storage/Free DNS Resolvers
digitaler-lesesaal.bundesarchiv.de	review	video	legal free/archive streaming (fmhy section: Film Archives)	video/Film Archives
digitalfilmarchive.net	review	video	legal free/archive streaming (fmhy section: Film Archives)	video/Film Archives
discuit.org	review	frontend	viewer/front-end for a platform the router does not block (X, Tumblr, Instagram, YouTube); follows the decision on that platform	social-media-tools/Reddit Alternatives
diversion.ch	review	bypass	VPN/proxy/DNS service; not in Hagezi bypass list; enable that list rather than listing these here	privacy/DNS Adblocking
dmarx.github.io	review	frontend	viewer/front-end for a platform the router does not block (X, Tumblr, Instagram, YouTube); follows the decision on that platform	social-media-tools/Subreddit Discovery
dns.fuzzing.uk	review	bypass	VPN/proxy/DNS service; not in Hagezi bypass list; enable that list rather than listing these here	storage/Free DNS Resolvers
dns.he.net	review	bypass	VPN/proxy/DNS service; not in Hagezi bypass list; enable that list rather than listing these here	storage/Free DNS Resolvers
dns.sb	review	bypass	in Hagezi DoH/VPN/TOR/Proxy bypass list; enable that list rather than listing these here	storage/Free DNS Resolvers
dnscrypt.info	review	bypass	in Hagezi DoH/VPN/TOR/Proxy bypass list; enable that list rather than listing these here	privacy/Proxy
dnsforfamily.com	review	bypass	in Hagezi DoH/VPN/TOR/Proxy bypass list; enable that list rather than listing these here	storage/Free DNS Resolvers
dnsperf.com	review	bypass	VPN/proxy/DNS service; not in Hagezi bypass list; enable that list rather than listing these here	privacy/DNS Adblocking
dnsspeedtest.online	review	bypass	VPN/proxy/DNS service; not in Hagezi bypass list; enable that list rather than listing these here	privacy/DNS Adblocking
dnstt.xyz	review	bypass	VPN/proxy/DNS service; not in Hagezi bypass list; enable that list rather than listing these here	privacy/Anti Censorship
dnswarden.com	review	bypass	in Hagezi DoH/VPN/TOR/Proxy bypass list; enable that list rather than listing these here	privacy/DNS Adblocking
docs.getoutline.com	review	bypass	VPN/proxy/DNS service; not in Hagezi bypass list; enable that list rather than listing these here	privacy/Proxy Servers
docs.sanaei.dev	review	bypass	VPN/proxy/DNS service; not in Hagezi bypass list; enable that list rather than listing these here	privacy/Proxy Servers
docs.titaniumnetwork.org	review	bypass	in Hagezi DoH/VPN/TOR/Proxy bypass list; enable that list rather than listing these here	privacy/Proxy Servers
doh.tiar.app	review	bypass	in Hagezi DoH/VPN/TOR/Proxy bypass list; enable that list rather than listing these here	privacy/DNS Adblocking
dumpor.io	review	frontend	viewer/front-end for a platform the router does not block (X, Tumblr, Instagram, YouTube); follows the decision on that platform	social-media-tools/Viewers / Downloaders
easterneuropeanmovies.com	review	video	legal free/archive streaming (fmhy section: Film Archives)	video/Film Archives
fastdl.app	review	frontend	viewer/front-end for a platform the router does not block (X, Tumblr, Instagram, YouTube); follows the decision on that platform	social-media-tools/Viewers / Downloaders
fawesome.tv	review	video	legal free/archive streaming (fmhy section: Free w/ Ads)	video/Free w/ Ads
filmo.platfo.es	review	video	legal free/archive streaming (fmhy section: Film Archives)	non-english/Streaming / Streamear | video/Film Archives
filmpolski.pl	review	video	legal free/archive streaming (fmhy section: Film Archives)	non-english/Streaming | video/Film Archives
filmzie.com	review	video	legal free/archive streaming (fmhy section: Free w/ Ads)	video/Free w/ Ads
filter.watch	review	bypass	VPN/proxy/DNS service; not in Hagezi bypass list; enable that list rather than listing these here	misc/Tech News | non-english/Persian / فارسی | privacy/Anti Censorship
firebog.net	review	bypass	VPN/proxy/DNS service; not in Hagezi bypass list; enable that list rather than listing these here	privacy/DNS Adblocking
flixhouse.com	review	video	legal free/archive streaming (fmhy section: Free w/ Ads)	video/Free w/ Ads
focustube.mathy.li	review	frontend	viewer/front-end for a platform the router does not block (X, Tumblr, Instagram, YouTube); follows the decision on that platform	social-media-tools/Players / Frontends
followerwonk.com	review	frontend	viewer/front-end for a platform the router does not block (X, Tumblr, Instagram, YouTube); follows the decision on that platform	social-media-tools/Twitter/X Tools
footagefarm.com	review	video	legal free/archive streaming (fmhy section: Classics / Public Domain)	video/Classics / Public Domain
forcerun.page.gd	review	bypass	VPN/proxy/DNS service; not in Hagezi bypass list; enable that list rather than listing these here	storage/Free VPN Configs
free-proxy-list.net	review	bypass	VPN/proxy/DNS service; not in Hagezi bypass list; enable that list rather than listing these here	storage/Proxy Lists
freeproxyupdate.com	review	bypass	in Hagezi DoH/VPN/TOR/Proxy bypass list; enable that list rather than listing these here	storage/Proxy Lists
freesocks.org	review	bypass	VPN/proxy/DNS service; not in Hagezi bypass list; enable that list rather than listing these here	privacy/Proxy | storage/Free VPN Configs
freetubeapp.io	review	frontend	viewer/front-end for a platform the router does not block (X, Tumblr, Instagram, YouTube); follows the decision on that platform	social-media-tools/Players / Frontends
freetvz.com	review	frontend	viewer/front-end for a platform the router does not block (X, Tumblr, Instagram, YouTube); follows the decision on that platform	social-media-tools/Players / Frontends | video/Stream Lounges
funkstelle.hoffnungfuerdiezukunft.net	review	frontend	viewer/front-end for a platform the router does not block (X, Tumblr, Instagram, YouTube); follows the decision on that platform	social-media-tools/Twitter/X Tools
geonode.com	review	bypass	in Hagezi DoH/VPN/TOR/Proxy bypass list; enable that list rather than listing these here	storage/Proxy Lists
geph.io	review	bypass	VPN/proxy/DNS service; not in Hagezi bypass list; enable that list rather than listing these here	privacy/Anti Censorship
getchirrapp.com	review	frontend	viewer/front-end for a platform the router does not block (X, Tumblr, Instagram, YouTube); follows the decision on that platform	social-media-tools/Twitter/X Tools
getdaytrends.com	review	frontend	viewer/front-end for a platform the router does not block (X, Tumblr, Instagram, YouTube); follows the decision on that platform	social-media-tools/Twitter/X Tools
getfoxyproxy.org	review	bypass	VPN/proxy/DNS service; not in Hagezi bypass list; enable that list rather than listing these here	privacy/Proxy
getfreeproxy.com	review	bypass	in Hagezi DoH/VPN/TOR/Proxy bypass list; enable that list rather than listing these here	storage/Proxy Lists
getoutline.org	review	bypass	in Hagezi DoH/VPN/TOR/Proxy bypass list; enable that list rather than listing these here	privacy/Proxy Servers
git.private.coffee	review	reading	legal free/archive streaming (fmhy section: Classics / Public Domain)	non-english/Reading / 阅读 | video/Classics / Public Domain
git.sr.ht	review	frontend	viewer/front-end for a platform the router does not block (X, Tumblr, Instagram, YouTube); follows the decision on that platform	developer-tools/Git Tools | gaming-tools/Playstation Homebrew | linux-macos/Linux Audio | linux-macos/Linux Internet | social-media-tools/Players / Frontends
gitlab.futo.org	review	frontend	viewer/front-end for a platform the router does not block (X, Tumblr, Instagram, YouTube); follows the decision on that platform	linux-macos/Linux Internet | mobile/Android Streaming | mobile/Android YouTube Apps | social-media-tools/Players / Frontends
grayjay-sources.github.io	review	frontend	viewer/front-end for a platform the router does not block (X, Tumblr, Instagram, YouTube); follows the decision on that platform	linux-macos/Linux Internet | mobile/Android Streaming | mobile/Android YouTube Apps | social-media-tools/Players / Frontends
grayjay.app	review	frontend	viewer/front-end for a platform the router does not block (X, Tumblr, Instagram, YouTube); follows the decision on that platform	linux-macos/Linux Internet | mobile/Android Streaming | mobile/Android YouTube Apps | social-media-tools/Players / Frontends
gumroad.com	review	other	licensed/mainstream legal service or publisher	image-tools/Free Assets
hergetto.live	review	frontend	viewer/front-end for a platform the router does not block (X, Tumblr, Instagram, YouTube); follows the decision on that platform	social-media-tools/Players / Frontends
hiddify.com	review	bypass	VPN/proxy/DNS service; not in Hagezi bypass list; enable that list rather than listing these here	privacy/Proxy Clients | privacy/Proxy Servers
hide.mn	review	bypass	in Hagezi DoH/VPN/TOR/Proxy bypass list; enable that list rather than listing these here	storage/Proxy Lists
honto.jp	review	reading	licensed/mainstream legal service or publisher	non-english/Reading / 読書
howdy.id	review	bypass	in Hagezi DoH/VPN/TOR/Proxy bypass list; enable that list rather than listing these here	storage/Free VPN Configs
ifiarchiveplayer.ie	review	video	legal free/archive streaming (fmhy section: Film Archives)	video/Film Archives
images.defence.gov.au	review	video	legal free/archive streaming (fmhy section: Film Archives)	video/Film Archives
imginn.com	review	frontend	viewer/front-end for a platform the router does not block (X, Tumblr, Instagram, YouTube); follows the decision on that platform	social-media-tools/Instagram Tools
indiancine.ma	review	video	legal free/archive streaming (fmhy section: Film Archives)	non-english/Streaming | video/Film Archives
instadeq.com	review	frontend	viewer/front-end for a platform the router does not block (X, Tumblr, Instagram, YouTube); follows the decision on that platform	social-media-tools/Players / Frontends
instaloader.github.io	review	frontend	viewer/front-end for a platform the router does not block (X, Tumblr, Instagram, YouTube); follows the decision on that platform	social-media-tools/Viewers / Downloaders
invidious.io	review	frontend	viewer/front-end for a platform the router does not block (X, Tumblr, Instagram, YouTube); follows the decision on that platform	social-media-tools/Players / Frontends
jetblackcode.com	review	frontend	viewer/front-end for a platform the router does not block (X, Tumblr, Instagram, YouTube); follows the decision on that platform	social-media-tools/Tumblr Tools
joinwalrus.tv	review	frontend	viewer/front-end for a platform the router does not block (X, Tumblr, Instagram, YouTube); follows the decision on that platform	social-media-tools/Players / Frontends | social-media-tools/Twitch Players
kanopy.com	review	video	legal free/archive streaming (fmhy section: Free w/ Ads)	video/Free w/ Ads
kg.meowing.de	review	frontend	viewer/front-end for a platform the router does not block (X, Tumblr, Instagram, YouTube); follows the decision on that platform	social-media-tools/Instagram Tools
kittygram.irelephant.net	review	frontend	viewer/front-end for a platform the router does not block (X, Tumblr, Instagram, YouTube); follows the decision on that platform	social-media-tools/Instagram Tools
knaben.info	review	bypass	VPN/proxy/DNS service; not in Hagezi bypass list; enable that list rather than listing these here	privacy/Proxy Sites | torrenting/Torrent Sites
kumu.io	review	bypass	VPN/proxy/DNS service; not in Hagezi bypass list; enable that list rather than listing these here	privacy/VPN
lantern.io	review	bypass	in Hagezi DoH/VPN/TOR/Proxy bypass list; enable that list rather than listing these here	privacy/Proxy
libredns.gr	review	bypass	in Hagezi DoH/VPN/TOR/Proxy bypass list; enable that list rather than listing these here	privacy/DNS Adblocking
manga.bilibili.com	review	manga	licensed/mainstream legal service or publisher	non-english/Manga
materialio.us	review	frontend	viewer/front-end for a platform the router does not block (X, Tumblr, Instagram, YouTube); follows the decision on that platform	social-media-tools/Players / Frontends
matsuridayo.github.io	review	bypass	VPN/proxy/DNS service; not in Hagezi bypass list; enable that list rather than listing these here	privacy/Proxy Clients
mayakron.altervista.org	review	bypass	VPN/proxy/DNS service; not in Hagezi bypass list; enable that list rather than listing these here	privacy/Proxy
meiji.filmarchives.jp	review	video	legal free/archive streaming (fmhy section: Film Archives)	non-english/Streaming / ストリーミング | video/Film Archives
method.billoxd.site	review	frontend	viewer/front-end for a platform the router does not block (X, Tumblr, Instagram, YouTube); follows the decision on that platform	social-media-tools/TikTok Tools
moonflix.com	review	video	legal free/archive streaming (fmhy section: Classics / Public Domain)	video/Classics / Public Domain
movingimage.nls.uk	review	video	legal free/archive streaming (fmhy section: Film Archives)	video/Film Archives
msasanmh.github.io	review	bypass	VPN/proxy/DNS service; not in Hagezi bypass list; enable that list rather than listing these here	privacy/Anti Censorship
mullvad.net	review	bypass	in Hagezi DoH/VPN/TOR/Proxy bypass list; enable that list rather than listing these here	privacy/Browser Privacy | privacy/VPN
myfavett.com	review	frontend	viewer/front-end for a platform the router does not block (X, Tumblr, Instagram, YouTube); follows the decision on that platform	social-media-tools/TikTok Tools | video-tools/Video Download
netbird.io	review	bypass	VPN/proxy/DNS service; not in Hagezi bypass list; enable that list rather than listing these here	privacy/VPN Server
nextdns.io	review	bypass	VPN/proxy/DNS service; not in Hagezi bypass list; enable that list rather than listing these here	privacy/DNS Adblocking | storage/Free DNS Resolvers
nginxproxymanager.com	review	bypass	VPN/proxy/DNS service; not in Hagezi bypass list; enable that list rather than listing these here	privacy/Proxy Servers
nr.evilasswebsite.com	review	frontend	viewer/front-end for a platform the router does not block (X, Tumblr, Instagram, YouTube); follows the decision on that platform	social-media-tools/Twitter/X Tools
nukkard.com	review	video	legal free/archive streaming (fmhy section: Classics / Public Domain)	video/Classics / Public Domain
nxfilter.org	review	bypass	VPN/proxy/DNS service; not in Hagezi bypass list; enable that list rather than listing these here	privacy/DNS Adblocking
nym.com	review	bypass	in Hagezi DoH/VPN/TOR/Proxy bypass list; enable that list rather than listing these here	privacy/VPN
o0.pages.dev	review	bypass	VPN/proxy/DNS service; not in Hagezi bypass list; enable that list rather than listing these here	privacy/DNS Filters
ocserv.gitlab.io	review	bypass	VPN/proxy/DNS service; not in Hagezi bypass list; enable that list rather than listing these here	privacy/VPN Server
oisd.nl	review	bypass	VPN/proxy/DNS service; not in Hagezi bypass list; enable that list rather than listing these here	privacy/DNS Filters
omar-thing.site	review	frontend	viewer/front-end for a platform the router does not block (X, Tumblr, Instagram, YouTube); follows the decision on that platform	social-media-tools/TikTok Tools
one.one.one.one	review	bypass	in Hagezi DoH/VPN/TOR/Proxy bypass list; enable that list rather than listing these here	privacy/VPN
openconnect.github.io	review	bypass	VPN/proxy/DNS service; not in Hagezi bypass list; enable that list rather than listing these here	privacy/VPN Server
openproxylist.com	review	bypass	in Hagezi DoH/VPN/TOR/Proxy bypass list; enable that list rather than listing these here	storage/Proxy Lists
opentunnel.net	review	bypass	in Hagezi DoH/VPN/TOR/Proxy bypass list; enable that list rather than listing these here	storage/Free VPN Configs
openvpn.net	review	bypass	VPN/proxy/DNS service; not in Hagezi bypass list; enable that list rather than listing these here	privacy/VPN Server
osome.iu.edu	review	frontend	viewer/front-end for a platform the router does not block (X, Tumblr, Instagram, YouTube); follows the decision on that platform	social-media-tools/Twitter/X Tools
otcs.minuspoint.com	review	video	legal free/archive streaming (fmhy section: Classics / Public Domain)	video/Classics / Public Domain
phantom.lol	review	bypass	in Hagezi DoH/VPN/TOR/Proxy bypass list; enable that list rather than listing these here	privacy/Proxy Sites
phishing.army	review	bypass	VPN/proxy/DNS service; not in Hagezi bypass list; enable that list rather than listing these here	privacy/DNS Adblocking
pi-hole.net	review	bypass	VPN/proxy/DNS service; not in Hagezi bypass list; enable that list rather than listing these here	privacy/DNS Adblocking
piped.private.coffee	review	frontend	viewer/front-end for a platform the router does not block (X, Tumblr, Instagram, YouTube); follows the decision on that platform	social-media-tools/Players / Frontends
player.bfi.org.uk	review	video	legal free/archive streaming (fmhy section: Film Archives)	video/Film Archives
plugins.grayjay.app	review	frontend	viewer/front-end for a platform the router does not block (X, Tumblr, Instagram, YouTube); follows the decision on that platform	linux-macos/Linux Internet | mobile/Android Streaming | mobile/Android YouTube Apps | social-media-tools/Players / Frontends
plus.nasa.gov	review	video	legal free/archive streaming (fmhy section: Classics / Public Domain)	educational/Documentaries | educational/Space | video/Classics / Public Domain
pluto.tv	review	video	legal free/archive streaming (fmhy section: Free w/ Ads)	non-english/Streaming / Streamear | video/Free w/ Ads | video/Live TV | video/Stream Lounges
popcornflix.com	review	video	legal free/archive streaming (fmhy section: Free w/ Ads)	video/Free w/ Ads
premiumproxy.net	review	bypass	in Hagezi DoH/VPN/TOR/Proxy bypass list; enable that list rather than listing these here	storage/Proxy Lists
pritunl.com	review	bypass	VPN/proxy/DNS service; not in Hagezi bypass list; enable that list rather than listing these here	privacy/VPN Server
privadovpn.com	review	bypass	in Hagezi DoH/VPN/TOR/Proxy bypass list; enable that list rather than listing these here	privacy/VPN
project-atlas-dbb.pages.dev	review	bypass	VPN/proxy/DNS service; not in Hagezi bypass list; enable that list rather than listing these here	privacy/Anti Censorship
protonvpn.com	review	bypass	in Hagezi DoH/VPN/TOR/Proxy bypass list; enable that list rather than listing these here	privacy/VPN
proxy-checker.net	review	bypass	VPN/proxy/DNS service; not in Hagezi bypass list; enable that list rather than listing these here	privacy/Proxy Sites
proxydb.net	review	bypass	in Hagezi DoH/VPN/TOR/Proxy bypass list; enable that list rather than listing these here	storage/Proxy Lists
proxyhub.me	review	bypass	in Hagezi DoH/VPN/TOR/Proxy bypass list; enable that list rather than listing these here	storage/Proxy Lists
proxyium.com	review	bypass	in Hagezi DoH/VPN/TOR/Proxy bypass list; enable that list rather than listing these here	privacy/Proxy Sites
proxyof2.com	review	bypass	VPN/proxy/DNS service; not in Hagezi bypass list; enable that list rather than listing these here	privacy/Proxy Sites
proxypal.net	review	bypass	in Hagezi DoH/VPN/TOR/Proxy bypass list; enable that list rather than listing these here	privacy/Proxy Sites
psiphon.ca	review	bypass	in Hagezi DoH/VPN/TOR/Proxy bypass list; enable that list rather than listing these here	privacy/Proxy
public-dns.info	review	bypass	VPN/proxy/DNS service; not in Hagezi bypass list; enable that list rather than listing these here	storage/Free DNS Resolvers
publicdnsserver.com	review	bypass	in Hagezi DoH/VPN/TOR/Proxy bypass list; enable that list rather than listing these here	storage/Free DNS Resolvers
publicdomainmovie.net	review	video	legal free/archive streaming (fmhy section: Classics / Public Domain)	video/Classics / Public Domain
quad9.net	review	bypass	VPN/proxy/DNS service; not in Hagezi bypass list; enable that list rather than listing these here	storage/Free DNS Resolvers
raddle.me	review	frontend	viewer/front-end for a platform the router does not block (X, Tumblr, Instagram, YouTube); follows the decision on that platform	social-media-tools/Reddit Alternatives
ramble.pw	review	frontend	viewer/front-end for a platform the router does not block (X, Tumblr, Instagram, YouTube); follows the decision on that platform	social-media-tools/Reddit Alternatives
redirect.invidious.io	review	frontend	viewer/front-end for a platform the router does not block (X, Tumblr, Instagram, YouTube); follows the decision on that platform	social-media-tools/Players / Frontends
reelsave.app	review	frontend	viewer/front-end for a platform the router does not block (X, Tumblr, Instagram, YouTube); follows the decision on that platform	social-media-tools/Instagram Tools | video-tools/Video Download
reflect4.me	review	bypass	in Hagezi DoH/VPN/TOR/Proxy bypass list; enable that list rather than listing these here	privacy/Proxy Sites
rethinkdns.com	review	bypass	in Hagezi DoH/VPN/TOR/Proxy bypass list; enable that list rather than listing these here	beginners-guide/Adblocking | mobile/Android Adblocking | mobile/Android Privacy | privacy/Anti Censorship | privacy/DNS Adblocking | storage/Free DNS Resolvers
retroflix.org	review	video	legal free/archive streaming (fmhy section: Classics / Public Domain)	video/Classics / Public Domain
riseup.net	review	bypass	VPN/proxy/DNS service; not in Hagezi bypass list; enable that list rather than listing these here	privacy/VPN
russianfilmhub.com	review	video	legal free/archive streaming (fmhy section: Film Archives)	video/Film Archives
scamalytics.com	review	bypass	VPN/proxy/DNS service; not in Hagezi bypass list; enable that list rather than listing these here	privacy/Anti Censorship
shadowmere.xyz	review	bypass	in Hagezi DoH/VPN/TOR/Proxy bypass list; enable that list rather than listing these here	storage/Free VPN Configs
shadowsocks.org	review	bypass	in Hagezi DoH/VPN/TOR/Proxy bypass list; enable that list rather than listing these here	privacy/Proxy Clients | privacy/Proxy Servers
shout-tv.com	review	video	legal free/archive streaming (fmhy section: Free w/ Ads)	video/Free w/ Ads
silent-hall-of-fame.org	review	video	legal free/archive streaming (fmhy section: Classics / Public Domain)	video/Classics / Public Domain
sing-box.sagernet.org	review	bypass	VPN/proxy/DNS service; not in Hagezi bypass list; enable that list rather than listing these here	privacy/Proxy Clients | privacy/Proxy Servers
snowflake.torproject.org	review	bypass	in Hagezi DoH/VPN/TOR/Proxy bypass list; enable that list rather than listing these here	privacy/Proxy
spys.one	review	bypass	in Hagezi DoH/VPN/TOR/Proxy bypass list; enable that list rather than listing these here	storage/Proxy Lists
sshkit.com	review	bypass	in Hagezi DoH/VPN/TOR/Proxy bypass list; enable that list rather than listing these here	storage/Free VPN Configs
sshocean.com	review	bypass	in Hagezi DoH/VPN/TOR/Proxy bypass list; enable that list rather than listing these here	storage/Free VPN Configs
sshuttle.readthedocs.io	review	bypass	VPN/proxy/DNS service; not in Hagezi bypass list; enable that list rather than listing these here	privacy/VPN Server
status.d420.de	review	frontend	viewer/front-end for a platform the router does not block (X, Tumblr, Instagram, YouTube); follows the decision on that platform	social-media-tools/Twitter/X Tools
stiftung-imai.de	review	video	legal free/archive streaming (fmhy section: Film Archives)	non-english/Streaming | video/Film Archives
storage.googleapis.com	review	bypass	VPN/proxy/DNS service; not in Hagezi bypass list; enable that list rather than listing these here	privacy/Proxy Clients | privacy/VPN Server | privacy/VPN Tools
streaming.cineverse.com	review	video	legal free/archive streaming (fmhy section: Free w/ Ads)	non-english/Streaming / پخش | video/Free w/ Ads
streisand.pages.dev	review	bypass	VPN/proxy/DNS service; not in Hagezi bypass list; enable that list rather than listing these here	privacy/Proxy Clients
super.abril.com.br	review	reading	licensed/mainstream legal service or publisher	non-english/Reading / Leitura
support.mozilla.org	review	bypass	VPN/proxy/DNS service; not in Hagezi bypass list; enable that list rather than listing these here	internet-tools/Firefox Tools | misc/News | privacy/VPN | reading/Browser Ebook Readers
sync-tube.de	review	frontend	viewer/front-end for a platform the router does not block (X, Tumblr, Instagram, YouTube); follows the decision on that platform	social-media-tools/Players / Frontends
tailscale.com	review	bypass	in Hagezi DoH/VPN/TOR/Proxy bypass list; enable that list rather than listing these here	privacy/VPN Server
tblock.me	review	bypass	VPN/proxy/DNS service; not in Hagezi bypass list; enable that list rather than listing these here	privacy/DNS Adblocking
technitium.com	review	bypass	VPN/proxy/DNS service; not in Hagezi bypass list; enable that list rather than listing these here	privacy/DNS Adblocking
texasarchive.org	review	video	legal free/archive streaming (fmhy section: Film Archives)	video/Film Archives
the-eye.eu	review	frontend	viewer/front-end for a platform the router does not block (X, Tumblr, Instagram, YouTube); follows the decision on that platform	social-media-tools/Reddit Search | social-media-tools/Telegram Tools
therokuchannel.roku.com	review	video	legal free/archive streaming (fmhy section: Free w/ Ads)	video/Free w/ Ads
throneproj.github.io	review	bypass	VPN/proxy/DNS service; not in Hagezi bypass list; enable that list rather than listing these here	privacy/Proxy Clients
tiar.app	review	bypass	in Hagezi DoH/VPN/TOR/Proxy bypass list; enable that list rather than listing these here	storage/Free DNS Resolvers
tikfinity.zerody.one	review	frontend	viewer/front-end for a platform the router does not block (X, Tumblr, Instagram, YouTube); follows the decision on that platform	social-media-tools/TikTok Tools | video-tools/Live Streaming
tiktok-chat-reader.zerody.one	review	frontend	viewer/front-end for a platform the router does not block (X, Tumblr, Instagram, YouTube); follows the decision on that platform	social-media-tools/TikTok Tools | video-tools/Live Streaming
titaniumnetwork.org	review	bypass	in Hagezi DoH/VPN/TOR/Proxy bypass list; enable that list rather than listing these here	privacy/Proxy Sites
travelfilmarchive.com	review	video	legal free/archive streaming (fmhy section: Film Archives)	video/Film Archives
trends24.in	review	frontend	viewer/front-end for a platform the router does not block (X, Tumblr, Instagram, YouTube); follows the decision on that platform	social-media-tools/Twitter/X Tools
trevor.shinyapps.io	review	frontend	viewer/front-end for a platform the router does not block (X, Tumblr, Instagram, YouTube); follows the decision on that platform	social-media-tools/Subreddit Discovery
try.cloudflare.com	review	bypass	VPN/proxy/DNS service; not in Hagezi bypass list; enable that list rather than listing these here	privacy/VPN Server
tubitv.com	review	video	legal free/archive streaming (fmhy section: Free w/ Ads)	non-english/Streaming / Streamear | video/Free w/ Ads
tumblthreeapp.github.io	review	frontend	viewer/front-end for a platform the router does not block (X, Tumblr, Instagram, YouTube); follows the decision on that platform	social-media-tools/Tumblr Tools
tunnl.to	review	bypass	VPN/proxy/DNS service; not in Hagezi bypass list; enable that list rather than listing these here	privacy/VPN Tools
tw1tter.com	review	frontend	viewer/front-end for a platform the router does not block (X, Tumblr, Instagram, YouTube); follows the decision on that platform	social-media-tools/Twitter/X Tools
twitchtheater.tv	review	frontend	viewer/front-end for a platform the router does not block (X, Tumblr, Instagram, YouTube); follows the decision on that platform	social-media-tools/Players / Frontends | social-media-tools/Twitch Players
twitee.co	review	frontend	viewer/front-end for a platform the router does not block (X, Tumblr, Instagram, YouTube); follows the decision on that platform	social-media-tools/Twitter/X Tools
twstalker.com	review	frontend	viewer/front-end for a platform the router does not block (X, Tumblr, Instagram, YouTube); follows the decision on that platform	social-media-tools/Twitter/X Tools
typefully.com	review	frontend	viewer/front-end for a platform the router does not block (X, Tumblr, Instagram, YouTube); follows the decision on that platform	social-media-tools/Twitter/X Customization | social-media-tools/Twitter/X Tools
typetype.video	review	frontend	viewer/front-end for a platform the router does not block (X, Tumblr, Instagram, YouTube); follows the decision on that platform	social-media-tools/Players / Frontends | video/Video Streaming
v2.hysteria.network	review	bypass	VPN/proxy/DNS service; not in Hagezi bypass list; enable that list rather than listing these here	privacy/Proxy Servers
v2nodes.com	review	bypass	in Hagezi DoH/VPN/TOR/Proxy bypass list; enable that list rather than listing these here	storage/Free VPN Configs
videodictionary.kwebpia.net	review	video	legal free/archive streaming (fmhy section: Free w/ Ads)	video/Free w/ Ads
vidgrid.tk.gg	review	frontend	viewer/front-end for a platform the router does not block (X, Tumblr, Instagram, YouTube); follows the decision on that platform	social-media-tools/Players / Frontends
viewsync.net	review	frontend	viewer/front-end for a platform the router does not block (X, Tumblr, Instagram, YouTube); follows the decision on that platform	social-media-tools/Players / Frontends
vole.wtf	review	video	legal free/archive streaming (fmhy section: Free w/ Ads)	gaming/Chess | misc/Random | video/Free w/ Ads
vpn.fail	review	bypass	in Hagezi DoH/VPN/TOR/Proxy bypass list; enable that list rather than listing these here	storage/Free VPN Configs
vpn.techlore.tech	review	bypass	VPN/proxy/DNS service; not in Hagezi bypass list; enable that list rather than listing these here	privacy/VPN
watch.foundtv.com	review	video	legal free/archive streaming (fmhy section: Free w/ Ads)	video/Free w/ Ads
watch.plex.tv	review	video	legal free/archive streaming (fmhy section: Free w/ Ads)	non-english/Streaming / Streamear | video/Free w/ Ads
watch.sling.com	review	video	legal free/archive streaming (fmhy section: Free w/ Ads)	video/Free w/ Ads
watch.typetype.video	review	frontend	viewer/front-end for a platform the router does not block (X, Tumblr, Instagram, YouTube); follows the decision on that platform	social-media-tools/Players / Frontends | video/Video Streaming
wattpad.com	review	reading	mainstream platform; mature stories are hidden from logged-out visitors	reading/Fanfiction / Stories
web-ace.jp	review	reading	licensed/mainstream legal service or publisher	non-english/Reading / 読書
wgdashboard.dev	review	bypass	VPN/proxy/DNS service; not in Hagezi bypass list; enable that list rather than listing these here	privacy/VPN Server
wgtunnel.com	review	bypass	VPN/proxy/DNS service; not in Hagezi bypass list; enable that list rather than listing these here	privacy/VPN Tools
wikiflix.toolforge.org	review	video	legal free/archive streaming (fmhy section: Classics / Public Domain)	video/Classics / Public Domain
windscribe.com	review	bypass	in Hagezi DoH/VPN/TOR/Proxy bypass list; enable that list rather than listing these here	privacy/VPN
wiresock.net	review	bypass	VPN/proxy/DNS service; not in Hagezi bypass list; enable that list rather than listing these here	privacy/VPN Tools
wispydocs.pages.dev	review	bypass	VPN/proxy/DNS service; not in Hagezi bypass list; enable that list rather than listing these here	audio/Audio Torrenting | beginners-guide/Adblocking | beginners-guide/Music | beginners-guide/Torrenting | privacy/VPN | privacy/VPN Tools | privacy/Proxy Servers
www.4everproxy.com	review	bypass	in Hagezi DoH/VPN/TOR/Proxy bypass list; enable that list rather than listing these here	privacy/Proxy Sites
www.amazon.com	review	video	legal free/archive streaming (fmhy section: Free w/ Ads)	video/Free w/ Ads
www.arte.tv	review	video	legal free/archive streaming (fmhy section: Free w/ Ads)	educational/Documentaries | video/Free w/ Ads
www.atomcentral.com	review	video	legal free/archive streaming (fmhy section: Film Archives)	educational/Military / Conflict History | video/Film Archives
www.bfi.org.uk	review	video	legal free/archive streaming (fmhy section: Film Archives)	video/Film Archives | video/Recommendation Tools
www.blockaway.net	review	bypass	in Hagezi DoH/VPN/TOR/Proxy bypass list; enable that list rather than listing these here	privacy/Proxy Sites
www.britishpathe.com	review	video	legal free/archive streaming (fmhy section: Film Archives)	video/Film Archives
www.byutv.org	review	video	legal free/archive streaming (fmhy section: Free w/ Ads)	video/Free w/ Ads
www.cclm.cl	review	video	legal free/archive streaming (fmhy section: Film Archives)	non-english/Streaming / Streamear | video/Film Archives
www.chicagofilmarchives.org	review	video	legal free/archive streaming (fmhy section: Film Archives)	video/Film Archives
www.clashverge.dev	review	bypass	VPN/proxy/DNS service; not in Hagezi bypass list; enable that list rather than listing these here	privacy/Proxy Clients
www.colonialfilm.org.uk	review	video	legal free/archive streaming (fmhy section: Film Archives)	video/Film Archives
www.croxyproxy.com	review	bypass	in Hagezi DoH/VPN/TOR/Proxy bypass list; enable that list rather than listing these here	privacy/Proxy Sites
www.darkroom.film	review	video	legal free/archive streaming (fmhy section: Free w/ Ads)	video/Free w/ Ads
www.defenceimagery.mod.uk	review	video	legal free/archive streaming (fmhy section: Film Archives)	video/Film Archives
www.dvidshub.net	review	video	legal free/archive streaming (fmhy section: Film Archives)	video/Film Archives
www.europeanfilmgateway.eu	review	video	legal free/archive streaming (fmhy section: Film Archives)	video/Film Archives
www.fastssh.com	review	bypass	in Hagezi DoH/VPN/TOR/Proxy bypass list; enable that list rather than listing these here	storage/Free VPN Configs
www.filmmuseum.at	review	video	legal free/archive streaming (fmhy section: Film Archives)	video/Film Archives
www.filmportal.de	review	video	legal free/archive streaming (fmhy section: Film Archives)	video/Film Archives
www.filmpreservation.org	review	video	legal free/archive streaming (fmhy section: Classics / Public Domain)	educational/History | video/Classics / Public Domain
www.freegreatmovies.com	review	video	legal free/archive streaming (fmhy section: Free w/ Ads)	video/Free w/ Ads
www.freevpn.us	review	bypass	in Hagezi DoH/VPN/TOR/Proxy bypass list; enable that list rather than listing these here	storage/Free VPN Configs
www.greenssh.com	review	bypass	in Hagezi DoH/VPN/TOR/Proxy bypass list; enable that list rather than listing these here	storage/Free VPN Configs
www.hideip.co	review	bypass	in Hagezi DoH/VPN/TOR/Proxy bypass list; enable that list rather than listing these here	privacy/Proxy Sites
www.historicfilms.com	review	video	legal free/archive streaming (fmhy section: Classics / Public Domain)	educational/History | video/Classics / Public Domain
www.hoopladigital.com	review	video	legal free/archive streaming (fmhy section: Free w/ Ads)	reading/Public Domain | video/Free w/ Ads
www.huntleyarchives.com	review	video	legal free/archive streaming (fmhy section: Film Archives)	video/Film Archives
www.ivpn.net	review	bypass	in Hagezi DoH/VPN/TOR/Proxy bypass list; enable that list rather than listing these here	privacy/VPN
www.iwm.org.uk	review	video	legal free/archive streaming (fmhy section: Film Archives)	educational/Military / Conflict History | video/Film Archives
www.jagoanssh.com	review	bypass	in Hagezi DoH/VPN/TOR/Proxy bypass list; enable that list rather than listing these here	storage/Free VPN Configs
www.justwatch.com	review	video	legal free/archive streaming (fmhy section: Free w/ Ads)	misc/Shopping | video/Free w/ Ads
www.loc.gov	review	video	legal free/archive streaming (fmhy section: Film Archives)	misc/Historical Maps | reading/Newspapers | video/Film Archives
www.nfb.ca	review	video	legal free/archive streaming (fmhy section: Film Archives)	video/Film Archives
www.nfsa.gov.au	review	video	legal free/archive streaming (fmhy section: Film Archives)	video/Film Archives
www.ngataonga.org.nz	review	video	legal free/archive streaming (fmhy section: Film Archives)	video/Film Archives
www.nlnetlabs.nl	review	bypass	VPN/proxy/DNS service; not in Hagezi bypass list; enable that list rather than listing these here	storage/Free DNS Resolvers
www.nls.uk	review	video	legal free/archive streaming (fmhy section: Film Archives)	video/Film Archives
www.nzonscreen.com	review	video	legal free/archive streaming (fmhy section: Film Archives)	video/Film Archives
www.openculture.com	review	video	legal free/archive streaming (fmhy section: Free w/ Ads)	educational/Learning Sites | educational/Streaming | video/Free w/ Ads
www.pillowfort.social	review	frontend	viewer/front-end for a platform the router does not block (X, Tumblr, Instagram, YouTube); follows the decision on that platform	social-media-tools/Tumblr Tools
www.playary.com	review	video	legal free/archive streaming (fmhy section: Free w/ Ads)	video/Free w/ Ads
www.primevideo.com	review	video	licensed/mainstream legal service or publisher	non-english/Streaming
www.proxifier.com	review	bypass	VPN/proxy/DNS service; not in Hagezi bypass list; enable that list rather than listing these here	privacy/Proxy Clients
www.proxydocker.com	review	bypass	VPN/proxy/DNS service; not in Hagezi bypass list; enable that list rather than listing these here	storage/Proxy Lists
www.proxynations.com	review	bypass	VPN/proxy/DNS service; not in Hagezi bypass list; enable that list rather than listing these here	storage/Proxy Lists
www.proxynova.com	review	bypass	VPN/proxy/DNS service; not in Hagezi bypass list; enable that list rather than listing these here	storage/Proxy Lists
www.proxyscrape.com	review	bypass	VPN/proxy/DNS service; not in Hagezi bypass list; enable that list rather than listing these here	storage/Proxy Lists
www.publicdns.xyz	review	bypass	VPN/proxy/DNS service; not in Hagezi bypass list; enable that list rather than listing these here	storage/Free DNS Resolvers
www.racevpn.com	review	bypass	in Hagezi DoH/VPN/TOR/Proxy bypass list; enable that list rather than listing these here	storage/Free VPN Configs
www.savefromweb.com	review	frontend	viewer/front-end for a platform the router does not block (X, Tumblr, Instagram, YouTube); follows the decision on that platform	social-media-tools/Viewers / Downloaders
www.sotwe.com	review	frontend	viewer/front-end for a platform the router does not block (X, Tumblr, Instagram, YouTube); follows the decision on that platform	social-media-tools/Twitter/X Tools
www.spamhaus.org	review	bypass	VPN/proxy/DNS service; not in Hagezi bypass list; enable that list rather than listing these here	privacy/DNS Filters
www.sslsecureproxy.com	review	bypass	in Hagezi DoH/VPN/TOR/Proxy bypass list; enable that list rather than listing these here	privacy/Proxy Sites
www.startpage.com	review	bypass	VPN/proxy/DNS service; not in Hagezi bypass list; enable that list rather than listing these here	privacy/Proxy Sites | privacy/Search Engines | storage/Searx Instances
www.stumfilm.dk	review	video	legal free/archive streaming (fmhy section: Classics / Public Domain)	video/Classics / Public Domain
www.the-classic-movies.com	review	video	legal free/archive streaming (fmhy section: Classics / Public Domain)	video/Classics / Public Domain
www.thehiveworks.com	review	reading	licensed/mainstream legal service or publisher	reading/Comics
www.thewutangcollection.com	review	video	legal free/archive streaming (fmhy section: Classics / Public Domain)	video/Classics / Public Domain
www.tinc-vpn.org	review	bypass	VPN/proxy/DNS service; not in Hagezi bypass list; enable that list rather than listing these here	privacy/VPN Server
www.tumgik.com	review	frontend	viewer/front-end for a platform the router does not block (X, Tumblr, Instagram, YouTube); follows the decision on that platform	social-media-tools/Tumblr Tools
www.tumlook.com	review	frontend	viewer/front-end for a platform the router does not block (X, Tumblr, Instagram, YouTube); follows the decision on that platform	social-media-tools/Tumblr Tools
www.tvgazeta.com.br	review	video	licensed/mainstream legal service or publisher	non-english/Streaming
www.twingate.com	review	bypass	in Hagezi DoH/VPN/TOR/Proxy bypass list; enable that list rather than listing these here	privacy/VPN Server
www.vpnjantit.com	review	bypass	in Hagezi DoH/VPN/TOR/Proxy bypass list; enable that list rather than listing these here	storage/Free VPN Configs
www.wireguard.com	review	bypass	VPN/proxy/DNS service; not in Hagezi bypass list; enable that list rather than listing these here	privacy/VPN Server
www.yfanefa.com	review	video	legal free/archive streaming (fmhy section: Film Archives)	video/Film Archives
www.yout-ube.com	review	frontend	viewer/front-end for a platform the router does not block (X, Tumblr, Instagram, YouTube); follows the decision on that platform	social-media-tools/Players / Frontends
www.youtubemultiplier.com	review	frontend	viewer/front-end for a platform the router does not block (X, Tumblr, Instagram, YouTube); follows the decision on that platform	social-media-tools/Players / Frontends
www.zerotier.com	review	bypass	in Hagezi DoH/VPN/TOR/Proxy bypass list; enable that list rather than listing these here	gaming-tools/Multiplayer Fixes | privacy/VPN Server
xtwitterviewer.com	review	frontend	viewer/front-end for a platform the router does not block (X, Tumblr, Instagram, YouTube); follows the decision on that platform	social-media-tools/Twitter/X Tools
yogadns.com	review	bypass	VPN/proxy/DNS service; not in Hagezi bypass list; enable that list rather than listing these here	privacy/DNS Adblocking
youtu.be	review	bypass	VPN/proxy/DNS service; not in Hagezi bypass list; enable that list rather than listing these here	developer-tools/Game Dev Tools | educational/Biology | educational/South Asian | file-tools/File Recovery | privacy/DNS Adblocking | social-media-tools/Players / Frontends
youtubeparty.netlify.app	review	frontend	viewer/front-end for a platform the router does not block (X, Tumblr, Instagram, YouTube); follows the decision on that platform	social-media-tools/Players / Frontends
yow.tv	review	video	legal free/archive streaming (fmhy section: Free w/ Ads)	video/Free w/ Ads
ytch.tv	review	frontend	viewer/front-end for a platform the router does not block (X, Tumblr, Instagram, YouTube); follows the decision on that platform	social-media-tools/Players / Frontends | video/Stream Lounges
1lib.sk	library	reading	public preservation library; never blocked (owner rule 2026-10-02)	reading/Ebooks
articles.sk	library	reading	public preservation library; never blocked (owner rule 2026-10-02)	reading/Ebooks
en.booksee.org	library	reading	public preservation library; never blocked (owner rule 2026-10-02)	reading/Ebooks
go-to-library.sk	library	reading	public preservation library; never blocked (owner rule 2026-10-02)	reading/Ebooks
libgen.bz	library	reading	public preservation library; never blocked (owner rule 2026-10-02)	reading/Ebooks
libgen.gl	library	reading	public preservation library; never blocked (owner rule 2026-10-02)	reading/Ebooks
libgen.li	library	reading	public preservation library; never blocked (owner rule 2026-10-02)	reading/Ebooks
libgen.vg	library	reading	public preservation library; never blocked (owner rule 2026-10-02)	reading/Ebooks
welib.org	library	reading	public preservation library; never blocked (owner rule 2026-10-02)	reading/Ebooks
welib.st	library	reading	public preservation library; never blocked (owner rule 2026-10-02)	reading/Ebooks
1337x-status.org	general	torrent	general-purpose piracy (movie/TV, torrent, download, game, ebook or magazine); not blocked for incidental NSFW (owner rule 2026-10-02). Was: inferred: public torrent index or aggregator; catalogue includes ecchi titles	torrenting/Torrent Sites
16mag.net	general	torrent	general-purpose piracy (movie/TV, torrent, download, game, ebook or magazine); not blocked for incidental NSFW (owner rule 2026-10-02). Was: inferred: public torrent index or aggregator; catalogue includes ecchi titles	torrenting/Aggregators
1ani.me	general	anime	anime streaming: ecchi is allowed, only hentai/explicit content is blocked (owner rule 2026-10-03). Was: inferred: unofficial full-catalogue anime source; catalogue includes ecchi titles	video/Anime Streaming
1jour1film0926.cyou	general	video	general-purpose piracy (movie/TV, torrent, download, game, ebook or magazine); not blocked for incidental NSFW (owner rule 2026-10-02). Was: inferred: catalogue comes from TMDB (themoviedb references in the page/app code), which lists R-rated films	non-english/Streaming
1shows.bz	general	video	general-purpose piracy (movie/TV, torrent, download, game, ebook or magazine); not blocked for incidental NSFW (owner rule 2026-10-02). Was: inferred: catalogue comes from TMDB (themoviedb references in the page/app code), which lists R-rated films	video/Download Sites | video/Multi-Server
1tamilyogi.me	general	video	general-purpose piracy (movie/TV, torrent, download, game, ebook or magazine); not blocked for incidental NSFW (owner rule 2026-10-02). Was: verified labels: adult,erotica,hentai	non-english/Streaming
1xanimes.com	general	video	anime streaming: ecchi is allowed, only hentai/explicit content is blocked (owner rule 2026-10-03). Was: inferred: catalogue comes from TMDB (themoviedb references in the page/app code), which lists R-rated films	non-english/Streaming
67movies.st	general	video	general-purpose piracy (movie/TV, torrent, download, game, ebook or magazine); not blocked for incidental NSFW (owner rule 2026-10-02). Was: inferred: catalogue comes from TMDB (themoviedb references in the page/app code), which lists R-rated films	video/Stream Aggregators
7movies.ac	general	video	general-purpose piracy (movie/TV, torrent, download, game, ebook or magazine); not blocked for incidental NSFW (owner rule 2026-10-02). Was: inferred: catalogue comes from TMDB (themoviedb references in the page/app code), which lists R-rated films	non-english/Streaming | non-english/Streaming / Streamear | video/Stream Aggregators
7reels.cc	general	video	general-purpose piracy (movie/TV, torrent, download, game, ebook or magazine); not blocked for incidental NSFW (owner rule 2026-10-02). Was: inferred: catalogue comes from TMDB (themoviedb references in the page/app code), which lists R-rated films	video/Multi-Server
aether.cx	general	video	general-purpose piracy (movie/TV, torrent, download, game, ebook or magazine); not blocked for incidental NSFW (owner rule 2026-10-02). Was: inferred: catalogue comes from TMDB (themoviedb references in the page/app code), which lists R-rated films	non-english/Streaming | non-english/Streaming / Streamear | video/P-Stream Forks
aether.ist	general	video	general-purpose piracy (movie/TV, torrent, download, game, ebook or magazine); not blocked for incidental NSFW (owner rule 2026-10-02). Was: inferred: catalogue comes from TMDB (themoviedb references in the page/app code), which lists R-rated films	non-english/Streaming | non-english/Streaming / Streamear | video/P-Stream Forks
aether.st	general	video	general-purpose piracy (movie/TV, torrent, download, game, ebook or magazine); not blocked for incidental NSFW (owner rule 2026-10-02). Was: inferred: catalogue comes from TMDB (themoviedb references in the page/app code), which lists R-rated films	video/P-Stream Forks
an1me.to	general	video	general-purpose piracy (movie/TV, torrent, download, game, ebook or magazine); not blocked for incidental NSFW (owner rule 2026-10-02). Was: verified labels: adult	non-english/Streaming
anifilm.pro	general	video	general-purpose piracy (movie/TV, torrent, download, game, ebook or magazine); not blocked for incidental NSFW (owner rule 2026-10-02). Was: verified labels: 18+	non-english/Streaming / Стриминг
anime3rb.com	general	download	general-purpose piracy (movie/TV, torrent, download, game, ebook or magazine); not blocked for incidental NSFW (owner rule 2026-10-02). Was: verified labels: adult,erotica	non-english/Downloading / تحميل | non-english/Streaming / البث
anime7.download	general	anime	anime download/torrent site; download and torrent sites are not blocked for incidental NSFW (owner rule 2026-10-02). Was: verified labels: hentai	video/Anime Downloading
animelayer.ru	general	torrent	general-purpose piracy (movie/TV, torrent, download, game, ebook or magazine); not blocked for incidental NSFW (owner rule 2026-10-02). Was: inferred: public torrent index or aggregator; catalogue includes ecchi titles	non-english/Torrenting / Торрентинг
animeonsen.xyz	general	anime	anime streaming: ecchi is allowed, only hentai/explicit content is blocked (owner rule 2026-10-03). Was: verified labels: ecchi	video/Anime Streaming
animesss.com	general	video	anime streaming: ecchi is allowed, only hentai/explicit content is blocked (owner rule 2026-10-03). Was: verified labels: 18+	non-english/Streaming / Стриминг
animesuge.bid	general	anime	anime streaming: ecchi is allowed, only hentai/explicit content is blocked (owner rule 2026-10-03). Was: inferred: unofficial full-catalogue anime source; catalogue includes ecchi titles	video/Anime Streaming
animevilla.org	general	anime	anime download/torrent site; download and torrent sites are not blocked for incidental NSFW (owner rule 2026-10-02). Was: fmhy annotates it Some NSFW	video/Anime Downloading
animezid.cam	general	video	anime streaming: ecchi is allowed, only hentai/explicit content is blocked (owner rule 2026-10-03). Was: inferred: catalogue comes from TMDB (themoviedb references in the page/app code), which lists R-rated films	non-english/Streaming / البث
aninami.site	general	anime	anime streaming: ecchi is allowed, only hentai/explicit content is blocked (owner rule 2026-10-03). Was: inferred: unofficial full-catalogue anime source; catalogue includes ecchi titles	video/Anime Streaming
aniwatch.rest	general	anime	anime streaming: ecchi is allowed, only hentai/explicit content is blocked (owner rule 2026-10-03). Was: verified labels: ecchi	video/Anime Streaming
anixart-app.com	general	video	general-purpose piracy (movie/TV, torrent, download, game, ebook or magazine); not blocked for incidental NSFW (owner rule 2026-10-02). Was: verified labels: 18+	non-english/Streaming / Стриминг
anixtv.in	general	video	general-purpose piracy (movie/TV, torrent, download, game, ebook or magazine); not blocked for incidental NSFW (owner rule 2026-10-02). Was: inferred: catalogue comes from TMDB (themoviedb references in the page/app code), which lists R-rated films	video/Multi-Server
anixtv.us.cc	general	video	general-purpose piracy (movie/TV, torrent, download, game, ebook or magazine); not blocked for incidental NSFW (owner rule 2026-10-02). Was: inferred: catalogue comes from TMDB (themoviedb references in the page/app code), which lists R-rated films	video/Multi-Server
ankergames.to	general	games	general-purpose piracy (movie/TV, torrent, download, game, ebook or magazine); not blocked for incidental NSFW (owner rule 2026-10-02). Was: verified labels: nsfw	beginners-guide/Gaming | gaming/Download Games
apexmovies.net	general	video	general-purpose piracy (movie/TV, torrent, download, game, ebook or magazine); not blocked for incidental NSFW (owner rule 2026-10-02). Was: verified labels: adult,erotic,hentai	video/Stream Aggregators
arrowtv.net	general	video	general-purpose piracy (movie/TV, torrent, download, game, ebook or magazine); not blocked for incidental NSFW (owner rule 2026-10-02). Was: inferred: catalogue comes from TMDB (themoviedb references in the page/app code), which lists R-rated films	video/Stream Aggregators
astralgames.net	general	games	general-purpose piracy (movie/TV, torrent, download, game, ebook or magazine); not blocked for incidental NSFW (owner rule 2026-10-02). Was: verified labels: nsfw	gaming/Download Games
audiobooks4soul.com	general	reading	general-purpose piracy (movie/TV, torrent, download, game, ebook or magazine); not blocked for incidental NSFW (owner rule 2026-10-02). Was: verified labels: erotica	reading/Downloading
audiobooksbee.com	general	reading	general-purpose piracy (movie/TV, torrent, download, game, ebook or magazine); not blocked for incidental NSFW (owner rule 2026-10-02). Was: verified labels: erotica	reading/Downloading
aurorascreen.org	general	video	general-purpose piracy (movie/TV, torrent, download, game, ebook or magazine); not blocked for incidental NSFW (owner rule 2026-10-02). Was: inferred: catalogue comes from TMDB (themoviedb references in the page/app code), which lists R-rated films	video/Multi-Server
azseries.org	general	video	general-purpose piracy (movie/TV, torrent, download, game, ebook or magazine); not blocked for incidental NSFW (owner rule 2026-10-02). Was: inferred: catalogue comes from TMDB (themoviedb references in the page/app code), which lists R-rated films	video/TV Streaming
bakabt.me	general	anime	anime download/torrent site; download and torrent sites are not blocked for incidental NSFW (owner rule 2026-10-02). Was: inferred: unofficial full-catalogue anime source; catalogue includes ecchi titles	video/Anime Torrenting
banime.dedyn.io	general	anime	anime streaming: ecchi is allowed, only hentai/explicit content is blocked (owner rule 2026-10-03). Was: inferred: unofficial full-catalogue anime source; catalogue includes ecchi titles	video/Anime Streaming
basementx.lol	general	video	general-purpose piracy (movie/TV, torrent, download, game, ebook or magazine); not blocked for incidental NSFW (owner rule 2026-10-02). Was: inferred: catalogue comes from TMDB (themoviedb references in the page/app code), which lists R-rated films	video/P-Stream Forks
bingebang.club	general	video	general-purpose piracy (movie/TV, torrent, download, game, ebook or magazine); not blocked for incidental NSFW (owner rule 2026-10-02). Was: inferred: catalogue comes from TMDB (themoviedb references in the page/app code), which lists R-rated films	video/Stream Aggregators
bingebang.st	general	video	general-purpose piracy (movie/TV, torrent, download, game, ebook or magazine); not blocked for incidental NSFW (owner rule 2026-10-02). Was: inferred: catalogue comes from TMDB (themoviedb references in the page/app code), which lists R-rated films	video/Stream Aggregators
bingeflix.tv	general	video	general-purpose piracy (movie/TV, torrent, download, game, ebook or magazine); not blocked for incidental NSFW (owner rule 2026-10-02). Was: inferred: catalogue comes from TMDB (themoviedb references in the page/app code), which lists R-rated films	video/Multi-Server
bitru.org	general	torrent	general-purpose piracy (movie/TV, torrent, download, game, ebook or magazine); not blocked for incidental NSFW (owner rule 2026-10-02). Was: inferred: public torrent index or aggregator; catalogue includes ecchi titles	non-english/Torrenting / Торрентинг
bollymod.study	general	download	general-purpose piracy (movie/TV, torrent, download, game, ebook or magazine); not blocked for incidental NSFW (owner rule 2026-10-02). Was: verified labels: adult	non-english/Downloading
bookscafe.net	general	reading	general-purpose piracy (movie/TV, torrent, download, game, ebook or magazine); not blocked for incidental NSFW (owner rule 2026-10-02). Was: fmhy annotates it Some NSFW	non-english/Reading / Чтение
booktracker.org	general	reading	general-purpose piracy (movie/TV, torrent, download, game, ebook or magazine); not blocked for incidental NSFW (owner rule 2026-10-02). Was: fmhy annotates it NSFW	non-english/Reading / Чтение
boomflix.pages.dev	general	video	general-purpose piracy (movie/TV, torrent, download, game, ebook or magazine); not blocked for incidental NSFW (owner rule 2026-10-02). Was: inferred: catalogue comes from TMDB (themoviedb references in the page/app code), which lists R-rated films	video/Stream Aggregators
boomflix.qzz.io	general	video	general-purpose piracy (movie/TV, torrent, download, game, ebook or magazine); not blocked for incidental NSFW (owner rule 2026-10-02). Was: inferred: catalogue comes from TMDB (themoviedb references in the page/app code), which lists R-rated films	video/Stream Aggregators
bowdtv.com	general	video	general-purpose piracy (movie/TV, torrent, download, game, ebook or magazine); not blocked for incidental NSFW (owner rule 2026-10-02). Was: inferred: catalogue comes from TMDB (themoviedb references in the page/app code), which lists R-rated films	non-english/Streaming
bt.orzx.im	general	torrent	general-purpose piracy (movie/TV, torrent, download, game, ebook or magazine); not blocked for incidental NSFW (owner rule 2026-10-02). Was: inferred: public torrent index or aggregator; catalogue includes ecchi titles	non-english/Torrenting / 下载种子
byte.to	general	download	general-purpose piracy (movie/TV, torrent, download, game, ebook or magazine); not blocked for incidental NSFW (owner rule 2026-10-02). Was: fmhy annotates it NSFW	non-english/Downloading / Herunterladen
c411.org	general	torrent	general-purpose piracy (movie/TV, torrent, download, game, ebook or magazine); not blocked for incidental NSFW (owner rule 2026-10-02). Was: inferred: public torrent index or aggregator; catalogue includes ecchi titles	non-english/Torrenting
candlestream.xyz	general	video	general-purpose piracy (movie/TV, torrent, download, game, ebook or magazine); not blocked for incidental NSFW (owner rule 2026-10-02). Was: inferred: catalogue comes from TMDB (themoviedb references in the page/app code), which lists R-rated films	video/Multi-Server
chillflix.lol	general	video	general-purpose piracy (movie/TV, torrent, download, game, ebook or magazine); not blocked for incidental NSFW (owner rule 2026-10-02). Was: inferred: catalogue comes from TMDB (themoviedb references in the page/app code), which lists R-rated films	video/Stream Aggregators
cine-nest-nine.vercel.app	general	video	general-purpose piracy (movie/TV, torrent, download, game, ebook or magazine); not blocked for incidental NSFW (owner rule 2026-10-02). Was: inferred: catalogue comes from TMDB (themoviedb references in the page/app code), which lists R-rated films	video/Multi-Server
cinebytv.com	general	video	general-purpose piracy (movie/TV, torrent, download, game, ebook or magazine); not blocked for incidental NSFW (owner rule 2026-10-02). Was: inferred: catalogue comes from TMDB (themoviedb references in the page/app code), which lists R-rated films	video/Multi-Server
cinecat.eu	general	video	general-purpose piracy (movie/TV, torrent, download, game, ebook or magazine); not blocked for incidental NSFW (owner rule 2026-10-02). Was: inferred: catalogue comes from TMDB (themoviedb references in the page/app code), which lists R-rated films	video/P-Stream Forks
cinefork.net	general	video	general-purpose piracy (movie/TV, torrent, download, game, ebook or magazine); not blocked for incidental NSFW (owner rule 2026-10-02). Was: inferred: catalogue comes from TMDB (themoviedb references in the page/app code), which lists R-rated films	video/P-Stream Forks
cinegram.tv	general	video	general-purpose piracy (movie/TV, torrent, download, game, ebook or magazine); not blocked for incidental NSFW (owner rule 2026-10-02). Was: inferred: catalogue comes from TMDB (themoviedb references in the page/app code), which lists R-rated films	video/Stream Aggregators
cinelove.live	general	video	general-purpose piracy (movie/TV, torrent, download, game, ebook or magazine); not blocked for incidental NSFW (owner rule 2026-10-02). Was: inferred: catalogue comes from TMDB (themoviedb references in the page/app code), which lists R-rated films	video/Stream Aggregators
cinema.army	general	video	general-purpose piracy (movie/TV, torrent, download, game, ebook or magazine); not blocked for incidental NSFW (owner rule 2026-10-02). Was: inferred: catalogue comes from TMDB (themoviedb references in the page/app code), which lists R-rated films	video/Stream Aggregators
cinema.com.ph	general	video	general-purpose piracy (movie/TV, torrent, download, game, ebook or magazine); not blocked for incidental NSFW (owner rule 2026-10-02). Was: fmhy annotates it Some NSFW	non-english/Streaming / Nanonood
cinemaos.tech	general	video	general-purpose piracy (movie/TV, torrent, download, game, ebook or magazine); not blocked for incidental NSFW (owner rule 2026-10-02). Was: inferred: catalogue comes from TMDB (themoviedb references in the page/app code), which lists R-rated films	non-english/Streaming | video/Stream Aggregators
cinemove.cc	general	video	general-purpose piracy (movie/TV, torrent, download, game, ebook or magazine); not blocked for incidental NSFW (owner rule 2026-10-02). Was: inferred: catalogue comes from TMDB (themoviedb references in the page/app code), which lists R-rated films	video/Stream Aggregators
cinestream.info	general	video	general-purpose piracy (movie/TV, torrent, download, game, ebook or magazine); not blocked for incidental NSFW (owner rule 2026-10-02). Was: inferred: catalogue comes from TMDB (themoviedb references in the page/app code), which lists R-rated films	non-english/Streaming
cinevibe.cc	general	video	general-purpose piracy (movie/TV, torrent, download, game, ebook or magazine); not blocked for incidental NSFW (owner rule 2026-10-02). Was: inferred: catalogue comes from TMDB (themoviedb references in the page/app code), which lists R-rated films	video/Multi-Server
cinevid.st	general	video	general-purpose piracy (movie/TV, torrent, download, game, ebook or magazine); not blocked for incidental NSFW (owner rule 2026-10-02). Was: inferred: catalogue comes from TMDB (themoviedb references in the page/app code), which lists R-rated films	video/Live Sports | video/Live TV
cleanbay.netlify.app	general	torrent	general-purpose piracy (movie/TV, torrent, download, game, ebook or magazine); not blocked for incidental NSFW (owner rule 2026-10-02). Was: inferred: public torrent index or aggregator; catalogue includes ecchi titles	torrenting/Aggregators
cloudy.pk	general	video	general-purpose piracy (movie/TV, torrent, download, game, ebook or magazine); not blocked for incidental NSFW (owner rule 2026-10-02). Was: verified labels: adult	non-english/Streaming
coreflix.tv	general	video	general-purpose piracy (movie/TV, torrent, download, game, ebook or magazine); not blocked for incidental NSFW (owner rule 2026-10-02). Was: inferred: catalogue comes from TMDB (themoviedb references in the page/app code), which lists R-rated films	video/Stream Aggregators
corsflix.net	general	video	general-purpose piracy (movie/TV, torrent, download, game, ebook or magazine); not blocked for incidental NSFW (owner rule 2026-10-02). Was: inferred: catalogue comes from TMDB (themoviedb references in the page/app code), which lists R-rated films	video/Stream Aggregators | video/Torrent Sites
cozyaudiobooks.com	general	reading	general-purpose piracy (movie/TV, torrent, download, game, ebook or magazine); not blocked for incidental NSFW (owner rule 2026-10-02). Was: fmhy annotates it Some NSFW	reading/Streaming
crisanimex.com	general	download	general-purpose piracy (movie/TV, torrent, download, game, ebook or magazine); not blocked for incidental NSFW (owner rule 2026-10-02). Was: verified labels: ecchi	non-english/Downloading / Descargar
damag.net	general	torrent	general-purpose piracy (movie/TV, torrent, download, game, ebook or magazine); not blocked for incidental NSFW (owner rule 2026-10-02). Was: inferred: public torrent index or aggregator; catalogue includes ecchi titles	torrenting/Aggregators
darklight.to	general	download	general-purpose piracy (movie/TV, torrent, download, game, ebook or magazine); not blocked for incidental NSFW (owner rule 2026-10-02). Was: fmhy annotates it NSFW	non-english/Downloading / Herunterladen
datoid.cz	general	download	general-purpose piracy (movie/TV, torrent, download, game, ebook or magazine); not blocked for incidental NSFW (owner rule 2026-10-02). Was: fmhy annotates it NSFW	non-english/Downloading / Stahování
ddl-warez.cc	general	download	general-purpose piracy (movie/TV, torrent, download, game, ebook or magazine); not blocked for incidental NSFW (owner rule 2026-10-02). Was: fmhy annotates it NSFW	non-english/Downloading / Herunterladen
ddlbase.com	general	video	general-purpose piracy (movie/TV, torrent, download, game, ebook or magazine); not blocked for incidental NSFW (owner rule 2026-10-02). Was: inferred: catalogue comes from TMDB (themoviedb references in the page/app code), which lists R-rated films	video/Download Sites
desicinemas.to	general	video	general-purpose piracy (movie/TV, torrent, download, game, ebook or magazine); not blocked for incidental NSFW (owner rule 2026-10-02). Was: inferred: catalogue comes from TMDB (themoviedb references in the page/app code), which lists R-rated films	non-english/Streaming
dessinanime.cc	general	video	anime streaming: ecchi is allowed, only hentai/explicit content is blocked (owner rule 2026-10-03). Was: inferred: catalogue comes from TMDB (themoviedb references in the page/app code), which lists R-rated films	non-english/Streaming
devil-torrents.pl	general	torrent	general-purpose piracy (movie/TV, torrent, download, game, ebook or magazine); not blocked for incidental NSFW (owner rule 2026-10-02). Was: fmhy annotates it NSFW	non-english/Torrenting / Torrentowanie
diostream.cc	general	video	general-purpose piracy (movie/TV, torrent, download, game, ebook or magazine); not blocked for incidental NSFW (owner rule 2026-10-02). Was: inferred: catalogue comes from TMDB (themoviedb references in the page/app code), which lists R-rated films	video/Stream Aggregators
dizipal1453.com	general	video	general-purpose piracy (movie/TV, torrent, download, game, ebook or magazine); not blocked for incidental NSFW (owner rule 2026-10-02). Was: verified labels: adult,erotic	non-english/Streaming / İzleme
doramasflix.co	general	video	general-purpose piracy (movie/TV, torrent, download, game, ebook or magazine); not blocked for incidental NSFW (owner rule 2026-10-02). Was: inferred: catalogue comes from TMDB (themoviedb references in the page/app code), which lists R-rated films	non-english/Streaming / Streamear
doronime.id	general	download	general-purpose piracy (movie/TV, torrent, download, game, ebook or magazine); not blocked for incidental NSFW (owner rule 2026-10-02). Was: verified labels: erotica,hentai	non-english/Downloading / Mengunduh
downloadcult.org	general	torrent	general-purpose piracy (movie/TV, torrent, download, game, ebook or magazine); not blocked for incidental NSFW (owner rule 2026-10-02). Was: inferred: public torrent index or aggregator; catalogue includes ecchi titles	non-english/Torrenting
dulo.mov	general	video	general-purpose piracy (movie/TV, torrent, download, game, ebook or magazine); not blocked for incidental NSFW (owner rule 2026-10-02). Was: inferred: catalogue comes from TMDB (themoviedb references in the page/app code), which lists R-rated films	video/Stream Aggregators
ebooks1001.com	general	reading	general-purpose piracy (movie/TV, torrent, download, game, ebook or magazine); not blocked for incidental NSFW (owner rule 2026-10-02). Was: verified labels: adult,erotic	reading/Ebooks
electro-torrent.pl	general	torrent	general-purpose piracy (movie/TV, torrent, download, game, ebook or magazine); not blocked for incidental NSFW (owner rule 2026-10-02). Was: verified labels: hentai	non-english/Torrenting / Torrentowanie
emnexmovies.tech	general	video	general-purpose piracy (movie/TV, torrent, download, game, ebook or magazine); not blocked for incidental NSFW (owner rule 2026-10-02). Was: inferred: catalogue comes from TMDB (themoviedb references in the page/app code), which lists R-rated films	video/Stream Aggregators
entrepeliculasyseries.nz	general	video	general-purpose piracy (movie/TV, torrent, download, game, ebook or magazine); not blocked for incidental NSFW (owner rule 2026-10-02). Was: inferred: catalogue comes from TMDB (themoviedb references in the page/app code), which lists R-rated films	non-english/Streaming / Streamear
ernax.pro	general	video	general-purpose piracy (movie/TV, torrent, download, game, ebook or magazine); not blocked for incidental NSFW (owner rule 2026-10-02). Was: inferred: catalogue comes from TMDB (themoviedb references in the page/app code), which lists R-rated films	video/Multi-Server
fastshare.cloud	general	download	general-purpose piracy (movie/TV, torrent, download, game, ebook or magazine); not blocked for incidental NSFW (owner rule 2026-10-02). Was: fmhy annotates it NSFW	non-english/Downloading / Stahování
ffmovies.org	general	video	general-purpose piracy (movie/TV, torrent, download, game, ebook or magazine); not blocked for incidental NSFW (owner rule 2026-10-02). Was: inferred: catalogue comes from TMDB (themoviedb references in the page/app code), which lists R-rated films	video/Stream Aggregators
filemood.com	general	torrent	general-purpose piracy (movie/TV, torrent, download, game, ebook or magazine); not blocked for incidental NSFW (owner rule 2026-10-02). Was: inferred: public torrent index or aggregator; catalogue includes ecchi titles	torrenting/Aggregators
filmbot.tv	general	video	general-purpose piracy (movie/TV, torrent, download, game, ebook or magazine); not blocked for incidental NSFW (owner rule 2026-10-02). Was: verified labels: smut	non-english/Streaming / Streamování
films.waploaded.com	general	video	general-purpose piracy (movie/TV, torrent, download, game, ebook or magazine); not blocked for incidental NSFW (owner rule 2026-10-02). Was: verified labels: adult	video/Download Sites
fireflix4.pages.dev	general	video	general-purpose piracy (movie/TV, torrent, download, game, ebook or magazine); not blocked for incidental NSFW (owner rule 2026-10-02). Was: inferred: catalogue comes from TMDB (themoviedb references in the page/app code), which lists R-rated films	video/Multi-Server
fishystream-app.pages.dev	general	video	general-purpose piracy (movie/TV, torrent, download, game, ebook or magazine); not blocked for incidental NSFW (owner rule 2026-10-02). Was: inferred: catalogue comes from TMDB (themoviedb references in the page/app code), which lists R-rated films	video/Multi-Server
fiuxy2.co	general	download	general-purpose piracy (movie/TV, torrent, download, game, ebook or magazine); not blocked for incidental NSFW (owner rule 2026-10-02). Was: fmhy annotates it NSFW	non-english/Downloading / Descargar
flicker-mini.pages.dev	general	video	general-purpose piracy (movie/TV, torrent, download, game, ebook or magazine); not blocked for incidental NSFW (owner rule 2026-10-02). Was: inferred: catalogue comes from TMDB (themoviedb references in the page/app code), which lists R-rated films	audio/Radio Streaming | video/Multi-Server
flickerminiproxy.pages.dev	general	video	general-purpose piracy (movie/TV, torrent, download, game, ebook or magazine); not blocked for incidental NSFW (owner rule 2026-10-02). Was: inferred: catalogue comes from TMDB (themoviedb references in the page/app code), which lists R-rated films	video/Multi-Server
flickystream.mov	general	video	general-purpose piracy (movie/TV, torrent, download, game, ebook or magazine); not blocked for incidental NSFW (owner rule 2026-10-02). Was: inferred: catalogue comes from TMDB (themoviedb references in the page/app code), which lists R-rated films	video/Stream Aggregators
fliker.freebuff.app	general	video	general-purpose piracy (movie/TV, torrent, download, game, ebook or magazine); not blocked for incidental NSFW (owner rule 2026-10-02). Was: inferred: catalogue comes from TMDB (themoviedb references in the page/app code), which lists R-rated films	video/Multi-Server
flixer.cx	general	video	general-purpose piracy (movie/TV, torrent, download, game, ebook or magazine); not blocked for incidental NSFW (owner rule 2026-10-02). Was: inferred: catalogue comes from TMDB (themoviedb references in the page/app code), which lists R-rated films	video/Stream Aggregators
flixsix.com	general	video	general-purpose piracy (movie/TV, torrent, download, game, ebook or magazine); not blocked for incidental NSFW (owner rule 2026-10-02). Was: inferred: catalogue comes from TMDB (themoviedb references in the page/app code), which lists R-rated films	non-english/Streaming
flixway.ru	general	video	general-purpose piracy (movie/TV, torrent, download, game, ebook or magazine); not blocked for incidental NSFW (owner rule 2026-10-02). Was: inferred: catalogue comes from TMDB (themoviedb references in the page/app code), which lists R-rated films	video/Multi-Server
flixzy.pages.dev	general	video	general-purpose piracy (movie/TV, torrent, download, game, ebook or magazine); not blocked for incidental NSFW (owner rule 2026-10-02). Was: inferred: catalogue comes from TMDB (themoviedb references in the page/app code), which lists R-rated films	video/Multi-Server
flnk.fun	general	video	general-purpose piracy (movie/TV, torrent, download, game, ebook or magazine); not blocked for incidental NSFW (owner rule 2026-10-02). Was: inferred: catalogue comes from TMDB (themoviedb references in the page/app code), which lists R-rated films	video/Multi-Server
fluxtv.co.uk	general	video	general-purpose piracy (movie/TV, torrent, download, game, ebook or magazine); not blocked for incidental NSFW (owner rule 2026-10-02). Was: inferred: catalogue comes from TMDB (themoviedb references in the page/app code), which lists R-rated films	video/Multi-Server
flyflix.net	general	video	general-purpose piracy (movie/TV, torrent, download, game, ebook or magazine); not blocked for incidental NSFW (owner rule 2026-10-02). Was: inferred: catalogue comes from TMDB (themoviedb references in the page/app code), which lists R-rated films	video/Multi-Server
foro.unionfansub.com	general	torrent	general-purpose piracy (movie/TV, torrent, download, game, ebook or magazine); not blocked for incidental NSFW (owner rule 2026-10-02). Was: verified labels: hentai	non-english/Torrenting / Torrentear
freegogpcgames.com	general	games	general-purpose piracy (movie/TV, torrent, download, game, ebook or magazine); not blocked for incidental NSFW (owner rule 2026-10-02). Was: verified labels: mature	gaming/Download Games
frembed.surf	general	video	general-purpose piracy (movie/TV, torrent, download, game, ebook or magazine); not blocked for incidental NSFW (owner rule 2026-10-02). Was: inferred: catalogue comes from TMDB (themoviedb references in the page/app code), which lists R-rated films	non-english/Streaming
fs27.lol	general	video	general-purpose piracy (movie/TV, torrent, download, game, ebook or magazine); not blocked for incidental NSFW (owner rule 2026-10-02). Was: inferred: catalogue comes from TMDB (themoviedb references in the page/app code), which lists R-rated films	non-english/Streaming
fstream.app	general	video	general-purpose piracy (movie/TV, torrent, download, game, ebook or magazine); not blocked for incidental NSFW (owner rule 2026-10-02). Was: inferred: catalogue comes from TMDB (themoviedb references in the page/app code), which lists R-rated films	video/Stream Aggregators
fukou-da.net	general	download	general-purpose piracy (movie/TV, torrent, download, game, ebook or magazine); not blocked for incidental NSFW (owner rule 2026-10-02). Was: verified labels: hentai	non-english/Downloading / Descargar
g4u.to	general	games	general-purpose piracy (movie/TV, torrent, download, game, ebook or magazine); not blocked for incidental NSFW (owner rule 2026-10-02). Was: verified labels: erotic	gaming/Download Games
gaiaflix.live	general	video	general-purpose piracy (movie/TV, torrent, download, game, ebook or magazine); not blocked for incidental NSFW (owner rule 2026-10-02). Was: inferred: catalogue comes from TMDB (themoviedb references in the page/app code), which lists R-rated films	video/Stream Aggregators
gamatotv.com.co	general	video	general-purpose piracy (movie/TV, torrent, download, game, ebook or magazine); not blocked for incidental NSFW (owner rule 2026-10-02). Was: verified labels: adult	non-english/Streaming
gamebounty.world	general	games	general-purpose piracy (movie/TV, torrent, download, game, ebook or magazine); not blocked for incidental NSFW (owner rule 2026-10-02). Was: verified labels: 18+	gaming/Download Games
gamepcfull.com	general	games	general-purpose piracy (movie/TV, torrent, download, game, ebook or magazine); not blocked for incidental NSFW (owner rule 2026-10-02). Was: verified labels: nudity	gaming/Download Games
goldesel.bz	general	download	general-purpose piracy (movie/TV, torrent, download, game, ebook or magazine); not blocked for incidental NSFW (owner rule 2026-10-02). Was: fmhy annotates it NSFW	non-english/Downloading / Herunterladen
hacktorrent.cc	general	torrent	general-purpose piracy (movie/TV, torrent, download, game, ebook or magazine); not blocked for incidental NSFW (owner rule 2026-10-02). Was: inferred: public torrent index or aggregator; catalogue includes ecchi titles	non-english/Torrenting / Torrentear
hd-source.to	general	download	general-purpose piracy (movie/TV, torrent, download, game, ebook or magazine); not blocked for incidental NSFW (owner rule 2026-10-02). Was: fmhy annotates it NSFW	non-english/Downloading / Herunterladen
hdmovieshub.fyi	general	video	general-purpose piracy (movie/TV, torrent, download, game, ebook or magazine); not blocked for incidental NSFW (owner rule 2026-10-02). Was: inferred: catalogue comes from TMDB (themoviedb references in the page/app code), which lists R-rated films	video/Download Sites
hdmozi.hu	general	video	general-purpose piracy (movie/TV, torrent, download, game, ebook or magazine); not blocked for incidental NSFW (owner rule 2026-10-02). Was: inferred: catalogue comes from TMDB (themoviedb references in the page/app code), which lists R-rated films	non-english/Streaming / Streamelés
heartivelovestv.pages.dev	general	video	general-purpose piracy (movie/TV, torrent, download, game, ebook or magazine); not blocked for incidental NSFW (owner rule 2026-10-02). Was: inferred: catalogue comes from TMDB (themoviedb references in the page/app code), which lists R-rated films	video/Multi-Server | video/Torrent Sites
helltorrents.com	general	torrent	general-purpose piracy (movie/TV, torrent, download, game, ebook or magazine); not blocked for incidental NSFW (owner rule 2026-10-02). Was: fmhy annotates it NSFW	non-english/Torrenting / Torrentowanie
hollymoviehd.cc	general	video	general-purpose piracy (movie/TV, torrent, download, game, ebook or magazine); not blocked for incidental NSFW (owner rule 2026-10-02). Was: verified labels: 18+,erotic	video/Dedicated-Server | video/Download Sites
hotaudiobooks.com	general	reading	general-purpose piracy (movie/TV, torrent, download, game, ebook or magazine); not blocked for incidental NSFW (owner rule 2026-10-02). Was: verified labels: adult	reading/Streaming
huntorrent.org	general	torrent	general-purpose piracy (movie/TV, torrent, download, game, ebook or magazine); not blocked for incidental NSFW (owner rule 2026-10-02). Was: inferred: public torrent index or aggregator; catalogue includes ecchi titles	non-english/Torrenting / Torrentezés
icefy.top	general	video	general-purpose piracy (movie/TV, torrent, download, game, ebook or magazine); not blocked for incidental NSFW (owner rule 2026-10-02). Was: inferred: catalogue comes from TMDB (themoviedb references in the page/app code), which lists R-rated films	video/P-Stream Forks
infinityanime.net	general	video	anime streaming: ecchi is allowed, only hentai/explicit content is blocked (owner rule 2026-10-03). Was: verified labels: ecchi	non-english/Streaming / Streamear
katzddl.net	general	download	general-purpose piracy (movie/TV, torrent, download, game, ebook or magazine); not blocked for incidental NSFW (owner rule 2026-10-02). Was: fmhy annotates it NSFW	downloading/Download Sites
kdesa.app	general	video	general-purpose piracy (movie/TV, torrent, download, game, ebook or magazine); not blocked for incidental NSFW (owner rule 2026-10-02). Was: inferred: catalogue comes from TMDB (themoviedb references in the page/app code), which lists R-rated films	video/P-Stream Forks
kdesa.stream	general	video	general-purpose piracy (movie/TV, torrent, download, game, ebook or magazine); not blocked for incidental NSFW (owner rule 2026-10-02). Was: inferred: catalogue comes from TMDB (themoviedb references in the page/app code), which lists R-rated films	video/P-Stream Forks
kisskh.dk	general	video	general-purpose piracy (movie/TV, torrent, download, game, ebook or magazine); not blocked for incidental NSFW (owner rule 2026-10-02). Was: verified labels: mature	video/Drama Streaming
kkphim.com	general	video	general-purpose piracy (movie/TV, torrent, download, game, ebook or magazine); not blocked for incidental NSFW (owner rule 2026-10-02). Was: inferred: catalogue comes from TMDB (themoviedb references in the page/app code), which lists R-rated films	non-english/Streaming / Phát trực tuyến
kmmovies.life	general	download	general-purpose piracy (movie/TV, torrent, download, game, ebook or magazine); not blocked for incidental NSFW (owner rule 2026-10-02). Was: verified labels: adult	non-english/Downloading
knaben.org	general	torrent	general-purpose piracy (movie/TV, torrent, download, game, ebook or magazine); not blocked for incidental NSFW (owner rule 2026-10-02). Was: verified labels: xxx	torrenting/Aggregators
koddo.ch	general	video	general-purpose piracy (movie/TV, torrent, download, game, ebook or magazine); not blocked for incidental NSFW (owner rule 2026-10-02). Was: inferred: catalogue comes from TMDB (themoviedb references in the page/app code), which lists R-rated films	video/Stream Aggregators
kontrast.top	general	video	general-purpose piracy (movie/TV, torrent, download, game, ebook or magazine); not blocked for incidental NSFW (owner rule 2026-10-02). Was: inferred: catalogue comes from TMDB (themoviedb references in the page/app code), which lists R-rated films	video/Torrent Sites
korsars.pro	general	torrent	general-purpose piracy (movie/TV, torrent, download, game, ebook or magazine); not blocked for incidental NSFW (owner rule 2026-10-02). Was: inferred: public torrent index or aggregator; catalogue includes ecchi titles	non-english/Torrenting / Торрентинг
krasfs.ru	general	torrent	general-purpose piracy (movie/TV, torrent, download, game, ebook or magazine); not blocked for incidental NSFW (owner rule 2026-10-02). Was: inferred: public torrent index or aggregator; catalogue includes ecchi titles	non-english/Torrenting / Торрентинг
kusonime.com	general	download	general-purpose piracy (movie/TV, torrent, download, game, ebook or magazine); not blocked for incidental NSFW (owner rule 2026-10-02). Was: verified labels: ecchi	non-english/Downloading / Mengunduh
lamovie.org	general	video	general-purpose piracy (movie/TV, torrent, download, game, ebook or magazine); not blocked for incidental NSFW (owner rule 2026-10-02). Was: inferred: catalogue comes from TMDB (themoviedb references in the page/app code), which lists R-rated films	non-english/Streaming / Streamear
latestmovies.net	general	video	general-purpose piracy (movie/TV, torrent, download, game, ebook or magazine); not blocked for incidental NSFW (owner rule 2026-10-02). Was: inferred: catalogue comes from TMDB (themoviedb references in the page/app code), which lists R-rated films	video/Stream Aggregators
lectuepublibre6.com	general	reading	general-purpose piracy (movie/TV, torrent, download, game, ebook or magazine); not blocked for incidental NSFW (owner rule 2026-10-02). Was: verified labels: adult	non-english/Reading / Leer
lendrive.web.id	general	download	general-purpose piracy (movie/TV, torrent, download, game, ebook or magazine); not blocked for incidental NSFW (owner rule 2026-10-02). Was: verified labels: adult,erotica	non-english/Downloading / Mengunduh
lfmx.app	general	video	general-purpose piracy (movie/TV, torrent, download, game, ebook or magazine); not blocked for incidental NSFW (owner rule 2026-10-02). Was: inferred: catalogue comes from TMDB (themoviedb references in the page/app code), which lists R-rated films	video/Stream Aggregators
lightflix.app	general	video	general-purpose piracy (movie/TV, torrent, download, game, ebook or magazine); not blocked for incidental NSFW (owner rule 2026-10-02). Was: inferred: catalogue comes from TMDB (themoviedb references in the page/app code), which lists R-rated films	video/Stream Aggregators
magazinelib.com	general	reading	general-purpose piracy (movie/TV, torrent, download, game, ebook or magazine); not blocked for incidental NSFW (owner rule 2026-10-02). Was: verified labels: 18+	reading/Magazines
magdownload.com	general	reading	general-purpose piracy (movie/TV, torrent, download, game, ebook or magazine); not blocked for incidental NSFW (owner rule 2026-10-02). Was: verified labels: adult,erotic	reading/Magazines
mazepa.to	general	torrent	general-purpose piracy (movie/TV, torrent, download, game, ebook or magazine); not blocked for incidental NSFW (owner rule 2026-10-02). Was: inferred: public torrent index or aggregator; catalogue includes ecchi titles	non-english/Torrenting / Торрентінг
meowly.qzz.io	general	video	general-purpose piracy (movie/TV, torrent, download, game, ebook or magazine); not blocked for incidental NSFW (owner rule 2026-10-02). Was: inferred: catalogue comes from TMDB (themoviedb references in the page/app code), which lists R-rated films	video/Multi-Server
meowtv.ru	general	video	general-purpose piracy (movie/TV, torrent, download, game, ebook or magazine); not blocked for incidental NSFW (owner rule 2026-10-02). Was: inferred: catalogue comes from TMDB (themoviedb references in the page/app code), which lists R-rated films	video/Download Sites | video/Stream Aggregators
miruro.bz	general	anime	anime streaming: ecchi is allowed, only hentai/explicit content is blocked (owner rule 2026-10-03). Was: inferred: unofficial full-catalogue anime source; catalogue includes ecchi titles	video/Anime Streaming
miruro.cx	general	anime	anime streaming: ecchi is allowed, only hentai/explicit content is blocked (owner rule 2026-10-03). Was: inferred: unofficial full-catalogue anime source; catalogue includes ecchi titles	video/Anime Streaming
miruro.to	general	anime	anime streaming: ecchi is allowed, only hentai/explicit content is blocked (owner rule 2026-10-03). Was: inferred: unofficial full-catalogue anime source; catalogue includes ecchi titles	video/Anime Streaming
miruro.tv	general	anime	anime streaming: ecchi is allowed, only hentai/explicit content is blocked (owner rule 2026-10-03). Was: inferred: unofficial full-catalogue anime source; catalogue includes ecchi titles	video/Anime Streaming
moonflix.website	general	video	general-purpose piracy (movie/TV, torrent, download, game, ebook or magazine); not blocked for incidental NSFW (owner rule 2026-10-02). Was: inferred: catalogue comes from TMDB (themoviedb references in the page/app code), which lists R-rated films	video/Stream Aggregators
moovie.fun	general	video	general-purpose piracy (movie/TV, torrent, download, game, ebook or magazine); not blocked for incidental NSFW (owner rule 2026-10-02). Was: inferred: catalogue comes from TMDB (themoviedb references in the page/app code), which lists R-rated films	video/Multi-Server
movie2k.cx	general	video	general-purpose piracy (movie/TV, torrent, download, game, ebook or magazine); not blocked for incidental NSFW (owner rule 2026-10-02). Was: inferred: catalogue comes from TMDB (themoviedb references in the page/app code), which lists R-rated films	non-english/Streaming
moviebite.org	general	video	general-purpose piracy (movie/TV, torrent, download, game, ebook or magazine); not blocked for incidental NSFW (owner rule 2026-10-02). Was: inferred: catalogue comes from TMDB (themoviedb references in the page/app code), which lists R-rated films	video/Stream Aggregators
movienerds.site	general	video	general-purpose piracy (movie/TV, torrent, download, game, ebook or magazine); not blocked for incidental NSFW (owner rule 2026-10-02). Was: inferred: catalogue comes from TMDB (themoviedb references in the page/app code), which lists R-rated films	video/Stream Aggregators
movienestbd.best	general	video	general-purpose piracy (movie/TV, torrent, download, game, ebook or magazine); not blocked for incidental NSFW (owner rule 2026-10-02). Was: verified labels: 18+	video/Dedicated-Server
movieplex.online	general	video	general-purpose piracy (movie/TV, torrent, download, game, ebook or magazine); not blocked for incidental NSFW (owner rule 2026-10-02). Was: inferred: catalogue comes from TMDB (themoviedb references in the page/app code), which lists R-rated films	video/Stream Aggregators
moviesfoundonline.com	general	video	general-purpose piracy (movie/TV, torrent, download, game, ebook or magazine); not blocked for incidental NSFW (owner rule 2026-10-02). Was: verified labels: erotic	video/Free w/ Ads
moviesnipipay.me	general	video	general-purpose piracy (movie/TV, torrent, download, game, ebook or magazine); not blocked for incidental NSFW (owner rule 2026-10-02). Was: fmhy annotates it Some NSFW	non-english/Streaming / Nanonood | video/Download Sites
movish.to	general	video	general-purpose piracy (movie/TV, torrent, download, game, ebook or magazine); not blocked for incidental NSFW (owner rule 2026-10-02). Was: verified labels: ecchi	video/Stream Aggregators
movix.chat	general	video	general-purpose piracy (movie/TV, torrent, download, game, ebook or magazine); not blocked for incidental NSFW (owner rule 2026-10-02). Was: inferred: catalogue comes from TMDB (themoviedb references in the page/app code), which lists R-rated films	non-english/Streaming
mrkni.tv	general	video	general-purpose piracy (movie/TV, torrent, download, game, ebook or magazine); not blocked for incidental NSFW (owner rule 2026-10-02). Was: verified labels: adult,erotic,smut	non-english/Streaming / Streamování
multishows.top	general	video	general-purpose piracy (movie/TV, torrent, download, game, ebook or magazine); not blocked for incidental NSFW (owner rule 2026-10-02). Was: verified labels: hentai	video/Download Sites
myboerse.bz	general	download	general-purpose piracy (movie/TV, torrent, download, game, ebook or magazine); not blocked for incidental NSFW (owner rule 2026-10-02). Was: fmhy annotates it NSFW	non-english/Downloading / Herunterladen
myflixbd.to	general	video	general-purpose piracy (movie/TV, torrent, download, game, ebook or magazine); not blocked for incidental NSFW (owner rule 2026-10-02). Was: verified labels: erotic	non-english/Streaming
namasteserials.com	general	video	general-purpose piracy (movie/TV, torrent, download, game, ebook or magazine); not blocked for incidental NSFW (owner rule 2026-10-02). Was: inferred: catalogue comes from TMDB (themoviedb references in the page/app code), which lists R-rated films	non-english/Streaming
nethd.org	general	torrent	general-purpose piracy (movie/TV, torrent, download, game, ebook or magazine); not blocked for incidental NSFW (owner rule 2026-10-02). Was: inferred: public torrent index or aggregator; catalogue includes ecchi titles	non-english/Torrenting / Tải tệp bằng torrent
netshows.xyz	general	video	general-purpose piracy (movie/TV, torrent, download, game, ebook or magazine); not blocked for incidental NSFW (owner rule 2026-10-02). Was: inferred: catalogue comes from TMDB (themoviedb references in the page/app code), which lists R-rated films	video/Multi-Server
nippleflix.com	general	video	general-purpose piracy (movie/TV, torrent, download, game, ebook or magazine); not blocked for incidental NSFW (owner rule 2026-10-02). Was: inferred: catalogue comes from TMDB (themoviedb references in the page/app code), which lists R-rated films	video/Stream Aggregators
nmovies.cc	general	video	general-purpose piracy (movie/TV, torrent, download, game, ebook or magazine); not blocked for incidental NSFW (owner rule 2026-10-02). Was: verified labels: 18+,erotic	video/Dedicated-Server
nnmclub.to	general	torrent	general-purpose piracy (movie/TV, torrent, download, game, ebook or magazine); not blocked for incidental NSFW (owner rule 2026-10-02). Was: inferred: public torrent index or aggregator; catalogue includes ecchi titles	non-english/Torrenting / Торрентинг | torrenting/Torrent Sites
nomorflix.cc	general	video	general-purpose piracy (movie/TV, torrent, download, game, ebook or magazine); not blocked for incidental NSFW (owner rule 2026-10-02). Was: inferred: catalogue comes from TMDB (themoviedb references in the page/app code), which lists R-rated films	video/Stream Aggregators
novahd.cc	general	video	general-purpose piracy (movie/TV, torrent, download, game, ebook or magazine); not blocked for incidental NSFW (owner rule 2026-10-02). Was: inferred: catalogue comes from TMDB (themoviedb references in the page/app code), which lists R-rated films	video/Stream Aggregators
novamovie.net	general	video	general-purpose piracy (movie/TV, torrent, download, game, ebook or magazine); not blocked for incidental NSFW (owner rule 2026-10-02). Was: verified labels: 18+,erotic	video/Dedicated-Server | video/Download Sites
novashow.live	general	video	general-purpose piracy (movie/TV, torrent, download, game, ebook or magazine); not blocked for incidental NSFW (owner rule 2026-10-02). Was: inferred: catalogue comes from TMDB (themoviedb references in the page/app code), which lists R-rated films	video/P-Stream Forks
nunuju.com	general	video	general-purpose piracy (movie/TV, torrent, download, game, ebook or magazine); not blocked for incidental NSFW (owner rule 2026-10-02). Was: inferred: catalogue comes from TMDB (themoviedb references in the page/app code), which lists R-rated films	non-english/Streaming / 串流
oceanofepub.net	general	reading	general-purpose piracy (movie/TV, torrent, download, game, ebook or magazine); not blocked for incidental NSFW (owner rule 2026-10-02). Was: verified: search lists ecchi manga ("Ero Ninja Scrolls")	reading/Light Novels
onoflix.com	general	video	general-purpose piracy (movie/TV, torrent, download, game, ebook or magazine); not blocked for incidental NSFW (owner rule 2026-10-02). Was: inferred: catalogue comes from TMDB (themoviedb references in the page/app code), which lists R-rated films	video/Multi-Server
onoflix.live	general	video	general-purpose piracy (movie/TV, torrent, download, game, ebook or magazine); not blocked for incidental NSFW (owner rule 2026-10-02). Was: inferred: catalogue comes from TMDB (themoviedb references in the page/app code), which lists R-rated films	video/Multi-Server
osreformados.com	general	download	general-purpose piracy (movie/TV, torrent, download, game, ebook or magazine); not blocked for incidental NSFW (owner rule 2026-10-02). Was: fmhy annotates it Some NSFW	non-english/Downloading / Baixar
pahe.ink	general	video	general-purpose piracy (movie/TV, torrent, download, game, ebook or magazine); not blocked for incidental NSFW (owner rule 2026-10-02). Was: verified labels: adult,erotic,hentai	video/Download Sites
pantyflix.com	general	video	general-purpose piracy (movie/TV, torrent, download, game, ebook or magazine); not blocked for incidental NSFW (owner rule 2026-10-02). Was: inferred: catalogue comes from TMDB (themoviedb references in the page/app code), which lists R-rated films	video/Stream Aggregators
pasateatorrent.org	general	torrent	general-purpose piracy (movie/TV, torrent, download, game, ebook or magazine); not blocked for incidental NSFW (owner rule 2026-10-02). Was: inferred: public torrent index or aggregator; catalogue includes ecchi titles	non-english/Torrenting / Torrentear
pb.wtf	general	torrent	general-purpose piracy (movie/TV, torrent, download, game, ebook or magazine); not blocked for incidental NSFW (owner rule 2026-10-02). Was: fmhy annotates it NSFW	non-english/Torrenting / Торрентинг
pdf-magazines-archive.com	general	reading	general-purpose piracy (movie/TV, torrent, download, game, ebook or magazine); not blocked for incidental NSFW (owner rule 2026-10-02). Was: verified labels: adult	reading/Magazines
pdf-magazines-download.com	general	reading	general-purpose piracy (movie/TV, torrent, download, game, ebook or magazine); not blocked for incidental NSFW (owner rule 2026-10-02). Was: verified labels: adult	reading/Magazines
peestream.in	general	video	general-purpose piracy (movie/TV, torrent, download, game, ebook or magazine); not blocked for incidental NSFW (owner rule 2026-10-02). Was: inferred: catalogue comes from TMDB (themoviedb references in the page/app code), which lists R-rated films	video/P-Stream Forks
pelispedia.is	general	video	general-purpose piracy (movie/TV, torrent, download, game, ebook or magazine); not blocked for incidental NSFW (owner rule 2026-10-02). Was: verified labels: adult	non-english/Streaming / Streamear
pelispedia.mov	general	video	general-purpose piracy (movie/TV, torrent, download, game, ebook or magazine); not blocked for incidental NSFW (owner rule 2026-10-02). Was: inferred: catalogue comes from TMDB (themoviedb references in the page/app code), which lists R-rated films	non-english/Streaming / Streamear
phantomflix.net	general	video	general-purpose piracy (movie/TV, torrent, download, game, ebook or magazine); not blocked for incidental NSFW (owner rule 2026-10-02). Was: inferred: catalogue comes from TMDB (themoviedb references in the page/app code), which lists R-rated films	video/Stream Aggregators
phim.nguonc.com	general	video	general-purpose piracy (movie/TV, torrent, download, game, ebook or magazine); not blocked for incidental NSFW (owner rule 2026-10-02). Was: inferred: catalogue comes from TMDB (themoviedb references in the page/app code), which lists R-rated films	non-english/Streaming / Phát trực tuyến
pinoyalbums.com	general	video	general-purpose piracy (movie/TV, torrent, download, game, ebook or magazine); not blocked for incidental NSFW (owner rule 2026-10-02). Was: verified labels: adult,hentai	non-english/Streaming / Nanonood
pinoymovieshub.win	general	video	general-purpose piracy (movie/TV, torrent, download, game, ebook or magazine); not blocked for incidental NSFW (owner rule 2026-10-02). Was: fmhy annotates it NSFW	non-english/Streaming / Nanonood
pirataria.link	general	torrent	general-purpose piracy (movie/TV, torrent, download, game, ebook or magazine); not blocked for incidental NSFW (owner rule 2026-10-02). Was: inferred: public torrent index or aggregator; catalogue includes ecchi titles	non-english/Portuguese / Português | non-english/Torrenting
piratbit.top	general	torrent	general-purpose piracy (movie/TV, torrent, download, game, ebook or magazine); not blocked for incidental NSFW (owner rule 2026-10-02). Was: fmhy annotates it NSFW	non-english/Torrenting / Торрентинг
piratexplay.com	general	anime	anime streaming: ecchi is allowed, only hentai/explicit content is blocked (owner rule 2026-10-03). Was: inferred: unofficial full-catalogue anime source; catalogue includes ecchi titles	non-english/Streaming | video/Anime Streaming | video/Cartoon Streaming
playtorrio.pages.dev	general	manga	anime download/torrent site; download and torrent sites are not blocked for incidental NSFW (owner rule 2026-10-02). Was: inferred: unofficial full-catalogue manga source; catalogue includes ecchi titles	mobile/Android Live TV | mobile/Android Streaming | mobile/iOS Streaming | non-english/Streaming | non-english/Streaming / البث | non-english/Streaming / Streamear | reading/Downloading | reading/Streaming | reading/Manga | video/Download Sites
playtorrio.xyz	general	manga	anime download/torrent site; download and torrent sites are not blocked for incidental NSFW (owner rule 2026-10-02). Was: inferred: unofficial full-catalogue manga source; catalogue includes ecchi titles	mobile/Android Live TV | mobile/Android Streaming | mobile/iOS Streaming | non-english/Streaming | non-english/Streaming / البث | non-english/Streaming / Streamear | reading/Ebooks | reading/Downloading | reading/Streaming | reading/Manga | video/Download Sites
popwatch.to	general	video	general-purpose piracy (movie/TV, torrent, download, game, ebook or magazine); not blocked for incidental NSFW (owner rule 2026-10-02). Was: inferred: catalogue comes from TMDB (themoviedb references in the page/app code), which lists R-rated films	video/Stream Aggregators
pressplayz.to	general	video	general-purpose piracy (movie/TV, torrent, download, game, ebook or magazine); not blocked for incidental NSFW (owner rule 2026-10-02). Was: inferred: catalogue comes from TMDB (themoviedb references in the page/app code), which lists R-rated films	video/Dedicated-Server
primewire.pw	general	video	general-purpose piracy (movie/TV, torrent, download, game, ebook or magazine); not blocked for incidental NSFW (owner rule 2026-10-02). Was: inferred: catalogue comes from TMDB (themoviedb references in the page/app code), which lists R-rated films	video/Dedicated-Server
primewire.zip	general	video	general-purpose piracy (movie/TV, torrent, download, game, ebook or magazine); not blocked for incidental NSFW (owner rule 2026-10-02). Was: inferred: catalogue comes from TMDB (themoviedb references in the page/app code), which lists R-rated films	video/Dedicated-Server | video/TV Streaming
privtr.ee	general	torrent	general-purpose piracy (movie/TV, torrent, download, game, ebook or magazine); not blocked for incidental NSFW (owner rule 2026-10-02). Was: inferred: public torrent index or aggregator; catalogue includes ecchi titles	non-english/Torrenting / Torrentear
projectjust.xyz	general	anime	anime download/torrent site; download and torrent sites are not blocked for incidental NSFW (owner rule 2026-10-02). Was: inferred: unofficial full-catalogue anime source; catalogue includes ecchi titles	misc/Indexes | video/Anime Downloading | video/Anime Streaming
psa.wf	general	video	general-purpose piracy (movie/TV, torrent, download, game, ebook or magazine); not blocked for incidental NSFW (owner rule 2026-10-02). Was: verified labels: adult	video/Download Sites
pstream.cfd	general	video	general-purpose piracy (movie/TV, torrent, download, game, ebook or magazine); not blocked for incidental NSFW (owner rule 2026-10-02). Was: inferred: catalogue comes from TMDB (themoviedb references in the page/app code), which lists R-rated films	video/P-Stream Forks
pstream.site	general	video	general-purpose piracy (movie/TV, torrent, download, game, ebook or magazine); not blocked for incidental NSFW (owner rule 2026-10-02). Was: inferred: catalogue comes from TMDB (themoviedb references in the page/app code), which lists R-rated films	video/P-Stream Forks
rarbgdump.com	general	torrent	general-purpose piracy (movie/TV, torrent, download, game, ebook or magazine); not blocked for incidental NSFW (owner rule 2026-10-02). Was: inferred: public torrent index or aggregator; catalogue includes ecchi titles	torrenting/Torrent Sites
readfrom.net	general	reading	general-purpose piracy (movie/TV, torrent, download, game, ebook or magazine); not blocked for incidental NSFW (owner rule 2026-10-02). Was: verified labels: adult,erotic	reading/Ebooks
redflix.club	general	video	general-purpose piracy (movie/TV, torrent, download, game, ebook or magazine); not blocked for incidental NSFW (owner rule 2026-10-02). Was: inferred: catalogue comes from TMDB (themoviedb references in the page/app code), which lists R-rated films	video/Stream Aggregators
redflix.one	general	video	general-purpose piracy (movie/TV, torrent, download, game, ebook or magazine); not blocked for incidental NSFW (owner rule 2026-10-02). Was: inferred: catalogue comes from TMDB (themoviedb references in the page/app code), which lists R-rated films	video/Stream Aggregators
reelix.ac	general	video	general-purpose piracy (movie/TV, torrent, download, game, ebook or magazine); not blocked for incidental NSFW (owner rule 2026-10-02). Was: inferred: catalogue comes from TMDB (themoviedb references in the page/app code), which lists R-rated films	video/Stream Aggregators
reelzone.icu	general	video	general-purpose piracy (movie/TV, torrent, download, game, ebook or magazine); not blocked for incidental NSFW (owner rule 2026-10-02). Was: inferred: catalogue comes from TMDB (themoviedb references in the page/app code), which lists R-rated films	video/Stream Aggregators
releasehive.com	general	download	general-purpose piracy (movie/TV, torrent, download, game, ebook or magazine); not blocked for incidental NSFW (owner rule 2026-10-02). Was: verified labels: xxx	downloading/Download Sites
rips.club	general	torrent	general-purpose piracy (movie/TV, torrent, download, game, ebook or magazine); not blocked for incidental NSFW (owner rule 2026-10-02). Was: inferred: public torrent index or aggregator; catalogue includes ecchi titles	non-english/Torrenting / Торрентинг
rivestream.win	general	video	general-purpose piracy (movie/TV, torrent, download, game, ebook or magazine); not blocked for incidental NSFW (owner rule 2026-10-02). Was: inferred: catalogue comes from TMDB (themoviedb references in the page/app code), which lists R-rated films	video/Stream Aggregators
rizzking.org	general	video	general-purpose piracy (movie/TV, torrent, download, game, ebook or magazine); not blocked for incidental NSFW (owner rule 2026-10-02). Was: inferred: catalogue comes from TMDB (themoviedb references in the page/app code), which lists R-rated films	video/P-Stream Forks
rlsxtvt.icu	general	video	general-purpose piracy (movie/TV, torrent, download, game, ebook or magazine); not blocked for incidental NSFW (owner rule 2026-10-02). Was: verified labels: adult	video/Download Sites
romsfun.com	general	games	general-purpose piracy (movie/TV, torrent, download, game, ebook or magazine); not blocked for incidental NSFW (owner rule 2026-10-02). Was: verified labels: adult	gaming/ROM Sites
romspure.cc	general	games	general-purpose piracy (movie/TV, torrent, download, game, ebook or magazine); not blocked for incidental NSFW (owner rule 2026-10-02). Was: verified labels: adult	gaming/ROM Sites
rutor.info	general	torrent	general-purpose piracy (movie/TV, torrent, download, game, ebook or magazine); not blocked for incidental NSFW (owner rule 2026-10-02). Was: inferred: public torrent index or aggregator; catalogue includes ecchi titles	non-english/Torrenting / Торрентинг | torrenting/Torrent Sites
rutor.is	general	torrent	general-purpose piracy (movie/TV, torrent, download, game, ebook or magazine); not blocked for incidental NSFW (owner rule 2026-10-02). Was: inferred: public torrent index or aggregator; catalogue includes ecchi titles	torrenting/Torrent Sites
rutracker.net	general	torrent	general-purpose piracy (movie/TV, torrent, download, game, ebook or magazine); not blocked for incidental NSFW (owner rule 2026-10-02). Was: inferred: public torrent index or aggregator; catalogue includes ecchi titles	non-english/Torrenting / Торрентинг | torrenting/Torrent Sites
rutracker.wiki	general	torrent	general-purpose piracy (movie/TV, torrent, download, game, ebook or magazine); not blocked for incidental NSFW (owner rule 2026-10-02). Was: inferred: public torrent index or aggregator; catalogue includes ecchi titles	torrenting/Torrent Sites
scnlog.me	general	download	general-purpose piracy (movie/TV, torrent, download, game, ebook or magazine); not blocked for incidental NSFW (owner rule 2026-10-02). Was: verified labels: xxx	downloading/Download Sites | linux-macos/Mac Gaming | torrenting/Helpful Sites / Apps
screenscape.me	general	video	general-purpose piracy (movie/TV, torrent, download, game, ebook or magazine); not blocked for incidental NSFW (owner rule 2026-10-02). Was: inferred: catalogue comes from TMDB (themoviedb references in the page/app code), which lists R-rated films	non-english/Streaming | video/Stream Aggregators
seriesvault.org	general	video	general-purpose piracy (movie/TV, torrent, download, game, ebook or magazine); not blocked for incidental NSFW (owner rule 2026-10-02). Was: verified labels: adult,erotic	video/Download Sites
seriesvault.win	general	video	general-purpose piracy (movie/TV, torrent, download, game, ebook or magazine); not blocked for incidental NSFW (owner rule 2026-10-02). Was: verified labels: adult,erotic	video/Download Sites
shadowrangers.net	general	download	general-purpose piracy (movie/TV, torrent, download, game, ebook or magazine); not blocked for incidental NSFW (owner rule 2026-10-02). Was: verified labels: adult,erotica	non-english/Downloading / Descargar
sktorrent.eu	general	torrent	general-purpose piracy (movie/TV, torrent, download, game, ebook or magazine); not blocked for incidental NSFW (owner rule 2026-10-02). Was: verified labels: xxx	non-english/Torrenting
smashystream.xyz	general	video	general-purpose piracy (movie/TV, torrent, download, game, ebook or magazine); not blocked for incidental NSFW (owner rule 2026-10-02). Was: inferred: catalogue comes from TMDB (themoviedb references in the page/app code), which lists R-rated films	video/Stream Aggregators
smovies.co	general	video	general-purpose piracy (movie/TV, torrent, download, game, ebook or magazine); not blocked for incidental NSFW (owner rule 2026-10-02). Was: inferred: catalogue comes from TMDB (themoviedb references in the page/app code), which lists R-rated films	video/Stream Aggregators
snow-raws.com	general	torrent	general-purpose piracy (movie/TV, torrent, download, game, ebook or magazine); not blocked for incidental NSFW (owner rule 2026-10-02). Was: inferred: public torrent index or aggregator; catalogue includes ecchi titles	non-english/Torrenting / 下载种子
snowfl.com	general	torrent	general-purpose piracy (movie/TV, torrent, download, game, ebook or magazine); not blocked for incidental NSFW (owner rule 2026-10-02). Was: verified labels: nsfw	torrenting/Aggregators
snowstream.vercel.app	general	video	general-purpose piracy (movie/TV, torrent, download, game, ebook or magazine); not blocked for incidental NSFW (owner rule 2026-10-02). Was: inferred: catalogue comes from TMDB (themoviedb references in the page/app code), which lists R-rated films	video/Multi-Server
spaider.net	general	torrent	general-purpose piracy (movie/TV, torrent, download, game, ebook or magazine); not blocked for incidental NSFW (owner rule 2026-10-02). Was: inferred: public torrent index or aggregator; catalogue includes ecchi titles	non-english/Torrenting / Торрентинг
sphinxanime.com	general	download	general-purpose piracy (movie/TV, torrent, download, game, ebook or magazine); not blocked for incidental NSFW (owner rule 2026-10-02). Was: verified labels: ecchi	non-english/Downloading / Descargar
steamgg.net	general	games	general-purpose piracy (movie/TV, torrent, download, game, ebook or magazine); not blocked for incidental NSFW (owner rule 2026-10-02). Was: verified labels: adult	gaming/Download Games
steamora.net	general	games	general-purpose piracy (movie/TV, torrent, download, game, ebook or magazine); not blocked for incidental NSFW (owner rule 2026-10-02). Was: verified labels: adult	gaming/Download Games
stellar.gdn	general	video	general-purpose piracy (movie/TV, torrent, download, game, ebook or magazine); not blocked for incidental NSFW (owner rule 2026-10-02). Was: inferred: catalogue comes from TMDB (themoviedb references in the page/app code), which lists R-rated films	video/Stream Aggregators
stellar.rip	general	video	general-purpose piracy (movie/TV, torrent, download, game, ebook or magazine); not blocked for incidental NSFW (owner rule 2026-10-02). Was: inferred: catalogue comes from TMDB (themoviedb references in the page/app code), which lists R-rated films	video/Stream Aggregators
stigstream.ru	general	video	general-purpose piracy (movie/TV, torrent, download, game, ebook or magazine); not blocked for incidental NSFW (owner rule 2026-10-02). Was: inferred: catalogue comes from TMDB (themoviedb references in the page/app code), which lists R-rated films	non-english/Streaming | video/Stream Aggregators
streamgoblin.cc	general	video	general-purpose piracy (movie/TV, torrent, download, game, ebook or magazine); not blocked for incidental NSFW (owner rule 2026-10-02). Was: inferred: catalogue comes from TMDB (themoviedb references in the page/app code), which lists R-rated films	video/Multi-Server
streamo.pro	general	video	general-purpose piracy (movie/TV, torrent, download, game, ebook or magazine); not blocked for incidental NSFW (owner rule 2026-10-02). Was: inferred: catalogue comes from TMDB (themoviedb references in the page/app code), which lists R-rated films	video/Download Sites | video/Stream Aggregators
streamwatch.online	general	video	general-purpose piracy (movie/TV, torrent, download, game, ebook or magazine); not blocked for incidental NSFW (owner rule 2026-10-02). Was: inferred: catalogue comes from TMDB (themoviedb references in the page/app code), which lists R-rated films	video/P-Stream Forks
streamwatch.pages.dev	general	video	general-purpose piracy (movie/TV, torrent, download, game, ebook or magazine); not blocked for incidental NSFW (owner rule 2026-10-02). Was: inferred: catalogue comes from TMDB (themoviedb references in the page/app code), which lists R-rated films	video/P-Stream Forks
svstream.cc	general	video	general-purpose piracy (movie/TV, torrent, download, game, ebook or magazine); not blocked for incidental NSFW (owner rule 2026-10-02). Was: inferred: catalogue comes from TMDB (themoviedb references in the page/app code), which lists R-rated films	video/Stream Aggregators
tele-libre.live	general	video	general-purpose piracy (movie/TV, torrent, download, game, ebook or magazine); not blocked for incidental NSFW (owner rule 2026-10-02). Was: verified labels: 18+	non-english/Streaming / Streamear
tfpdl.se	general	video	general-purpose piracy (movie/TV, torrent, download, game, ebook or magazine); not blocked for incidental NSFW (owner rule 2026-10-02). Was: verified labels: adult,erotic	video/Download Sites
tfpdl.to	general	video	general-purpose piracy (movie/TV, torrent, download, game, ebook or magazine); not blocked for incidental NSFW (owner rule 2026-10-02). Was: verified labels: adult,erotic	video/Download Sites
the-dark-games.com	general	games	general-purpose piracy (movie/TV, torrent, download, game, ebook or magazine); not blocked for incidental NSFW (owner rule 2026-10-02). Was: verified labels: nudity	gaming/Download Games
thenkiri.com	general	video	general-purpose piracy (movie/TV, torrent, download, game, ebook or magazine); not blocked for incidental NSFW (owner rule 2026-10-02). Was: verified labels: adult	video/Specialty Downloading
thepiratebay.org	general	video	general-purpose piracy (movie/TV, torrent, download, game, ebook or magazine); not blocked for incidental NSFW (owner rule 2026-10-02). Was: verified labels: porn	audio/Audio Torrenting | video/Torrent Sites
tntvillage-db.programmiedovetrovarli.it	general	torrent	general-purpose piracy (movie/TV, torrent, download, game, ebook or magazine); not blocked for incidental NSFW (owner rule 2026-10-02). Was: inferred: public torrent index or aggregator; catalogue includes ecchi titles	non-english/Torrenting
toflix.co	general	video	general-purpose piracy (movie/TV, torrent, download, game, ebook or magazine); not blocked for incidental NSFW (owner rule 2026-10-02). Was: inferred: catalogue comes from TMDB (themoviedb references in the page/app code), which lists R-rated films	video/Stream Aggregators
toloka.to	general	torrent	general-purpose piracy (movie/TV, torrent, download, game, ebook or magazine); not blocked for incidental NSFW (owner rule 2026-10-02). Was: inferred: public torrent index or aggregator; catalogue includes ecchi titles	non-english/Torrenting / Торрентінг
toptracker.ru	general	torrent	general-purpose piracy (movie/TV, torrent, download, game, ebook or magazine); not blocked for incidental NSFW (owner rule 2026-10-02). Was: verified labels: hentai,xxx	non-english/Torrenting / Торрентинг
torrent-empire.me	general	torrent	general-purpose piracy (movie/TV, torrent, download, game, ebook or magazine); not blocked for incidental NSFW (owner rule 2026-10-02). Was: inferred: public torrent index or aggregator; catalogue includes ecchi titles	non-english/Torrenting / Torrentezés
torrentproject.cc	general	torrent	general-purpose piracy (movie/TV, torrent, download, game, ebook or magazine); not blocked for incidental NSFW (owner rule 2026-10-02). Was: inferred: public torrent index or aggregator; catalogue includes ecchi titles	torrenting/Aggregators
torrentquest.com	general	torrent	general-purpose piracy (movie/TV, torrent, download, game, ebook or magazine); not blocked for incidental NSFW (owner rule 2026-10-02). Was: inferred: public torrent index or aggregator; catalogue includes ecchi titles	torrenting/Aggregators
torrents-csv.com	general	torrent	general-purpose piracy (movie/TV, torrent, download, game, ebook or magazine); not blocked for incidental NSFW (owner rule 2026-10-02). Was: inferred: public torrent index or aggregator; catalogue includes ecchi titles	torrenting/Aggregators
torrents.youplex.site	general	video	general-purpose piracy (movie/TV, torrent, download, game, ebook or magazine); not blocked for incidental NSFW (owner rule 2026-10-02). Was: inferred: catalogue comes from TMDB (themoviedb references in the page/app code), which lists R-rated films	video/Torrent Sites
toustream.xyz	general	video	general-purpose piracy (movie/TV, torrent, download, game, ebook or magazine); not blocked for incidental NSFW (owner rule 2026-10-02). Was: inferred: catalogue comes from TMDB (themoviedb references in the page/app code), which lists R-rated films	video/Stream Aggregators
tv10.egydead.live	general	download	general-purpose piracy (movie/TV, torrent, download, game, ebook or magazine); not blocked for incidental NSFW (owner rule 2026-10-02). Was: verified labels: adult	non-english/Downloading / تحميل | non-english/Streaming / البث
uindex.org	general	torrent	general-purpose piracy (movie/TV, torrent, download, game, ebook or magazine); not blocked for incidental NSFW (owner rule 2026-10-02). Was: verified labels: xxx	torrenting/Aggregators
uztracker.me	general	torrent	general-purpose piracy (movie/TV, torrent, download, game, ebook or magazine); not blocked for incidental NSFW (owner rule 2026-10-02). Was: inferred: public torrent index or aggregator; catalogue includes ecchi titles	torrenting/Torrent Sites
uztracker.ru	general	torrent	general-purpose piracy (movie/TV, torrent, download, game, ebook or magazine); not blocked for incidental NSFW (owner rule 2026-10-02). Was: inferred: public torrent index or aggregator; catalogue includes ecchi titles	torrenting/Torrent Sites
vezihd.ro	general	video	general-purpose piracy (movie/TV, torrent, download, game, ebook or magazine); not blocked for incidental NSFW (owner rule 2026-10-02). Was: verified labels: erotic	non-english/Streaming
vidplay.to	general	video	general-purpose piracy (movie/TV, torrent, download, game, ebook or magazine); not blocked for incidental NSFW (owner rule 2026-10-02). Was: inferred: catalogue comes from TMDB (themoviedb references in the page/app code), which lists R-rated films	video/Stream Aggregators
voxfilmeonline.biz	general	video	general-purpose piracy (movie/TV, torrent, download, game, ebook or magazine); not blocked for incidental NSFW (owner rule 2026-10-02). Was: verified labels: adult	non-english/Streaming
vuflix.co	general	video	general-purpose piracy (movie/TV, torrent, download, game, ebook or magazine); not blocked for incidental NSFW (owner rule 2026-10-02). Was: inferred: catalogue comes from TMDB (themoviedb references in the page/app code), which lists R-rated films	video/Stream Aggregators
war-forum.net	general	download	general-purpose piracy (movie/TV, torrent, download, game, ebook or magazine); not blocked for incidental NSFW (owner rule 2026-10-02). Was: fmhy annotates it NSFW	non-english/Downloading / Stahování
warcenter.cz	general	download	general-purpose piracy (movie/TV, torrent, download, game, ebook or magazine); not blocked for incidental NSFW (owner rule 2026-10-02). Was: fmhy annotates it NSFW	non-english/Downloading / Stahování
watch.cinewave.qzz.io	general	video	general-purpose piracy (movie/TV, torrent, download, game, ebook or magazine); not blocked for incidental NSFW (owner rule 2026-10-02). Was: inferred: catalogue comes from TMDB (themoviedb references in the page/app code), which lists R-rated films	video/Multi-Server
watch.corsflix.dpdns.org	general	video	general-purpose piracy (movie/TV, torrent, download, game, ebook or magazine); not blocked for incidental NSFW (owner rule 2026-10-02). Was: inferred: catalogue comes from TMDB (themoviedb references in the page/app code), which lists R-rated films	video/Stream Aggregators | video/Torrent Sites
watch.corsflix.net	general	video	general-purpose piracy (movie/TV, torrent, download, game, ebook or magazine); not blocked for incidental NSFW (owner rule 2026-10-02). Was: inferred: catalogue comes from TMDB (themoviedb references in the page/app code), which lists R-rated films	video/Stream Aggregators | video/Torrent Sites
watch.spencerdevs.xyz	general	video	general-purpose piracy (movie/TV, torrent, download, game, ebook or magazine); not blocked for incidental NSFW (owner rule 2026-10-02). Was: inferred: catalogue comes from TMDB (themoviedb references in the page/app code), which lists R-rated films	video/Stream Aggregators
watchorbit.me	general	video	general-purpose piracy (movie/TV, torrent, download, game, ebook or magazine); not blocked for incidental NSFW (owner rule 2026-10-02). Was: inferred: catalogue comes from TMDB (themoviedb references in the page/app code), which lists R-rated films	video/Multi-Server
watchott.org	general	video	general-purpose piracy (movie/TV, torrent, download, game, ebook or magazine); not blocked for incidental NSFW (owner rule 2026-10-02). Was: inferred: catalogue comes from TMDB (themoviedb references in the page/app code), which lists R-rated films	video/Stream Aggregators
webshare.cz	general	download	general-purpose piracy (movie/TV, torrent, download, game, ebook or magazine); not blocked for incidental NSFW (owner rule 2026-10-02). Was: fmhy annotates it NSFW	non-english/Downloading / Stahování
webteizle.info	general	video	general-purpose piracy (movie/TV, torrent, download, game, ebook or magazine); not blocked for incidental NSFW (owner rule 2026-10-02). Was: inferred: catalogue comes from TMDB (themoviedb references in the page/app code), which lists R-rated films	non-english/Streaming / İzleme
wiki.bakabt.me	general	anime	anime download/torrent site; download and torrent sites are not blocked for incidental NSFW (owner rule 2026-10-02). Was: inferred: unofficial full-catalogue anime source; catalogue includes ecchi titles	video/Anime Torrenting
willow.arlen.icu	general	video	general-purpose piracy (movie/TV, torrent, download, game, ebook or magazine); not blocked for incidental NSFW (owner rule 2026-10-02). Was: inferred: catalogue comes from TMDB (themoviedb references in the page/app code), which lists R-rated films	video/Stream Aggregators
wjungle.net	general	download	general-purpose piracy (movie/TV, torrent, download, game, ebook or magazine); not blocked for incidental NSFW (owner rule 2026-10-02). Was: fmhy annotates it NSFW	downloading/Download Sites
wolfmax4k.com	general	torrent	general-purpose piracy (movie/TV, torrent, download, game, ebook or magazine); not blocked for incidental NSFW (owner rule 2026-10-02). Was: inferred: public torrent index or aggregator; catalogue includes ecchi titles	non-english/Torrenting / Torrentear
worldfree4u.expert	general	video	general-purpose piracy (movie/TV, torrent, download, game, ebook or magazine); not blocked for incidental NSFW (owner rule 2026-10-02). Was: verified labels: adult,erotic	video/Download Sites
www.1lou.me	general	torrent	general-purpose piracy (movie/TV, torrent, download, game, ebook or magazine); not blocked for incidental NSFW (owner rule 2026-10-02). Was: inferred: public torrent index or aggregator; catalogue includes ecchi titles	non-english/Torrenting / 下载种子
www.1tube.org	general	video	general-purpose piracy (movie/TV, torrent, download, game, ebook or magazine); not blocked for incidental NSFW (owner rule 2026-10-02). Was: inferred: catalogue comes from TMDB (themoviedb references in the page/app code), which lists R-rated films	non-english/Streaming | video/Live TV | video/Multi-Server | video/Torrent Sites
www.5movierulz.fitness	general	video	general-purpose piracy (movie/TV, torrent, download, game, ebook or magazine); not blocked for incidental NSFW (owner rule 2026-10-02). Was: verified labels: adult,erotic	non-english/Streaming
www.amberflix.xyz	general	video	general-purpose piracy (movie/TV, torrent, download, game, ebook or magazine); not blocked for incidental NSFW (owner rule 2026-10-02). Was: inferred: catalogue comes from TMDB (themoviedb references in the page/app code), which lists R-rated films	video/Multi-Server
www.anime2enjoy.com	general	anime	anime download/torrent site; download and torrent sites are not blocked for incidental NSFW (owner rule 2026-10-02). Was: verified labels: adult,erotica	video/Anime Downloading
www.animebatch.id	general	download	general-purpose piracy (movie/TV, torrent, download, game, ebook or magazine); not blocked for incidental NSFW (owner rule 2026-10-02). Was: verified labels: adult	non-english/Downloading / Mengunduh
www.animeclipse.com	general	torrent	general-purpose piracy (movie/TV, torrent, download, game, ebook or magazine); not blocked for incidental NSFW (owner rule 2026-10-02). Was: inferred: public torrent index or aggregator; catalogue includes ecchi titles	non-english/Torrenting
www.animedubhindi.link	general	download	general-purpose piracy (movie/TV, torrent, download, game, ebook or magazine); not blocked for incidental NSFW (owner rule 2026-10-02). Was: verified labels: ecchi	non-english/Downloading
www.arabp2p.net	general	torrent	general-purpose piracy (movie/TV, torrent, download, game, ebook or magazine); not blocked for incidental NSFW (owner rule 2026-10-02). Was: inferred: public torrent index or aggregator; catalogue includes ecchi titles	non-english/Torrenting / التورنت
www.bookfrom.net	general	reading	general-purpose piracy (movie/TV, torrent, download, game, ebook or magazine); not blocked for incidental NSFW (owner rule 2026-10-02). Was: verified labels: adult,erotic	reading/Ebooks
www.bookys-ebooks.com	general	reading	general-purpose piracy (movie/TV, torrent, download, game, ebook or magazine); not blocked for incidental NSFW (owner rule 2026-10-02). Was: fmhy annotates it Some NSFW	non-english/Reading / Lecture
www.btbtla.com	general	torrent	general-purpose piracy (movie/TV, torrent, download, game, ebook or magazine); not blocked for incidental NSFW (owner rule 2026-10-02). Was: inferred: public torrent index or aggregator; catalogue includes ecchi titles	non-english/Torrenting / 下载种子
www.cineapse.net	general	video	general-purpose piracy (movie/TV, torrent, download, game, ebook or magazine); not blocked for incidental NSFW (owner rule 2026-10-02). Was: inferred: catalogue comes from TMDB (themoviedb references in the page/app code), which lists R-rated films	video/Stream Aggregators
www.cinecalidad.am	general	video	general-purpose piracy (movie/TV, torrent, download, game, ebook or magazine); not blocked for incidental NSFW (owner rule 2026-10-02). Was: inferred: catalogue comes from TMDB (themoviedb references in the page/app code), which lists R-rated films	non-english/Streaming / Streamear
www.cinezo.st	general	video	general-purpose piracy (movie/TV, torrent, download, game, ebook or magazine); not blocked for incidental NSFW (owner rule 2026-10-02). Was: inferred: catalogue comes from TMDB (themoviedb references in the page/app code), which lists R-rated films	non-english/Streaming / Streamear | video/Stream Aggregators
www.daemonanime.net	general	download	general-purpose piracy (movie/TV, torrent, download, game, ebook or magazine); not blocked for incidental NSFW (owner rule 2026-10-02). Was: verified labels: ecchi	non-english/Downloading / Descargar
www.elvideoclubargento.com.ar	general	video	general-purpose piracy (movie/TV, torrent, download, game, ebook or magazine); not blocked for incidental NSFW (owner rule 2026-10-02). Was: inferred: catalogue comes from TMDB (themoviedb references in the page/app code), which lists R-rated films	non-english/Streaming / Streamear
www.emule-project.com	general	download	general-purpose piracy (movie/TV, torrent, download, game, ebook or magazine); not blocked for incidental NSFW (owner rule 2026-10-02). Was: fmhy annotates it NSFW	downloading/Download Directories | non-english/Downloading / Descargar
www.flikhub.net	general	video	general-purpose piracy (movie/TV, torrent, download, game, ebook or magazine); not blocked for incidental NSFW (owner rule 2026-10-02). Was: inferred: catalogue comes from TMDB (themoviedb references in the page/app code), which lists R-rated films	video/Stream Aggregators
www.framemovie.online	general	video	general-purpose piracy (movie/TV, torrent, download, game, ebook or magazine); not blocked for incidental NSFW (owner rule 2026-10-02). Was: inferred: catalogue comes from TMDB (themoviedb references in the page/app code), which lists R-rated films	video/Stream Aggregators
www.freelibros.net	general	reading	general-purpose piracy (movie/TV, torrent, download, game, ebook or magazine); not blocked for incidental NSFW (owner rule 2026-10-02). Was: verified labels: adult	non-english/Reading / Leer
www.generation-msx.nl	general	games	general-purpose piracy (movie/TV, torrent, download, game, ebook or magazine); not blocked for incidental NSFW (owner rule 2026-10-02). Was: verified labels: nsfw	gaming/Abandonware / Retro
www.icv-crew.com	general	torrent	general-purpose piracy (movie/TV, torrent, download, game, ebook or magazine); not blocked for incidental NSFW (owner rule 2026-10-02). Was: inferred: public torrent index or aggregator; catalogue includes ecchi titles	non-english/Torrenting
www.kinos.to	general	video	general-purpose piracy (movie/TV, torrent, download, game, ebook or magazine); not blocked for incidental NSFW (owner rule 2026-10-02). Was: verified labels: adult	non-english/Streaming
www.kinox.to	general	video	general-purpose piracy (movie/TV, torrent, download, game, ebook or magazine); not blocked for incidental NSFW (owner rule 2026-10-02). Was: verified labels: adult	non-english/Streaming
www.kinoz.to	general	video	general-purpose piracy (movie/TV, torrent, download, game, ebook or magazine); not blocked for incidental NSFW (owner rule 2026-10-02). Was: verified labels: adult	non-english/Streaming
www.levidia.ch	general	video	general-purpose piracy (movie/TV, torrent, download, game, ebook or magazine); not blocked for incidental NSFW (owner rule 2026-10-02). Was: verified labels: adult	video/Dedicated-Server | video/Download Sites | video/TV Streaming
www.limetorrents.fun	general	torrent	general-purpose piracy (movie/TV, torrent, download, game, ebook or magazine); not blocked for incidental NSFW (owner rule 2026-10-02). Was: inferred: public torrent index or aggregator; catalogue includes ecchi titles	torrenting/Torrent Sites | video/Torrent Sites
www.miobt.com	general	torrent	general-purpose piracy (movie/TV, torrent, download, game, ebook or magazine); not blocked for incidental NSFW (owner rule 2026-10-02). Was: inferred: public torrent index or aggregator; catalogue includes ecchi titles	non-english/Torrenting / 下载种子
www.movi.pk	general	video	general-purpose piracy (movie/TV, torrent, download, game, ebook or magazine); not blocked for incidental NSFW (owner rule 2026-10-02). Was: verified labels: erotic	non-english/Streaming
www.moviestowatch.top	general	video	general-purpose piracy (movie/TV, torrent, download, game, ebook or magazine); not blocked for incidental NSFW (owner rule 2026-10-02). Was: inferred: catalogue comes from TMDB (themoviedb references in the page/app code), which lists R-rated films	video/Multi-Server
www.movy.sx	general	video	general-purpose piracy (movie/TV, torrent, download, game, ebook or magazine); not blocked for incidental NSFW (owner rule 2026-10-02). Was: inferred: catalogue comes from TMDB (themoviedb references in the page/app code), which lists R-rated films	beginners-guide/Movies / Shows | video/Download Sites | video/Stream Aggregators
www.obejrzyj.to	general	video	general-purpose piracy (movie/TV, torrent, download, game, ebook or magazine); not blocked for incidental NSFW (owner rule 2026-10-02). Was: inferred: catalogue comes from TMDB (themoviedb references in the page/app code), which lists R-rated films	non-english/Streaming
www.onlinefilmekingyen1.com	general	video	general-purpose piracy (movie/TV, torrent, download, game, ebook or magazine); not blocked for incidental NSFW (owner rule 2026-10-02). Was: inferred: catalogue comes from TMDB (themoviedb references in the page/app code), which lists R-rated films	non-english/Streaming / Streamelés
www.pdfmagaz.in	general	reading	general-purpose piracy (movie/TV, torrent, download, game, ebook or magazine); not blocked for incidental NSFW (owner rule 2026-10-02). Was: fmhy annotates it Some NSFW	reading/Magazines
www.primeshows.org	general	video	general-purpose piracy (movie/TV, torrent, download, game, ebook or magazine); not blocked for incidental NSFW (owner rule 2026-10-02). Was: inferred: catalogue comes from TMDB (themoviedb references in the page/app code), which lists R-rated films	video/Multi-Server
www.primewire.mov	general	video	general-purpose piracy (movie/TV, torrent, download, game, ebook or magazine); not blocked for incidental NSFW (owner rule 2026-10-02). Was: inferred: catalogue comes from TMDB (themoviedb references in the page/app code), which lists R-rated films	video/Dedicated-Server | video/TV Streaming
www.rarovhs.com	general	video	general-purpose piracy (movie/TV, torrent, download, game, ebook or magazine); not blocked for incidental NSFW (owner rule 2026-10-02). Was: verified labels: erotica	non-english/Streaming / Streamear
www.rulit.me	general	reading	general-purpose piracy (movie/TV, torrent, download, game, ebook or magazine); not blocked for incidental NSFW (owner rule 2026-10-02). Was: verified labels: adult,erotica	non-english/Reading / Чтение
www.seedhub.cc	general	torrent	general-purpose piracy (movie/TV, torrent, download, game, ebook or magazine); not blocked for incidental NSFW (owner rule 2026-10-02). Was: inferred: public torrent index or aggregator; catalogue includes ecchi titles	non-english/Torrenting / 下载种子
www.selezen.club	general	torrent	general-purpose piracy (movie/TV, torrent, download, game, ebook or magazine); not blocked for incidental NSFW (owner rule 2026-10-02). Was: inferred: public torrent index or aggregator; catalogue includes ecchi titles	non-english/Torrenting / Торрентинг
www.sinsitio.site	general	torrent	general-purpose piracy (movie/TV, torrent, download, game, ebook or magazine); not blocked for incidental NSFW (owner rule 2026-10-02). Was: fmhy annotates it NSFW	non-english/Torrenting / Torrentear
www.stagatv.com	general	video	general-purpose piracy (movie/TV, torrent, download, game, ebook or magazine); not blocked for incidental NSFW (owner rule 2026-10-02). Was: inferred: catalogue comes from TMDB (themoviedb references in the page/app code), which lists R-rated films	video/Download Sites
www.torlock.com	general	torrent	general-purpose piracy (movie/TV, torrent, download, game, ebook or magazine); not blocked for incidental NSFW (owner rule 2026-10-02). Was: verified labels: adult	torrenting/Aggregators
www.torrenting.com	general	torrent	general-purpose piracy (movie/TV, torrent, download, game, ebook or magazine); not blocked for incidental NSFW (owner rule 2026-10-02). Was: inferred: public torrent index or aggregator; catalogue includes ecchi titles	torrenting/Torrent Sites
www3.fsonline.app	general	video	general-purpose piracy (movie/TV, torrent, download, game, ebook or magazine); not blocked for incidental NSFW (owner rule 2026-10-02). Was: inferred: catalogue comes from TMDB (themoviedb references in the page/app code), which lists R-rated films	non-english/Streaming
xfilme.ro	general	video	general-purpose piracy (movie/TV, torrent, download, game, ebook or magazine); not blocked for incidental NSFW (owner rule 2026-10-02). Was: verified labels: adult	non-english/Streaming
yeshd.net	general	video	general-purpose piracy (movie/TV, torrent, download, game, ebook or magazine); not blocked for incidental NSFW (owner rule 2026-10-02). Was: verified labels: 18+,erotic	video/Dedicated-Server | video/Download Sites
yifymovies.xyz	general	video	general-purpose piracy (movie/TV, torrent, download, game, ebook or magazine); not blocked for incidental NSFW (owner rule 2026-10-02). Was: verified labels: erotic	video/Torrent Sites
youflex.top	general	video	general-purpose piracy (movie/TV, torrent, download, game, ebook or magazine); not blocked for incidental NSFW (owner rule 2026-10-02). Was: inferred: catalogue comes from TMDB (themoviedb references in the page/app code), which lists R-rated films	video/Multi-Server
youshows.org	general	video	general-purpose piracy (movie/TV, torrent, download, game, ebook or magazine); not blocked for incidental NSFW (owner rule 2026-10-02). Was: inferred: catalogue comes from TMDB (themoviedb references in the page/app code), which lists R-rated films	video/Multi-Server
zencine.org	general	video	general-purpose piracy (movie/TV, torrent, download, game, ebook or magazine); not blocked for incidental NSFW (owner rule 2026-10-02). Was: inferred: catalogue comes from TMDB (themoviedb references in the page/app code), which lists R-rated films	video/Multi-Server
zerostream.alwaysdata.net	general	video	general-purpose piracy (movie/TV, torrent, download, game, ebook or magazine); not blocked for incidental NSFW (owner rule 2026-10-02). Was: inferred: catalogue comes from TMDB (themoviedb references in the page/app code), which lists R-rated films	video/Live TV | video/Multi-Server
zflix.me	general	video	general-purpose piracy (movie/TV, torrent, download, game, ebook or magazine); not blocked for incidental NSFW (owner rule 2026-10-02). Was: inferred: catalogue comes from TMDB (themoviedb references in the page/app code), which lists R-rated films	video/Multi-Server
0xdb.org	unverified	video	no NSFW labels found	video/Specialty Streaming
1024teradl.com	unverified	download	Cloudflare challenge, not checked	downloading/Debrid / Leeches | video-tools/Video Download
123moviesfree.club	unverified	video	not resolving at the router (NXDOMAIN)	video/Dedicated-Server
123wrestling.com	unverified	video	no NSFW labels found	video/Sports Replays
1337x.st	unverified	torrent	Cloudflare challenge, not checked	torrenting/Torrent Sites
1337x.to	unverified	torrent	Cloudflare challenge, not checked	beginners-guide/Movies / Shows | educational/Documentaries | torrenting/Torrent Sites | video/Torrent Sites
17db.pw	unverified	reading	Cloudflare challenge, not checked	non-english/Reading / 読書
1ddl.org	unverified	download	no NSFW labels found	downloading/Download Sites
1max.top	unverified	video	no NSFW labels found	video/Sports Replays
1tamilyogi.ro	unverified	video	no NSFW labels found	non-english/Streaming
21dzk.l.u-tokyo.ac.jp	unverified	reading	no NSFW labels found	non-english/Reading / 阅读
24hbook.com	unverified	reading	no NSFW labels found	non-english/Reading / 阅读
321movies.xyz	unverified	video	no NSFW labels found	video/Multi-Server
3d.khagwal.com	unverified	images	no NSFW labels found	image-tools/Art / Illustrations
3eyedraven.watch	unverified	video	no NSFW labels found	video/Stream Aggregators
4kw.in	unverified	reading	no NSFW labels found	reading/Magazines
4museum.neocities.org	unverified	imageboard	no NSFW labels found	social-media-tools/4chan Archives
4pda.to	unverified	download	unreachable (403)	mobile/Modded APKs | mobile/iOS iPAs | non-english/Downloading / Скачивание
4stats.io	unverified	imageboard	no NSFW labels found	social-media-tools/4chan Tools
5165.org	unverified	reading	no NSFW labels found	non-english/Reading / 阅读
720pier.ru	unverified	video	no NSFW labels found	video/Sports Replays
888dl.ps	unverified	reading	Cloudflare challenge, not checked	non-english/Reading / 読書
99csw.com	unverified	reading	Cloudflare challenge, not checked	non-english/Reading / 阅读
abandonwaregames.net	unverified	games	no NSFW labels found	gaming/Abandonware / Retro
abema.tv	unverified	video	no NSFW labels found	non-english/Streaming / ストリーミング
abibli.com	unverified	video	no NSFW labels found	non-english/Streaming | video/Dedicated-Server
academica.edu.pl	unverified	reading	unreachable (000)	non-english/Reading / Czytanie
academicjournals.org	unverified	reading	no NSFW labels found	reading/Documents / Articles
academy.omie.com.br	unverified	video	no NSFW labels found	non-english/Streaming
acessaber.com.br	unverified	reading	no NSFW labels found	non-english/Reading / Leitura
acid-play.com	unverified	games	no NSFW labels found	gaming/Download Games | misc/Free Games
adapter.pl	unverified	video	no NSFW labels found	non-english/Streaming
adb.arcadeitalia.net	unverified	games	no NSFW labels found	gaming/ROM Sites
afghanistandl.nyu.edu	unverified	reading	no NSFW labels found	non-english/Reading / خواندن
ahs.turkish123.com	unverified	video	no NSFW labels found	non-english/Streaming / İzleme
aifreeforever.com	unverified	ai	Cloudflare challenge, not checked	ai/Image Generation
aifreevideo.com	unverified	ai	no NSFW labels found	ai/Video Generation
aigallery.app	unverified	ai	no NSFW labels found	ai/Image Generation
akiba-team.org	unverified	torrent	unreachable (000)	non-english/Torrenting / Torrentear
akniga.org	unverified	reading	no NSFW labels found	non-english/Reading / Чтение
albalearning.com	unverified	reading	no NSFW labels found	non-english/Reading / Leer
allbanglaboi.com	unverified	reading	no NSFW labels found	non-english/Reading / পড়া
allwrestling24.com	unverified	video	no NSFW labels found	video/Sports Replays
allyoucanwatch.net	unverified	video	no NSFW labels found	video/Stream Aggregators
althub.co.za	unverified	download	no NSFW labels found	downloading/Indexers
an0ncer.github.io	unverified	video	no NSFW labels found	non-english/Streaming / Стриминг
anara.com	unverified	ai	no NSFW labels found	ai/Specialized Chatbots
andisearch.com	unverified	search	not resolving at the router (NXDOMAIN)	internet-tools/Search Engines
androeed.ru	unverified	download	no NSFW labels found	mobile/Modded APKs | non-english/Downloading / Скачивание
androeed.store	unverified	download	no NSFW labels found	mobile/Modded APKs | non-english/Downloading / Скачивание
angleref.com	unverified	images	no NSFW labels found	image-tools/Image Search Engines
angulismotv.pages.dev	unverified	video	no NSFW labels found	non-english/Streaming / Streamear
ani-cli-arabic.dev	unverified	video	no NSFW labels found	non-english/Streaming / البث
anidub.pro	unverified	video	no NSFW labels found	non-english/Streaming / Стриминг
aniflix.uno	unverified	video	no NSFW labels found	non-english/Streaming
anihub.com.tr	unverified	video	unreachable (403)	non-english/Streaming / İzleme
anilabx.xyz	unverified	reading	no NSFW labels found	non-english/Reading / Чтение | non-english/Streaming / Стриминг
aniliberty.top	unverified	video	no NSFW labels found	non-english/Streaming / Стриминг
animation.filmarchives.jp	unverified	video	no NSFW labels found	non-english/Streaming / ストリーミング | video/Cartoon Streaming
animationscreencaps.com	unverified	images	no NSFW labels found	image-tools/Download Images
animatsiya.net	unverified	video	no NSFW labels found	non-english/Streaming / Стриминг
anime-sama.pw	unverified	video	no NSFW labels found	non-english/Streaming
animebloodsub.net	unverified	download	no NSFW labels found	non-english/Downloading / הורדה
animedrive.hu	unverified	video	unreachable (403)	non-english/Streaming / Streamelés
animefire.one	unverified	video	unreachable (403)	non-english/Streaming
animego.me	unverified	video	no NSFW labels found	non-english/Streaming / Стриминг
animejara.com	unverified	video	unreachable (403)	non-english/Streaming / Streamear
animeslayer.to	unverified	video	no NSFW labels found	non-english/Streaming / البث
animesubtitle.ir	unverified	download	unreachable (500)	non-english/Downloading / دانلود
animetvn.com	unverified	video	unreachable (000)	non-english/Streaming / Phát trực tuyến
animevietsub.link	unverified	video	unreachable (403)	non-english/Streaming / Phát trực tuyến
aniplus.co	unverified	video	Cloudflare challenge, not checked	non-english/Streaming / הזרמה
anitube.in.ua	unverified	video	no NSFW labels found	non-english/Streaming / Стрімінг
anm.cx	unverified	video	unreachable (403)	non-english/Streaming / İzleme
anslayer.com	unverified	video	Cloudflare challenge, not checked	non-english/Streaming / البث
api.altstore.io	unverified	video	unreachable (404)	non-english/Streaming
app-lgwebos.pluto.tv	unverified	video	no NSFW labels found	video/Live TV
app.pixelmob.co	unverified	images	no NSFW labels found	image-tools/Stock Images
app.readomni.com	unverified	reading	no NSFW labels found	reading/Light Novels
app.toolbaz.com	unverified	ai	no NSFW labels found	ai/Specialized Chatbots
app.wyvern.chat	unverified	ai	no NSFW labels found	ai/Roleplaying Chatbots
appnetica.com	unverified	games	no NSFW labels found	gaming/Download Games | linux-macos/Linux Gaming | linux-macos/Mac Gaming
aqstream.com	unverified	video	no NSFW labels found	non-english/Streaming
ar.mo3jam.com	unverified	reading	unreachable (000)	non-english/Reading / القراءة
arabicfonts.net	unverified	download	no NSFW labels found	non-english/Downloading / تحميل
arc018.stream	unverified	video	no NSFW labels found	video/Dedicated-Server
archive.alsharekh.org	unverified	reading	no NSFW labels found	non-english/Reading / القراءة
archive.gamehistory.org	unverified	reading	no NSFW labels found	gaming-tools/Gaming Tools | reading/Magazines
archive.leftove.rs	unverified	reading	no NSFW labels found	reading/Special Interest
areena.yle.fi	unverified	video	no NSFW labels found	non-english/Streaming / Suoratoisto
arena.ai	unverified	ai	no NSFW labels found	ai/AI Benchmarks | ai/Coding Benchmarks | ai/Image Generation | ai/Multiple Model Sites | ai/Specialized Chatbots | ai/Video Generation
armypubs.army.mil	unverified	reading	no NSFW labels found	reading/Documents / Articles
arquivo.pt	unverified	reading	no NSFW labels found	non-english/Reading / Leitura
artbreeder.com	unverified	images	no NSFW labels found	image-tools/Art / Illustrations
artgenie.pages.dev	unverified	ai	no NSFW labels found	ai/Image Generation
article.olduse.net	unverified	download	no NSFW labels found	downloading/Indexers
arzamas.academy	unverified	reading	no NSFW labels found	non-english/Reading / Чтение
asilmedia.org	unverified	download	no NSFW labels found	non-english/Downloading | non-english/Streaming
asyawatch.com	unverified	video	unreachable (403)	non-english/Streaming / İzleme
audioaz.com	unverified	reading	no NSFW labels found	reading/Streaming
audiobookbay.lu	unverified	reading	no NSFW labels found	beginners-guide/Reading | reading/Downloading
audiobookpl.tumblr.com	unverified	reading	unreachable (000)	non-english/Reading / Czytanie
audiovault.net	unverified	video	no NSFW labels found	video/Specialty Streaming
audiozaic.com	unverified	reading	no NSFW labels found	reading/Streaming
augustocampos.net	unverified	reading	no NSFW labels found	non-english/Reading / Leitura
aurorascreen.pages.dev	unverified	video	unreachable (451)	video/Multi-Server
av1core.cyou	unverified	video	no NSFW labels found	video/Download Sites
av1core.pages.dev	unverified	video	no NSFW labels found	video/Download Sites
avalonlibrary.net	unverified	reading	no NSFW labels found	reading/Special Interest
awardstreams.pages.dev	unverified	video	no NSFW labels found	video/Live TV | video/TV Streaming
azmovies.to	unverified	video	no NSFW labels found	video/Dedicated-Server
bacalightnovel.co	unverified	reading	Cloudflare challenge, not checked	non-english/Reading / Membaca
backrooms-wiki.wikidot.com	unverified	reading	unreachable (000)	reading/Fanfiction / Stories
bajalogratis.com	unverified	download	Cloudflare challenge, not checked	non-english/Downloading / Descargar
bajeczki24.pl	unverified	video	no NSFW labels found	non-english/Streaming
baked.live	unverified	video	no NSFW labels found	video-tools/Stream Sync | video/Live Sports | video/Stream Lounges
bandadesenhada-pt.blogspot.com	unverified	reading	no NSFW labels found	non-english/Reading / Leitura
banglaclassicbooks.blogspot.com	unverified	reading	no NSFW labels found	non-english/Reading / পড়া
barnimages.com	unverified	images	no NSFW labels found	image-tools/Stock Images
basicappleguy.com	unverified	images	no NSFW labels found	system-tools/Wallpapers
basketball-video.com	unverified	video	no NSFW labels found	video/Sports Replays
basketballreplays.net	unverified	video	no NSFW labels found	video/Sports Replays
baza-knig.top	unverified	reading	no NSFW labels found	non-english/Reading / Чтение
bbflix.one	unverified	video	no NSFW labels found	video/Dedicated-Server
bbs.itzmx.com	unverified	download	no NSFW labels found	non-english/Downloading / 下载
bciney.to	unverified	video	unreachable (000)	video/Stream Aggregators
bdebooks.com	unverified	reading	no NSFW labels found	reading/Ebooks
bdh.bne.es	unverified	reading	unreachable (403)	non-english/Reading / Leer
beacons.ai	unverified	video	Cloudflare challenge, not checked	video/Live Sports
belgeselx.com	unverified	video	no NSFW labels found	non-english/Streaming / İzleme
bengaliebook.com	unverified	reading	no NSFW labels found	non-english/Reading / পড়া
beta.4wall.ai	unverified	ai	no NSFW labels found	ai/Roleplaying Chatbots
beta.way2movies.live	unverified	video	Cloudflare challenge, not checked	video/Stream Aggregators
bgestv.com	unverified	video	no NSFW labels found	non-english/Streaming / Стрийминг
bgtvi.com	unverified	video	no NSFW labels found	non-english/Streaming / Стрийминг
bhoot-fm.com	unverified	download	no NSFW labels found	non-english/Downloading / ডাউনলোডিং
bibliotecadigital.aemrt.pt	unverified	reading	no NSFW labels found	non-english/Reading / Leitura
bibliotecaelfica.org	unverified	reading	Cloudflare challenge, not checked	non-english/Reading / Leitura
biblus.org	unverified	reading	no NSFW labels found	non-english/Reading / Чтение
bing.com	unverified	images	unreachable (000)	image-tools/Image Search Engines
bingebox.ac	unverified	video	Cloudflare challenge, not checked	video/Stream Aggregators
binsearch.info	unverified	download	no NSFW labels found	downloading/Indexers
blog.decryption.net.au	unverified	download	no NSFW labels found	downloading/Usenet
blush.design	unverified	images	no NSFW labels found	image-tools/Art / Illustrations | image-tools/Design Apps
boimate.com	unverified	reading	no NSFW labels found	non-english/Reading / পড়া
bollyflix.bi	unverified	download	no NSFW labels found	non-english/Downloading
bombozila.com	unverified	video	no NSFW labels found	non-english/Streaming
bombuj.si	unverified	video	no NSFW labels found	non-english/Streaming | non-english/Streaming / Streamování
bookaudiobooks.com	unverified	reading	no NSFW labels found	reading/Streaming
bookletlibrary.org	unverified	reading	no NSFW labels found	reading/Special Interest
bookracy.com	unverified	reading	no NSFW labels found	reading/Comics | reading/Ebooks
bookradio.vercel.app	unverified	reading	no NSFW labels found	reading/Downloading
books-library.website	unverified	reading	no NSFW labels found	non-english/Reading / القراءة
books.l3zc.com	unverified	reading	no NSFW labels found	non-english/Reading / 阅读
booksmedicos.org	unverified	reading	only match was a generic word ("adult" as in adult medicine/Adult Swim, or a tag echo); no NSFW evidence	non-english/Reading / Leer
bookspointer.com	unverified	reading	no NSFW labels found	non-english/Reading / পড়া
boroboro.neocities.org	unverified	reading	no NSFW labels found	non-english/Reading / 読書
br.radio.net	unverified	video	no NSFW labels found	non-english/Streaming
brasilescola.uol.com.br	unverified	reading	no NSFW labels found	non-english/Reading / Leitura
bstsrs.in	unverified	video	no NSFW labels found	video/TV Streaming
buhitter.com	unverified	images	no NSFW labels found	image-tools/Art / Illustrations
burningseries.ac	unverified	video	no NSFW labels found	non-english/Streaming
burningseries.cx	unverified	video	no NSFW labels found	non-english/Streaming
buzzly.art	unverified	images	no NSFW labels found	image-tools/Art / Illustrations
bygosh.com	unverified	reading	no NSFW labels found	reading/Special Interest
byxatab.com	unverified	games	no NSFW labels found	gaming/Game Repacks
cah4e3.shedevr.org.ru	unverified	games	no NSFW labels found	gaming/ROM Sites
calameo.com	unverified	reading	no NSFW labels found	reading/Magazines
calibre-ebook.com	unverified	reading	no NSFW labels found	reading/Ebooks
calidadtorrent.com	unverified	torrent	Cloudflare challenge, not checked	non-english/Torrenting / Torrentear
callofliberty.fr	unverified	video	unreachable (000)	non-english/Streaming
canaldoensino.com.br	unverified	video	no NSFW labels found	non-english/Streaming
canaryarena.ai	unverified	ai	no NSFW labels found	ai/AI Benchmarks | ai/Image Generation | ai/Multiple Model Sites | ai/Specialized Chatbots | ai/Video Generation
canna-power.to	unverified	download	no NSFW labels found	audio/Download Sites | non-english/Downloading / Herunterladen
cara.app	unverified	images	no NSFW labels found	image-tools/Art / Illustrations
case.law	unverified	reading	no NSFW labels found	reading/Documents / Articles
catbox.moe	unverified	images	no NSFW labels found	file-tools/File Hosts | image-tools/Image Hosts | video-tools/Video File Hosts
cb01uno.cyou	unverified	video	unreachable (000)	non-english/Streaming
cd.textfiles.com	unverified	download	unreachable (000)	downloading/Download Directories
cdromance.org	unverified	games	no NSFW labels found	gaming/ROM Sites
centralnovel.com	unverified	reading	Cloudflare challenge, not checked	non-english/Reading / Leitura
centrum-dramy.pl	unverified	video	no NSFW labels found	non-english/Streaming
cgispread.com	unverified	images	no NSFW labels found	image-tools/Stock Images
chat.qwen.ai	unverified	ai	no NSFW labels found	ai/Image Generation | ai/Official Model Sites | ai/Video Generation | developer-tools/AI Web Coding
chat.sakana.ai	unverified	ai	no NSFW labels found	ai/Specialized Chatbots | educational/Chinese | educational/Japanese | text-tools/Translators
chatgpt.com	unverified	ai	unreachable (403)	ai/Image Generation | ai/Official Model Sites
chatwave.crunchflix.site	unverified	ai	unreachable (530)	ai/Image Generation | ai/Multiple Model Sites
chinaq.app	unverified	video	Cloudflare challenge, not checked	non-english/Streaming / 串流
chinesenotes.com	unverified	reading	no NSFW labels found	non-english/Reading / 阅读
chitanka.info	unverified	reading	no NSFW labels found	non-english/Reading
chzzk.naver.com	unverified	video	no NSFW labels found	non-english/Streaming
cineaste.co.kr	unverified	download	no NSFW labels found	non-english/Downloading
cinedeantes2.weebly.com	unverified	video	no NSFW labels found	non-english/Streaming / Streamear
cinego.co	unverified	video	no NSFW labels found	video/Multi-Server
cinehd.vc	unverified	video	unreachable (000)	video/Multi-Server
cinehdplus.org	unverified	video	Cloudflare challenge, not checked	non-english/Streaming / Streamear
cinelibre.fr	unverified	video	unreachable (000)	non-english/Streaming
cinestream.kje.us	unverified	video	no NSFW labels found	video/Multi-Server
cinetaro.to	unverified	video	Cloudflare challenge, not checked	video/Download Sites | video/Stream Aggregators
cinex.lol	unverified	video	no NSFW labels found	video/Stream Aggregators
cizgimax.online	unverified	video	Cloudflare challenge, not checked	non-english/Streaming / İzleme
clarasguide.valeena.workers.dev	unverified	ai	no NSFW labels found	ai/Roleplaying Chatbots | audio/Audio Torrenting | beginners-guide/Antivirus | beginners-guide/Reading | non-english/Reading / 読書 | reading/Manga | torrenting/Private Trackers
clasicoshistoria.blogspot.com	unverified	reading	no NSFW labels found	non-english/Reading / Leer
classics.nascar.com	unverified	video	no NSFW labels found	video/Sports Replays
click-sud.pro	unverified	video	no NSFW labels found	non-english/Streaming
clicksud.co	unverified	video	no NSFW labels found	non-english/Streaming
clucomics.org	unverified	reading	no NSFW labels found	reading/Comics
cmvlinks.lovable.app	unverified	video	no NSFW labels found	video/Live Sports
cmvwd.lovable.app	unverified	video	no NSFW labels found	video/Live Sports
collectionchamber.blogspot.com	unverified	games	no NSFW labels found	gaming/Abandonware / Retro
comi.mobi	unverified	reading	no NSFW labels found	non-english/Reading / Đọc
comic.studio	unverified	reading	no NSFW labels found	reading/Comics
comic77.com	unverified	reading	Cloudflare challenge, not checked	non-english/Reading / 読書
comicbookplus.com	unverified	reading	no NSFW labels found	reading/Comics
comicreader.netlify.app	unverified	reading	no NSFW labels found	reading/Comics
comicskingdom.com	unverified	reading	no NSFW labels found	reading/Comics
commodore.software	unverified	games	no NSFW labels found	downloading/Freeware Sites | gaming/Abandonware / Retro
commons.princeton.edu	unverified	reading	no NSFW labels found	non-english/Reading / Чтение
compucalitv.lol	unverified	video	no NSFW labels found	non-english/Streaming / Streamear
condensedaudiocatalog.com	unverified	video	no NSFW labels found	video/Specialty Downloading
contempaesthetics.org	unverified	reading	no NSFW labels found	reading/Documents / Articles
coolbackgrounds.io	unverified	images	no NSFW labels found	system-tools/Wallpapers
coollib.xyz	unverified	reading	unreachable (000)	non-english/Reading / Чтение
copyseeker.net	unverified	images	no NSFW labels found	image-tools/Image Search Engines
cosectv.com	unverified	video	no NSFW labels found	video/Live Sports
coursehunter.net	unverified	download	no NSFW labels found	non-english/Downloading / Скачивание
cracked-games.org	unverified	games	not resolving at the router (NXDOMAIN)	gaming/Download Games
crawli.net	unverified	download	no NSFW labels found	non-english/Downloading / Herunterladen
create.wan.video	unverified	ai	no NSFW labels found	ai/Image Generation | ai/Video Generation
creativity103.com	unverified	images	no NSFW labels found	image-tools/Stock Images
crichd.at	unverified	video	no NSFW labels found	video/Live Sports
crickmail.pages.dev	unverified	video	no NSFW labels found	non-english/Streaming
crimsonfansubs.com	unverified	anime	unreachable (000)	video/Anime Streaming
cs.rin.ru	unverified	download	no NSFW labels found	beginners-guide/Antivirus | downloading/Download Sites | downloading/Software Sites | gaming-tools/DLC Unlock / DRM Bypass | gaming/Download Games
csrinstaff.writeas.com	unverified	games	no NSFW labels found	gaming/Download Games
ctext.org	unverified	reading	no NSFW labels found	non-english/Reading / 阅读
cultura.uol.com.br	unverified	video	no NSFW labels found	non-english/Streaming
curio.scene.org	unverified	download	no NSFW labels found	downloading/Download Directories
cyberleninka.ru	unverified	reading	no NSFW labels found	non-english/Reading / Чтение
cytu.be	unverified	video	no NSFW labels found	video-tools/Stream Sync | video/Stream Lounges
d10.downloadhub.food	unverified	download	no NSFW labels found	non-english/Downloading
daddylive.app	unverified	video	no NSFW labels found	video/Live Sports
daddylive.li	unverified	video	no NSFW labels found	video/Live Sports
daddylive.mov	unverified	video	no NSFW labels found	video/Live Sports
daddylive.pk	unverified	video	no NSFW labels found	video/Live Sports | video/Live TV
dailycommercials.com	unverified	video	no NSFW labels found	video/Specialty Streaming
damitv.st	unverified	video	no NSFW labels found	video/Live Sports | video/Live TV
ddgroupclub.win	unverified	torrent	unreachable (000)	non-english/Torrenting / Торрентинг
deaffestonlinecinema.eventive.org	unverified	video	no NSFW labels found	educational/Sign Languages | video/Specialty Streaming
deafmovie.org	unverified	video	only match was a generic word ("adult" as in adult medicine/Adult Swim, or a tag echo); no NSFW evidence	educational/Sign Languages | video/Specialty Streaming | video/Tracking / Databases
debridcompare.pages.dev	unverified	download	no NSFW labels found	downloading/Debrid / Leeches
debridmediamanager.com	unverified	download	no NSFW labels found	downloading/Debrid / Leeches
debridr.com	unverified	download	no NSFW labels found	downloading/Debrid / Leeches
debridvault.elfhosted.com	unverified	download	unreachable (525)	downloading/Debrid / Leeches
defacto2.net	unverified	download	Cloudflare challenge, not checked	downloading/Download Directories
demozoo.org	unverified	download	Cloudflare challenge, not checked	downloading/Download Directories
dergipark.org.tr	unverified	reading	no NSFW labels found	non-english/Reading / Okuma
descargasdd.org	unverified	download	Cloudflare challenge, not checked	non-english/Downloading / Descargar
descargatepelis.com	unverified	download	unreachable (503)	non-english/Downloading / Descargar | non-english/Streaming / Streamear
desciclopedia.org	unverified	reading	Cloudflare challenge, not checked	non-english/Reading / Leitura
desenefaine.com	unverified	video	Cloudflare challenge, not checked	non-english/Streaming
deseneledublate.com	unverified	video	no NSFW labels found	non-english/Streaming
desirefx.me	unverified	images	unreachable (000)	image-tools/Stock Images
desiremovies.my	unverified	download	no NSFW labels found	non-english/Downloading
dessalines.github.io	unverified	reading	unreachable (404)	reading/Special Interest
dezoomify.ophir.dev	unverified	images	no NSFW labels found	image-tools/Download Images
digimoviez.com	unverified	download	no NSFW labels found	non-english/Downloading / دانلود
digital.bbm.usp.br	unverified	reading	no NSFW labels found	non-english/Reading / Leitura
discord.sonicfangameshq.com	unverified	games	no NSFW labels found	gaming/ROM Sites
disneynow.com	unverified	video	no NSFW labels found	video/TV Streaming
diva.sfsu.edu	unverified	video	no NSFW labels found	video/TV Streaming
diverseui.com	unverified	images	no NSFW labels found	image-tools/Stock Images
dizilla.to	unverified	video	unreachable (403)	non-english/Streaming / İzleme
djpunjab.is	unverified	download	no NSFW labels found	non-english/Downloading
dli.sanskritdictionary.com	unverified	reading	no NSFW labels found	non-english/Reading
dlive.sx	unverified	video	no NSFW labels found	video/Live Sports | video/Live TV
dlivros.com	unverified	reading	no NSFW labels found	non-english/Reading / Leitura
dlxbgame.com	unverified	games	no NSFW labels found	gaming/ROM Sites
doaj.org	unverified	reading	Cloudflare challenge, not checked	reading/Documents / Articles
docer.pl	unverified	reading	no NSFW labels found	non-english/Reading / Czytanie
doceru.com	unverified	reading	no NSFW labels found	non-english/Reading / Leitura
docln.net	unverified	reading	Cloudflare challenge, not checked	non-english/Reading / Đọc
docs.pstream.cfd	unverified	video	no NSFW labels found	video/P-Stream Forks
docs.sillytavern.app	unverified	ai	no NSFW labels found	ai/Local AI Frontends | ai/Roleplaying Chatbots
docstream.fr	unverified	video	sports/documentary only; no NSFW evidence	non-english/Streaming
doku.pub	unverified	reading	no NSFW labels found	reading/Documents / Articles
dokumen.pub	unverified	reading	Cloudflare challenge, not checked	non-english/Reading / Lesen
dokumentalne.net	unverified	video	no NSFW labels found	non-english/Streaming
dokustreams.de	unverified	video	no NSFW labels found	non-english/Streaming
dominiosgnulahd.com	unverified	video	unreachable (000)	non-english/Streaming / Streamear
dominioshdfull.com	unverified	video	no NSFW labels found	non-english/Streaming / Streamear
donproxies.com	unverified	torrent	Cloudflare challenge, not checked	non-english/Torrenting / Torrentear
dontaz.com	unverified	reading	no NSFW labels found	non-english/Reading / Чтение
dontaz.github.io	unverified	reading	no NSFW labels found	non-english/Reading / Чтение
dontaz.pages.dev	unverified	reading	no NSFW labels found	non-english/Reading / Чтение
dontaz.vercel.app	unverified	reading	no NSFW labels found	non-english/Reading / Чтение
doujinstyle.com	unverified	download	no NSFW labels found	audio/Media Soundtracks | gaming/Special Interest | non-english/Downloading / ダウンロード
download.duafile.com	unverified	video	Cloudflare challenge, not checked	video/Multi-Server
downloader.la	unverified	images	no NSFW labels found	image-tools/Stock Images
downpic.cc	unverified	images	no NSFW labels found	image-tools/Stock Images
dpan.tv	unverified	video	no NSFW labels found	educational/Sign Languages | video/Specialty Streaming
dramafren.org	unverified	video	no NSFW labels found	video/Drama Streaming
dramaq.xyz	unverified	video	no NSFW labels found	non-english/Streaming / 串流
dreamina.capcut.com	unverified	ai	no NSFW labels found	ai/Image Generation | ai/Video Generation
dsc.gg	unverified	download	no NSFW labels found	gaming-tools/Multiplayer Servers | non-english/Downloading | social-media-tools/Discord Tools
duafile.net	unverified	video	no NSFW labels found	video/Multi-Server
duanjuhk.com	unverified	video	no NSFW labels found	non-english/Streaming / 串流
dupe.cz	unverified	video	no NSFW labels found	non-english/Streaming / Streamování
dw-anime.net	unverified	download	no NSFW labels found	non-english/Downloading / Descargar
eaulas.usp.br	unverified	video	no NSFW labels found	non-english/Streaming
ebiblioteca.org	unverified	reading	no NSFW labels found	non-english/Reading / Leer
ebook.twointomedia.com	unverified	download	no NSFW labels found	non-english/Downloading / Mengunduh
ebookforum.sk	unverified	reading	unreachable (403)	non-english/Reading / Čtení
ebookoz.net	unverified	reading	no NSFW labels found	reading/Ebooks
ebooks.i2p	unverified	reading	not resolving at the router (NXDOMAIN)	reading/Ebooks
ebooksbrasil.org	unverified	reading	no NSFW labels found	non-english/Reading / Leitura
ebooksyard.com	unverified	reading	no NSFW labels found	reading/Magazines
eddvault.notion.site	unverified	video	no NSFW labels found	video/Cartoon Streaming
edels-stube.eu	unverified	video	no NSFW labels found	non-english/Streaming
ee3.me	unverified	video	no NSFW labels found	video/Dedicated-Server
efpfanfic.net	unverified	reading	no NSFW labels found	non-english/Reading / Leggere
egybest.la	unverified	video	unreachable (000)	non-english/Streaming / البث
einschalten.in	unverified	video	no NSFW labels found	non-english/Streaming
einsteinpapers.press.princeton.edu	unverified	reading	no NSFW labels found	reading/Documents / Articles
einthusan.tv	unverified	video	no NSFW labels found	non-english/Streaming | video/Drama Streaming
einzzcookie.org	unverified	frontend	not resolving at the router (NXDOMAIN)	social-media-tools/TikTok Tools
ekb.scinito.ai	unverified	ai	no NSFW labels found	ai/Specialized Chatbots
ekino-tv.link	unverified	video	no NSFW labels found	non-english/Streaming
ekino.sx	unverified	video	Cloudflare challenge, not checked	non-english/Streaming
ekino.ws	unverified	video	Cloudflare challenge, not checked	non-english/Streaming
eknihovna.maxzone.eu	unverified	reading	no NSFW labels found	non-english/Reading / Čtení
eknizky.sk	unverified	reading	unreachable (000)	non-english/Reading
elamigos.site	unverified	games	no NSFW labels found	gaming/Game Repacks
elenemigos.com	unverified	games	no NSFW labels found	gaming/Download Games
elicit.com	unverified	ai	no NSFW labels found	ai/Specialized Chatbots
elonet.finna.fi	unverified	video	Cloudflare challenge, not checked	non-english/Streaming / Suoratoisto
emmau680.driveraudiencej2zeu49.sbs	unverified	video	unreachable (000)	video/Live Sports
emulation.gametechwiki.com	unverified	games	Cloudflare challenge, not checked	beginners-guide/Gaming | gaming-tools/Homebrew | gaming/Decomps / Ports | gaming/Emulators | gaming/ROM Sites
enlaces.ly	unverified	video	no NSFW labels found	non-english/Streaming / Streamear
ente.com	unverified	images	no NSFW labels found	image-tools/Online Galleries | mobile/Image Galleries | privacy/Password Privacy / 2FA
epicroms.net	unverified	games	no NSFW labels found	gaming/ROM Sites
epub.moe	unverified	reading	no NSFW labels found	non-english/Reading / 読書 | non-english/Reading / 阅读
eric.ed.gov	unverified	reading	unreachable (000)	reading/Documents / Articles
escolaeducacao.com.br	unverified	download	no NSFW labels found	non-english/Downloading / Baixar
esmeraldatorrent.com	unverified	torrent	unreachable (000)	non-english/Torrenting / Torrentear
esp32.nontonx.com	unverified	video	no NSFW labels found	video/Live Sports
estrenosanime.net	unverified	video	no NSFW labels found	non-english/Streaming / Streamear
eu.zonerama.com	unverified	images	no NSFW labels found	image-tools/Online Galleries
evan-buss.github.io	unverified	reading	unreachable (404)	reading/Ebooks
everything2.com	unverified	reading	no NSFW labels found	reading/Fanfiction / Stories
ex-fs.net	unverified	video	no NSFW labels found	non-english/Streaming / Стриминг
exa.ai	unverified	ai	no NSFW labels found	ai/Specialized Chatbots
exploradoresp2p.com	unverified	download	no NSFW labels found	non-english/Downloading / Descargar
ext.to	unverified	torrent	Cloudflare challenge, not checked	beginners-guide/Movies / Shows | torrenting/Aggregators | video/Torrent Sites
extract.pics	unverified	images	no NSFW labels found	image-tools/Download Images
extranet.torrentbay.st	unverified	torrent	Cloudflare challenge, not checked	torrenting/Aggregators | video/Torrent Sites
extratorrent.st	unverified	torrent	Cloudflare challenge, not checked	torrenting/Aggregators
eztvx.to	unverified	video	no NSFW labels found	video/Torrent Sites
f1live.dpdns.org	unverified	video	no NSFW labels found	video/Sports Replays
fajer.show	unverified	video	Cloudflare challenge, not checked	non-english/Streaming / البث
falconstreams.app	unverified	video	no NSFW labels found	video/Live Sports
famelack.com	unverified	video	no NSFW labels found	video/Live TV
fancaps.net	unverified	images	no NSFW labels found	image-tools/Download Images
fanedit.org	unverified	video	no NSFW labels found	video/Specialty Downloading
fanfiction.com.br	unverified	reading	unreachable (403)	non-english/Reading / Leitura
fantasticsoda.com	unverified	video	no NSFW labels found	video/Live Sports
fantasy-worlds.org	unverified	reading	no NSFW labels found	non-english/Reading / Чтение
fantasyanime.com	unverified	games	no NSFW labels found	gaming/ROM Sites
fantlab.ru	unverified	reading	no NSFW labels found	non-english/Reading / Чтение
fast-torrent.ru	unverified	torrent	unreachable (000)	non-english/Torrenting / Торрентинг
fastpic.org	unverified	images	no NSFW labels found	image-tools/Image Hosts
fatbox.moe	unverified	images	no NSFW labels found	file-tools/File Hosts | image-tools/Image Hosts
fbstream.is	unverified	video	no NSFW labels found	video/Live Sports
federal.tv	unverified	video	no NSFW labels found	non-english/Streaming / Стриминг
federica.eu	unverified	video	no NSFW labels found	non-english/Streaming
ffhacktics.com	unverified	games	Cloudflare challenge, not checked	gaming/ROM Sites
ffxs8.com	unverified	reading	no NSFW labels found	non-english/Light Novels
fibwatch.art	unverified	video	no NSFW labels found	non-english/Streaming / স্ট্রিমিং
fiction.live	unverified	reading	no NSFW labels found	reading/Fanfiction / Stories
fictionlab.ai	unverified	ai	no NSFW labels found	ai/Roleplaying Chatbots
filecrypt.co	unverified	download	no NSFW labels found	non-english/Downloading / Scaricare
files.catbox.moe	unverified	images	no NSFW labels found	audio/Music Discovery | educational/Multi-Language | image-tools/Image Hosts | internet-tools/URL Tools
files.scene.org	unverified	download	no NSFW labels found	downloading/Download Directories
film-grab.com	unverified	images	no NSFW labels found	image-tools/Download Images
filman.cc	unverified	video	Cloudflare challenge, not checked	non-english/Streaming
filmarevoirnad.blogspot.com	unverified	video	no NSFW labels found	non-english/Streaming
filmatic.online	unverified	video	no NSFW labels found	non-english/Streaming
filmcave.ru	unverified	video	Cloudflare challenge, not checked	video/Multi-Server
filmezek.com	unverified	video	no NSFW labels found	non-english/Streaming / Streamelés
filmfans.org	unverified	download	Cloudflare challenge, not checked	non-english/Downloading / Herunterladen | video/Download Sites
filmflix.ro	unverified	video	no NSFW labels found	non-english/Streaming
filmi7.net	unverified	video	unreachable (521)	non-english/Streaming / Стрийминг
filmifen.com	unverified	video	no NSFW labels found	non-english/Streaming / Стрийминг
filmix.gg	unverified	video	unreachable (502)	non-english/Streaming / Стриминг
filmo.to	unverified	video	no NSFW labels found	non-english/Streaming | video/Dedicated-Server
filmozavr.com	unverified	video	no NSFW labels found	non-english/Streaming / Стриминг
filmyonline.cc	unverified	video	Cloudflare challenge, not checked	non-english/Streaming
finttv.in	unverified	video	no NSFW labels found	non-english/Streaming / Стриминг
fitgirl-download-link-extractor.vercel.app	unverified	games	unreachable (429)	gaming/Game Repacks
fitgirl-repacks.site	unverified	games	no NSFW labels found	beginners-guide/Gaming | gaming/Game Repacks
flemmix.party	unverified	video	no NSFW labels found	non-english/Streaming
flibusta.i2p	unverified	reading	not resolving at the router (NXDOMAIN)	non-english/Reading / Чтение | reading/Ebooks
flibusta.is	unverified	reading	no NSFW labels found	non-english/Reading / Чтение | reading/Ebooks
flibusta.site	unverified	reading	no NSFW labels found	non-english/Reading / Чтение
fliphtml5.aivaded.com	unverified	reading	no NSFW labels found	reading/Magazines
fliphtml5.com	unverified	reading	Cloudflare challenge, not checked	reading/Magazines
flive.dpdns.org	unverified	video	no NSFW labels found	video/Live Sports
flixfilmplus.de	unverified	video	no NSFW labels found	non-english/Streaming
flixtrz.com	unverified	video	Cloudflare challenge, not checked	video/Stream Aggregators
flixvo.fun	unverified	video	no NSFW labels found	video/Multi-Server
flixvo.live	unverified	video	no NSFW labels found	video/Multi-Server
flowflix.vercel.app	unverified	video	no NSFW labels found	non-english/Streaming
fluxer.gg	unverified	games	no NSFW labels found	gaming/Download Games | linux-macos/Linux Communities
flystream.net	unverified	video	no NSFW labels found	video/Stream Aggregators
fmfau.com	unverified	video	unreachable (530)	video/P-Stream Forks
fmhy-grading.pages.dev	unverified	video	no NSFW labels found	video/Dedicated-Server | video/Multi-Server | video/Stream Aggregators
focastock.com	unverified	images	no NSFW labels found	image-tools/Stock Images
footballia.eu	unverified	video	no NSFW labels found	video/Sports Replays
footballia.net	unverified	video	no NSFW labels found	video/Sports Replays
forkread.com	unverified	reading	no NSFW labels found	reading/Fanfiction / Stories
foro.novenadimension.com	unverified	reading	no NSFW labels found	non-english/Reading / Leer
forum.mobilism.me	unverified	reading	Cloudflare challenge, not checked	mobile/Modded APKs | reading/Downloading | reading/Ebooks
forum.mobilism.org	unverified	reading	no NSFW labels found	beginners-guide/Android Apps | beginners-guide/Reading | downloading/Software Sites | mobile/Modded APKs | reading/Ebooks | reading/Downloading | reading/Magazines
forum.torrminatorr.com	unverified	games	no NSFW labels found	gaming/Download Games | linux-macos/Linux Gaming | linux-macos/Mac Gaming
forums.sonicretro.org	unverified	games	no NSFW labels found	gaming/ROM Sites
foulabook.com	unverified	reading	no NSFW labels found	non-english/Reading / القراءة
fourtoutici.cc	unverified	reading	no NSFW labels found	non-english/Reading / Lecture
framextv.tech	unverified	video	no NSFW labels found	video/Stream Aggregators
free-movies.to	unverified	video	Cloudflare challenge, not checked	video/Download Sites
free.law	unverified	reading	no NSFW labels found	reading/Documents / Articles
freebannedbooks.org	unverified	reading	no NSFW labels found	reading/Ebooks
freedesignfile.com	unverified	images	no NSFW labels found	image-tools/Stock Images
freegen.app	unverified	ai	no NSFW labels found	ai/Image Generation
freeillustrations.xyz	unverified	images	no NSFW labels found	image-tools/Art / Illustrations
freeimage.host	unverified	images	no NSFW labels found	image-tools/Image Hosts
freemagazines.top	unverified	reading	unreachable (403)	reading/Magazines
freemagazinespdf.com	unverified	reading	no NSFW labels found	reading/Magazines
freenaturestock.com	unverified	images	no NSFW labels found	image-tools/Stock Images
freestreams-live1h.pk	unverified	video	no NSFW labels found	video/Live Sports
freetvgarden.com	unverified	video	no NSFW labels found	video/Live TV
freevintageillustrations.com	unverified	images	no NSFW labels found	image-tools/Art / Illustrations
frenchfrysoftware.com	unverified	reading	no NSFW labels found	reading/Comics
fresh-folk.com	unverified	images	no NSFW labels found	image-tools/Art / Illustrations
frixysubs.pl	unverified	video	no NSFW labels found	non-english/Streaming
frutigeraeroarchive.org	unverified	images	no NSFW labels found	system-tools/Customization | system-tools/Wallpapers
fsharetv.co	unverified	video	no NSFW labels found	video/Dedicated-Server
fstream.info	unverified	video	no NSFW labels found	non-english/Streaming
fstv.rest	unverified	video	no NSFW labels found	non-english/Streaming
fulllengthaudiobooks.com	unverified	reading	no NSFW labels found	reading/Streaming
fullmatchshows.com	unverified	video	Cloudflare challenge, not checked	video/Sports Replays
futbol-libre.com.co	unverified	video	unreachable (000)	non-english/Streaming / Streamear
futxtv.indevs.in	unverified	video	no NSFW labels found	video/Live Sports
gallica.bnf.fr	unverified	reading	no NSFW labels found	non-english/Reading / Lecture
game-box.win	unverified	games	no NSFW labels found	gaming/Download Games
gameland.ru	unverified	reading	no NSFW labels found	non-english/Reading / Чтение
gatonplayseries.com	unverified	download	no NSFW labels found	non-english/Downloading / Descargar
gdrivelatino.net	unverified	download	unreachable (000)	non-english/Downloading / Descargar
gdrivelatinohd.net	unverified	download	unreachable (000)	non-english/Downloading / Descargar
geminiwatermarkremover.io	unverified	ai	no NSFW labels found	ai/Image Generation
get4all.org	unverified	download	no NSFW labels found	downloading/Debrid / Leeches
getcomics.org	unverified	reading	no NSFW labels found	beginners-guide/Reading | reading/Comics
gfxmountain.com	unverified	images	no NSFW labels found	image-tools/Stock Images | storage/Design Resources
ggflix.pro	unverified	video	unreachable (523)	video/Multi-Server
gifyu.com	unverified	images	unreachable (000)	image-tools/Image Hosts
gimytw.cc	unverified	video	no NSFW labels found	non-english/Streaming / 串流
glaz.tv	unverified	video	no NSFW labels found	non-english/Streaming / Стриминг
glitchify.org	unverified	games	no NSFW labels found	gaming/Download Games
gload.to	unverified	games	no NSFW labels found	gaming/Download Games
globalshakespeares.mit.edu	unverified	video	no NSFW labels found	video/Specialty Streaming
gnulaseries.nu	unverified	video	unreachable (523)	non-english/Streaming / Streamear
goblincorps.com	unverified	ai	no NSFW labels found	ai/Local AI Frontends | ai/Roleplaying Chatbots
gog-rev.com	unverified	games	no NSFW labels found	gaming/Download Games
gog.squid.wtf	unverified	games	no NSFW labels found	gaming/Download Games
goldenaudiobooks.com	unverified	reading	no NSFW labels found	reading/Downloading
goodweb.net.cn	unverified	reading	unreachable (000)	non-english/Reading / 阅读
grafikart.fr	unverified	video	no NSFW labels found	non-english/Streaming
granthagara.com	unverified	reading	no NSFW labels found	non-english/Reading / পড়া
grantorrent.wtf	unverified	torrent	Cloudflare challenge, not checked	non-english/Torrenting / Torrentear
graph.org	unverified	download	no NSFW labels found	downloading/Usenet | video/Subtitle Tools
grecotm.club	unverified	video	no NSFW labels found	non-english/Streaming
greek-movies.com	unverified	video	no NSFW labels found	non-english/Streaming
greekdocumentaries2.blogspot.com	unverified	video	no NSFW labels found	non-english/Streaming
greektv.app	unverified	video	no NSFW labels found	non-english/Streaming
guidetv.live	unverified	video	no NSFW labels found	video/Live Sports
guruhitech.com	unverified	video	no NSFW labels found	non-english/Streaming
gurutv.online	unverified	video	no NSFW labels found	non-english/Streaming / הזרמה
gyncursos.com.br	unverified	video	unreachable (403)	non-english/Streaming
hackstore2.com	unverified	download	no NSFW labels found	non-english/Downloading / Descargar | non-english/Streaming / Streamear
haisou.cc	unverified	download	no NSFW labels found	non-english/Downloading / 下载
haodoo.org	unverified	reading	no NSFW labels found	non-english/Reading / 阅读
harpacrista.org	unverified	video	no NSFW labels found	non-english/Streaming
haschcon.com	unverified	video	no NSFW labels found	non-english/Streaming
hattusa.club	unverified	reading	no NSFW labels found	non-english/Reading / Okuma
hayasaka.8man.in	unverified	video	no NSFW labels found	audio/Streaming Sites | non-english/Streaming
hdclump.com	unverified	video	no NSFW labels found	video/TV Streaming
hdencode.org	unverified	video	no NSFW labels found	video/Download Sites
hdhub4u.bi	unverified	download	no NSFW labels found	non-english/Downloading
hdqwalls.com	unverified	images	no NSFW labels found	system-tools/Wallpapers
hdvinnie.github.io	unverified	torrent	unreachable (404)	torrenting/Private Trackers
hellspy.to	unverified	download	unreachable (429)	non-english/Downloading / Stahování
help.imgur.com	unverified	images	Cloudflare challenge, not checked	image-tools/Online Galleries
helpotnopat.fi	unverified	video	no NSFW labels found	non-english/Streaming / Suoratoisto
hetushu.com	unverified	reading	Cloudflare challenge, not checked	non-english/Light Novels
hexrom.com	unverified	games	no NSFW labels found	gaming/ROM Sites
heystacks.com	unverified	reading	no NSFW labels found	reading/Documents / Articles
hindmoviez.cafe	unverified	download	Cloudflare challenge, not checked	non-english/Downloading | video/Download Sites
hindwi.org	unverified	reading	no NSFW labels found	non-english/Reading
histdoc.net	unverified	reading	no NSFW labels found	non-english/Reading / Lukeminen
hivex.stream	unverified	video	no NSFW labels found	video/Stream Aggregators
hizsearch.pages.dev	unverified	games	no NSFW labels found	beginners-guide/Gaming | gaming/Download Games | internet-tools/Custom Search Engines
hoc10.vn	unverified	reading	no NSFW labels found	non-english/Reading / Đọc
hoofoot.net	unverified	video	no NSFW labels found	video/Sports Replays
horizon.pics	unverified	images	no NSFW labels found	image-tools/Online Galleries
hotflix.to	unverified	video	no NSFW labels found	video/Multi-Server
hoy.tv	unverified	video	no NSFW labels found	non-english/Streaming / 串流
huggingface.co	unverified	ai	no NSFW labels found	ai/AI Tools | ai/Audio Generation | ai/Guides / Tools | ai/Image Generation | ai/Specialized Chatbots | ai/Video Generation
huhu.to	unverified	video	no NSFW labels found	video/Live TV
humungus-cinebisart.blogspot.com	unverified	video	no NSFW labels found	non-english/Streaming
hunter.fm	unverified	video	no NSFW labels found	non-english/Streaming
hydrahd.info	unverified	video	no NSFW labels found	non-english/Streaming | video/Multi-Server
hydrusnetwork.github.io	unverified	images	no NSFW labels found	image-tools/Art / Illustrations
hyper.space	unverified	ai	no NSFW labels found	ai/Specialized Chatbots
ici.tou.tv	unverified	video	no NSFW labels found	non-english/Streaming
icons8.com	unverified	images	no NSFW labels found	audio/Royalty Free Music | image-tools/Art / Illustrations | image-tools/Design Apps | image-tools/Textures / Patterns
identi.io	unverified	download	no NSFW labels found	non-english/Downloading / Descargar
idlix.net	unverified	video	unreachable (403)	non-english/Streaming / Menyiarkan
idoc.pub	unverified	reading	no NSFW labels found	reading/Documents / Articles
idoc.tips	unverified	reading	no NSFW labels found	reading/Documents / Articles | reading/PDF Search
iestudar.com	unverified	video	no NSFW labels found	non-english/Streaming
iitv.info	unverified	video	Cloudflare challenge, not checked	non-english/Streaming
ikigaimangas.com	unverified	reading	no NSFW labels found	non-english/Reading / Leer
ilkpop.in	unverified	download	Cloudflare challenge, not checked	non-english/Downloading
ilmiv.com	unverified	video	no NSFW labels found	non-english/Streaming
imagefree.net	unverified	ai	no NSFW labels found	ai/Image Generation
imageupload.app	unverified	images	no NSFW labels found	image-tools/Image Hosts
imaple8.co	unverified	video	Cloudflare challenge, not checked	non-english/Streaming / 串流
img.fish	unverified	images	no NSFW labels found	image-tools/Image Hosts
imgbb.com	unverified	images	no NSFW labels found	image-tools/Image Hosts
imgbox.com	unverified	images	unreachable (503)	image-tools/Image Hosts
imgchest.com	unverified	images	no NSFW labels found	image-tools/Online Galleries
imgdownloader.com	unverified	images	no NSFW labels found	image-tools/Download Images
imgpile.com	unverified	images	no NSFW labels found	image-tools/Image Hosts
imgur.com	unverified	images	no NSFW labels found	image-tools/Online Galleries | unsafe/Game Sites | unsafe/Software / App Sites
imgur.plen.io	unverified	images	no NSFW labels found	image-tools/Online Galleries
inkblot.art	unverified	images	no NSFW labels found	image-tools/Art / Illustrations
inventaire.io	unverified	reading	no NSFW labels found	reading/Ebooks
inviteroute.github.io	unverified	torrent	unreachable (404)	torrenting/Private Trackers
ip.ontivi.net	unverified	video	no NSFW labels found	non-english/Streaming / Стриминг
iptv-web.app	unverified	video	Cloudflare challenge, not checked	video/Live TV
iptv.watchott.org	unverified	video	no NSFW labels found	video/Live TV
iptv807.com	unverified	video	no NSFW labels found	non-english/Streaming / 串流
iqdb.org	unverified	images	no NSFW labels found	image-tools/Image Search Engines
irasutoya.com	unverified	images	no NSFW labels found	image-tools/Art / Illustrations
isaimini.com.co	unverified	download	no NSFW labels found	non-english/Downloading
israeltv.online	unverified	video	no NSFW labels found	non-english/Streaming / הזרמה
iteraplay.com	unverified	download	no NSFW labels found	downloading/Debrid / Leeches | video-tools/Video Download
iwaria.com	unverified	images	no NSFW labels found	image-tools/Stock Images
ixdzs.tw	unverified	reading	no NSFW labels found	non-english/Reading / 阅读
jadoocinema.net	unverified	video	no NSFW labels found	non-english/Streaming / স্ট্রিমিং
japanesepccompendium.blogspot.com	unverified	games	no NSFW labels found	gaming/Abandonware / Retro
japanesetorrents.wordpress.com	unverified	video	no NSFW labels found	video/Torrent Sites
japanpaw.com	unverified	download	no NSFW labels found	non-english/Downloading / Descargar
japantv.app	unverified	video	no NSFW labels found	non-english/Streaming / ストリーミング
jetfilmizle.net	unverified	video	no NSFW labels found	non-english/Streaming / İzleme
jfc.org.il	unverified	video	no NSFW labels found	non-english/Streaming / הזרמה
joinmayberry.com	unverified	reading	no NSFW labels found	reading/Ebooks
joinpeertube.org	unverified	video	no NSFW labels found	social-media-tools/Peertube Tools | video/Video Streaming
journal.fi	unverified	reading	no NSFW labels found	non-english/Reading / Lukeminen
jpop.xyz	unverified	download	no NSFW labels found	non-english/Downloading | non-english/Downloading / ダウンロード | non-english/Downloading / 下载
jpxs123.top	unverified	reading	no NSFW labels found	non-english/Light Novels
junheah.github.io	unverified	reading	unreachable (404)	non-english/Reading
justpaste.it	unverified	download	no NSFW labels found	linux-macos/Mac Adblock / Privacy | mobile/iOS Adblocking | mobile/iOS Sideloading | non-english/Downloading / Scaricare
jyotirjagat.wordpress.com	unverified	reading	no NSFW labels found	non-english/Reading / পড়া
kangxizidian.com	unverified	reading	no NSFW labels found	non-english/Reading / 阅读
kaoskrew.org	unverified	games	Cloudflare challenge, not checked	gaming/Game Repacks
kartoons.me	unverified	video	no NSFW labels found	non-english/Streaming
kawaiianime.cc	unverified	anime	unreachable (000)	video/Anime Streaming
kawaiihoshi.com	unverified	images	no NSFW labels found	system-tools/Wallpapers
kcnawatch.us	unverified	video	no NSFW labels found	video/Live TV
kepkuldes.com	unverified	images	no NSFW labels found	image-tools/Image Hosts
kilakila.cn	unverified	video	no NSFW labels found	non-english/Streaming / 串流
kinobase.org	unverified	video	no NSFW labels found	non-english/Streaming / Стриминг
kinoger.com	unverified	video	Cloudflare challenge, not checked	non-english/Streaming
kinogo.ec	unverified	video	Cloudflare challenge, not checked	non-english/Streaming / Стриминг
kinogo.fit	unverified	video	no NSFW labels found	non-english/Streaming / Стриминг
kinogo.luxury	unverified	video	Cloudflare challenge, not checked	non-english/Streaming / Стриминг
kinogo2026.com	unverified	video	no NSFW labels found	non-english/Streaming / Стриминг
kinokong.es	unverified	video	no NSFW labels found	non-english/Streaming / Стриминг
kinomix.web.app	unverified	video	no NSFW labels found	non-english/Streaming / Стриминг
kinostrain.com	unverified	video	no NSFW labels found	non-english/Streaming / Стрімінг
kinoturk.net	unverified	video	Cloudflare challenge, not checked	non-english/Streaming / Стриминг
kinoukr.tv	unverified	video	no NSFW labels found	non-english/Streaming / Стрімінг
kinovibe.cc	unverified	video	no NSFW labels found	non-english/Streaming / Стриминг
kirastreams.pages.dev	unverified	video	unreachable (404)	video/Multi-Server
kirmalk.com	unverified	video	no NSFW labels found	non-english/Streaming / البث
kisskh.fr	unverified	video	no NSFW labels found	video/Drama Streaming
kitab-evi.com	unverified	reading	Cloudflare challenge, not checked	non-english/Reading / Okuma
kitbitz.art	unverified	images	no NSFW labels found	image-tools/Art / Illustrations
klikxxi.shop	unverified	video	no NSFW labels found	non-english/Streaming / Menyiarkan
klipy.com	unverified	ai	no NSFW labels found	ai/Video Generation | image-tools/GIF Tools
klyingshi.top	unverified	video	unreachable (403)	non-english/Streaming / 串流
kmmovies.shop	unverified	video	no NSFW labels found	video/Download Sites
koboldai.com	unverified	ai	no NSFW labels found	ai/Roleplaying Chatbots
kofi.mov	unverified	video	no NSFW labels found	video/Stream Aggregators
kokotv.me	unverified	video	no NSFW labels found	non-english/Streaming / 串流
komga.org	unverified	reading	no NSFW labels found	reading/Comics | storage/Self-Hosted
kool.ws	unverified	video	no NSFW labels found	video/Live TV
koryo.tv	unverified	video	no NSFW labels found	video/Live TV
kpopexplorer.net	unverified	download	unreachable (000)	non-english/Downloading
kreskowkasubs.blogspot.com	unverified	video	no NSFW labels found	non-english/Streaming
kryo.to	unverified	games	no NSFW labels found	gaming-tools/Game Launchers | gaming/Download Games
kultfilmler.net	unverified	video	no NSFW labels found	non-english/Streaming / İzleme
kultivi.com	unverified	video	no NSFW labels found	non-english/Streaming
kultura.art	unverified	images	no NSFW labels found	image-tools/Art / Illustrations
lacuevadeguns.com	unverified	download	Cloudflare challenge, not checked	non-english/Downloading / Descargar
langka.logosid.app	unverified	reading	no NSFW labels found	non-english/Reading / Membaca
latinlucha.es	unverified	video	no NSFW labels found	non-english/Streaming / Streamear
learnjapanese.moe	unverified	download	no NSFW labels found	non-english/Downloading / ダウンロード | storage/Japanese Learning Sites
lectuepubgratis3.com	unverified	reading	Cloudflare challenge, not checked	non-english/Reading / Leer
lelscanfr.com	unverified	reading	no NSFW labels found	non-english/Reading / Lecture
lemmy.world	unverified	ai	Cloudflare challenge, not checked	ai/Image Generation | ai/Roleplaying Chatbots
lens.google	unverified	images	no NSFW labels found	image-tools/Image Search Engines | mobile/Android Camera
lex-books.com	unverified	reading	no NSFW labels found	reading/Public Domain | reading/Streaming
lib.ru	unverified	reading	unreachable (000)	non-english/Reading / Чтение
liberationschool.org	unverified	reading	no NSFW labels found	reading/Special Interest
liberliber.it	unverified	reading	no NSFW labels found	non-english/Reading / Leggere
libking.ru	unverified	reading	no NSFW labels found	non-english/Reading / Чтение
libreflix.org	unverified	video	unreachable (000)	non-english/Streaming
librestock.com	unverified	images	no NSFW labels found	image-tools/Stock Images
librivox.org	unverified	reading	unreachable (000)	non-english/Reading / Leer | reading/Downloading
librosdelanube.blogspot.com	unverified	reading	no NSFW labels found	non-english/Reading / Leer
librosgratis.dev	unverified	reading	no NSFW labels found	non-english/Reading / Leer
librotecarios.blogspot.com	unverified	reading	no NSFW labels found	non-english/Reading / Leer
lightcone.org	unverified	video	no NSFW labels found	video/Specialty Streaming
liminal-archives.wikidot.com	unverified	reading	unreachable (000)	reading/Fanfiction / Stories
linktr.ee	unverified	video	no NSFW labels found	internet-tools/Link in Bio | misc/Porn Quitting | video/Android TV / Firestick | video/Stream Lounges
litgu.ru	unverified	reading	no NSFW labels found	non-english/Reading / Чтение | reading/Downloading
live.domatv.net	unverified	video	unreachable (000)	non-english/Streaming / Стриминг
live.viks.tv	unverified	video	no NSFW labels found	non-english/Streaming / Стриминг
live24.gr	unverified	video	no NSFW labels found	non-english/Streaming
liveam.tv	unverified	video	no NSFW labels found	non-english/Streaming / Стриминг
livelive24.com	unverified	video	no NSFW labels found	video/Live TV
livelive24.st	unverified	video	no NSFW labels found	video/Live TV
livetv.sx	unverified	video	unreachable (000)	non-english/Streaming | video/Live Sports
livextv.hybrows.workers.dev	unverified	video	no NSFW labels found	video/Sports Replays
livrosnarrados.blogspot.com	unverified	reading	no NSFW labels found	non-english/Reading / Leitura
llaroza.monster	unverified	video	no NSFW labels found	non-english/Streaming / البث
loadix.fun	unverified	download	no NSFW labels found	non-english/Downloading / Téléchargement
log.rlsbb.ru	unverified	download	no NSFW labels found	downloading/Download Sites
loigiaihay.com	unverified	reading	no NSFW labels found	non-english/Reading / Đọc
lolmythesis.com	unverified	reading	no NSFW labels found	reading/Documents / Articles
longcat.ai	unverified	ai	no NSFW labels found	ai/Image Generation | ai/Official Model Sites
lookimg.com	unverified	images	no NSFW labels found	image-tools/Online Galleries
lookmovie2.la	unverified	video	no NSFW labels found	video/Dedicated-Server
lookmovie2.to	unverified	video	unreachable (000)	video/Dedicated-Server
lospec.com	unverified	images	no NSFW labels found	image-tools/Download Images | image-tools/Pixel Art / Sprite Sheets
lostgeometry.craftwork.design	unverified	images	no NSFW labels found	image-tools/Art / Illustrations
ludditus.com	unverified	reading	no NSFW labels found	reading/Comics
lukaszadam.com	unverified	images	no NSFW labels found	image-tools/Art / Illustrations
lumalabs.ai	unverified	ai	no NSFW labels found	ai/Image Generation
luminsangelsseriale.com	unverified	video	unreachable (000)	non-english/Streaming
lumiverse.chat	unverified	ai	no NSFW labels found	ai/Roleplaying Chatbots
lumotv.co.uk	unverified	video	no NSFW labels found	educational/Sign Languages | video/Specialty Streaming
m.filmcity12.com	unverified	download	no NSFW labels found	non-english/Downloading / تحميل
m.mojevideo.sk	unverified	video	no NSFW labels found	non-english/Streaming
m210.duke4.net	unverified	games	no NSFW labels found	gaming/Abandonware / Retro
m2box.org	unverified	video	no NSFW labels found	video/Dedicated-Server
m4ckd0ge-repacks.site	unverified	games	no NSFW labels found	gaming/Game Repacks
m4uhd.vip	unverified	video	no NSFW labels found	video/Dedicated-Server
m80.pt	unverified	video	no NSFW labels found	non-english/Streaming
madrotter-treasure-hunt.blogspot.com	unverified	download	no NSFW labels found	audio/Genre Specific Ripping | non-english/Downloading / Mengunduh
mainportal66.com	unverified	video	no NSFW labels found	video/Live Sports
majusss.github.io	unverified	video	no NSFW labels found	non-english/Streaming
mangakoma01.net	unverified	reading	unreachable (000)	non-english/Reading / 読書
mangashelf.co.il	unverified	reading	no NSFW labels found	non-english/Reading / קרוא
matchora.to	unverified	video	no NSFW labels found	video/Live Sports
matrix.to	unverified	download	no NSFW labels found	developer-tools/Git Tools | developer-tools/IDEs / Code Editors | downloading/Download Directories | gaming-tools/Gaming Tools | privacy/Search Engines | reading/Ebooks
mavink.com	unverified	images	no NSFW labels found	image-tools/Image Search Engines
max-rls.com	unverified	download	Cloudflare challenge, not checked	downloading/Download Sites
maxima-library.com	unverified	reading	no NSFW labels found	non-english/Reading / Чтение
mdk.cab	unverified	games	unreachable (000)	gaming/ROM Sites
medeberiya.net	unverified	video	no NSFW labels found	video/Download Sites
mediafiretrend.com	unverified	download	no NSFW labels found	downloading/Search Sites
mediasetinfinity.mediaset.it	unverified	video	no NSFW labels found	non-english/Streaming
mediathekview.de	unverified	download	no NSFW labels found	non-english/Downloading / Herunterladen
mediathekviewweb.de	unverified	video	no NSFW labels found	non-english/Streaming
megacomicstv3.blogspot.com	unverified	reading	no NSFW labels found	non-english/Reading / Leer
megakino20.com	unverified	video	no NSFW labels found	non-english/Streaming
megamanmaker.com	unverified	games	unreachable (000)	gaming/ROM Sites
megapeliculasrip.me	unverified	download	no NSFW labels found	non-english/Downloading / Descargar
megogo.net	unverified	video	no NSFW labels found	non-english/Streaming
merlinwz.com	unverified	download	unreachable (403)	downloading/Download Sites
mfp666.blogspot.com	unverified	video	no NSFW labels found	non-english/Streaming
militera.org	unverified	reading	no NSFW labels found	non-english/Reading / Чтение
minimalistic-wallpaper.demolab.com	unverified	images	no NSFW labels found	system-tools/Wallpapers
mircrew-releases.org	unverified	torrent	Cloudflare challenge, not checked	non-english/Torrenting
mirknig.su	unverified	reading	no NSFW labels found	non-english/Reading / Чтение
mirrors.st	unverified	video	no NSFW labels found	video/Live Sports
mkvbase.site	unverified	video	Cloudflare challenge, not checked	video/Download Sites
mlblive.net	unverified	video	no NSFW labels found	video/Sports Replays
mlcboard.com	unverified	download	no NSFW labels found	non-english/Downloading / Herunterladen
mlsbd.co	unverified	download	no NSFW labels found	non-english/Downloading / ডাউনলোডিং
mmodlist.org	unverified	download	no NSFW labels found	non-english/Downloading
mockups-design.com	unverified	images	unreachable (000)	image-tools/Stock Images
mockups.pixeltrue.com	unverified	images	no NSFW labels found	image-tools/Stock Images
modelscope.ai	unverified	ai	no NSFW labels found	ai/Image Generation | ai/Video Generation | developer-tools/Machine Learning
modlist.in	unverified	download	no NSFW labels found	non-english/Downloading | video/Download Sites
moewalls.com	unverified	images	no NSFW labels found	system-tools/Wallpapers
momovod.app	unverified	video	unreachable (000)	non-english/Streaming / 串流
moocs.ggte.unicamp.br	unverified	video	no NSFW labels found	non-english/Streaming
moodle.ifrs.edu.br	unverified	video	no NSFW labels found	non-english/Streaming
moomza.com	unverified	video	no NSFW labels found	non-english/Streaming
mov-cli.github.io	unverified	video	no NSFW labels found	video/Download Sites | video/Streaming Apps
movie-screencaps.com	unverified	images	unreachable (000)	image-tools/Download Images
moviebox.co	unverified	video	no NSFW labels found	video/Dedicated-Server
movieboxonline.net	unverified	video	no NSFW labels found	video/Dedicated-Server
moviedrive.hu	unverified	video	unreachable (403)	non-english/Streaming / Streamelés
movienig.ht	unverified	video	no NSFW labels found	video/Stream Aggregators
moviepire.org	unverified	video	no NSFW labels found	video/Multi-Server
moviesleech.club	unverified	download	no NSFW labels found	non-english/Downloading
moviezmad.co	unverified	video	no NSFW labels found	video/Download Sites
movio.club	unverified	video	Cloudflare challenge, not checked	non-english/Streaming
movix.online	unverified	video	no NSFW labels found	non-english/Streaming
mp3semti.com	unverified	download	no NSFW labels found	non-english/Downloading / İndirme
msearch.vercel.app	unverified	video	no NSFW labels found	video/Torrent Sites
muaddib-sci-fi.blogspot.com	unverified	download	no NSFW labels found	non-english/Downloading / Téléchargement
mult-fan.tv	unverified	video	no NSFW labels found	non-english/Streaming / Стриминг
multi.tonkacine.watch	unverified	video	no NSFW labels found	video/Stream Aggregators
multimovies.wtf	unverified	video	no NSFW labels found	non-english/Streaming
mundoeducacao.uol.com.br	unverified	reading	no NSFW labels found	non-english/Reading / Leitura
muryou-aigazou.com	unverified	ai	no NSFW labels found	ai/Image Generation
music.163.com	unverified	video	no NSFW labels found	non-english/Streaming / 串流
mwmbl.org	unverified	search	not resolving at the router (NXDOMAIN)	internet-tools/Search Engines
mycima.gdn	unverified	download	Cloudflare challenge, not checked	non-english/Downloading / تحميل | non-english/Streaming / البث
myfluneo.eu	unverified	video	Cloudflare challenge, not checked	non-english/Streaming
mylivewallpapers.com	unverified	images	no NSFW labels found	system-tools/Wallpapers
myonlineradio.hu	unverified	video	no NSFW labels found	non-english/Streaming / Streamelés
myrunningman.com	unverified	video	no NSFW labels found	video/TV Streaming
myself-bbs.com	unverified	video	unreachable (403)	non-english/Streaming / 串流
mysoccerpulse.com	unverified	video	no NSFW labels found	video/Sports Replays
mystock.themeisle.com	unverified	images	no NSFW labels found	image-tools/Stock Images
nakastream.wiki	unverified	video	no NSFW labels found	non-english/Streaming
namu.wiki	unverified	reading	Cloudflare challenge, not checked	non-english/Reading
nanasubs.com	unverified	video	no NSFW labels found	non-english/Streaming
nbamonster.com	unverified	video	no NSFW labels found	video/Live Sports
ndl.iitkgp.ac.in	unverified	reading	not resolving at the router (SERVFAIL)	non-english/Reading
neonflix.st	unverified	video	no NSFW labels found	video/Stream Aggregators
nepu.app	unverified	reading	Cloudflare challenge, not checked	reading/Streaming | video/Dedicated-Server
netnaija.film	unverified	video	no NSFW labels found	video/Dedicated-Server
netplayz.icu	unverified	video	unreachable (000)	video/Stream Aggregators
neverwrite.app	unverified	ai	no NSFW labels found	ai/Specialized Chatbots
new.cloudmoviez.shop	unverified	download	no NSFW labels found	non-english/Downloading
new.katmoviehd.top	unverified	download	no NSFW labels found	non-english/Downloading | video/Download Sites
new2.moviesdrive.christmas	unverified	download	no NSFW labels found	non-english/Downloading
new39.ngefilm.site	unverified	download	no NSFW labels found	non-english/Downloading / Mengunduh
nfl-replays.com	unverified	video	no NSFW labels found	video/Sports Replays
nfl-video.com	unverified	video	no NSFW labels found	video/Sports Replays
ng-tech.icu	unverified	reading	unreachable (000)	non-english/Reading / 阅读
niceillustrations.com	unverified	images	unreachable (000)	image-tools/Art / Illustrations
nicotine-plus.org	unverified	download	no NSFW labels found	audio/Audio Ripping Tools | beginners-guide/Music | downloading/Download Directories | linux-macos/Linux Internet
nima4k.org	unverified	download	no NSFW labels found	non-english/Downloading / Herunterladen
ninateka.pl	unverified	video	no NSFW labels found	non-english/Streaming
nohat.cc	unverified	images	no NSFW labels found	image-tools/Stock Images
noirx.live	unverified	video	unreachable (000)	video/Stream Aggregators
noirx.me	unverified	video	unreachable (000)	video/Stream Aggregators
nomorflix.com	unverified	video	no NSFW labels found	video/Stream Aggregators
nos.twnsnd.co	unverified	images	no NSFW labels found	image-tools/Stock Images
noslivres.net	unverified	reading	no NSFW labels found	non-english/Reading / Lecture
nostalgiktv.org	unverified	video	no NSFW labels found	non-english/Streaming / پخش
novanon.net	unverified	download	no NSFW labels found	downloading/Download Sites
novelasligeras.net	unverified	reading	unreachable (403)	non-english/Reading / Leer
novelgo.id	unverified	reading	Cloudflare challenge, not checked	reading/Light Novels
novelmania.com.br	unverified	reading	unreachable (403)	non-english/Reading / Leitura
novelyra.com	unverified	reading	Cloudflare challenge, not checked	reading/Light Novels
novera.tv	unverified	video	no NSFW labels found	video/Stream Aggregators
noxx.gg	unverified	video	no NSFW labels found	video/TV Streaming
nsarchive.gwu.edu	unverified	reading	no NSFW labels found	reading/Documents / Articles
ntrs.nasa.gov	unverified	reading	no NSFW labels found	educational/Space | reading/Documents / Articles
ntv.cx	unverified	video	no NSFW labels found	video/Live Sports
ntv.st	unverified	video	no NSFW labels found	video/Live TV
ntvs.cx	unverified	video	no NSFW labels found	video/Live Sports | video/Live TV
ntvx.link	unverified	video	no NSFW labels found	video/Live TV
nullbeat.thevolecitor.qzz.io	unverified	download	no NSFW labels found	audio/Audio Ripping Tools | downloading/Debrid / Leeches
nunubook.com	unverified	reading	no NSFW labels found	non-english/Reading / 阅读
nzbfinder.ws	unverified	download	no NSFW labels found	downloading/Indexers
nzbking.com	unverified	download	no NSFW labels found	downloading/Indexers
nzbplanet.net	unverified	download	no NSFW labels found	downloading/Indexers
nzbstars.com	unverified	download	Cloudflare challenge, not checked	downloading/Indexers
o-dan.net	unverified	images	no NSFW labels found	image-tools/Stock Images
oatd.org	unverified	reading	Cloudflare challenge, not checked	reading/Documents / Articles
obrasraras.usp.br	unverified	reading	no NSFW labels found	non-english/Reading / Leitura
obuchalka.org	unverified	reading	no NSFW labels found	non-english/Reading / Чтение
odcrawler.xyz	unverified	download	no NSFW labels found	downloading/Download Directories
odysee.com	unverified	video	no NSFW labels found	video/Video Streaming
officialmoviebox.com	unverified	video	no NSFW labels found	video/Dedicated-Server
ofraz.com	unverified	video	no NSFW labels found	non-english/Streaming
oha.to	unverified	video	no NSFW labels found	video/Live TV
ok.ru	unverified	video	no NSFW labels found	non-english/Streaming / Стриминг | video/Video Streaming
olamovies.dad	unverified	download	no NSFW labels found	non-english/Downloading | video/Download Sites
oldcomicsworld.blogspot.com	unverified	reading	no NSFW labels found	reading/Comics
oldgamesdownload.com	unverified	games	no NSFW labels found	gaming/Abandonware / Retro
olympicweb.me	unverified	video	no NSFW labels found	video/Live Sports
omega.gg	unverified	video	no NSFW labels found	video-tools/Video Players | video/Video Streaming
on.kinohub.vip	unverified	video	no NSFW labels found	non-english/Streaming / Стриминг
onegai.moe	unverified	images	no NSFW labels found	image-tools/Image Search Engines
onhockey.tv	unverified	video	no NSFW labels found	video/Live Sports
onionplay.st	unverified	video	no NSFW labels found	video/Dedicated-Server
online-fix.me	unverified	games	no NSFW labels found	gaming-tools/Multiplayer Fixes | gaming/Download Games
onlinecursosgratuitos.com	unverified	download	no NSFW labels found	non-english/Downloading / Baixar | non-english/Reading / Leitura
open-lit.com	unverified	reading	unreachable (000)	non-english/Reading / 阅读
open-slum.org	unverified	reading	no NSFW labels found	reading/Ebooks
open-slum.pages.dev	unverified	reading	no NSFW labels found	reading/Ebooks
open.spotify.com	unverified	reading	no NSFW labels found	audio/Curated Recommendations | audio/Podcast Streaming | audio/Streaming Sites | reading/Streaming
openani.me	unverified	video	unreachable (403)	non-english/Streaming / İzleme
openedu.ru	unverified	video	no NSFW labels found	non-english/Streaming / Стриминг
openflix.pro	unverified	video	no NSFW labels found	non-english/Streaming
openmoji.org	unverified	images	no NSFW labels found	image-tools/Download Images
openpaymentsdata.cms.gov	unverified	reading	unreachable (403)	reading/Documents / Articles
opensignup.xyz	unverified	torrent	Cloudflare challenge, not checked	torrenting/Private Trackers
opensourcegen.com	unverified	ai	no NSFW labels found	ai/Image Generation
openuserjs.org	unverified	download	no NSFW labels found	downloading/Download Sites | internet-tools/Google Search Tools | internet-tools/Userscripts | reading/Manga | social-media-tools/Instagram Tools
oraedes.fr	unverified	reading	no NSFW labels found	non-english/Reading / Lecture
orionoid.com	unverified	download	no NSFW labels found	downloading/Indexers
overday.org	unverified	download	unreachable (000)	non-english/Downloading / Scaricare
overlook.cx	unverified	video	no NSFW labels found	video/Stream Aggregators
overtakefans.com	unverified	video	no NSFW labels found	video/Live Sports | video/Sports Replays
ovovideo.com	unverified	video	unreachable (000)	non-english/Streaming
pacer.uscourts.gov	unverified	reading	no NSFW labels found	reading/Documents / Articles
page.kakao.com	unverified	reading	no NSFW labels found	non-english/Reading
pandora.nla.gov.au	unverified	reading	no NSFW labels found	reading/Documents / Articles
paper2gal.com	unverified	ai	no NSFW labels found	ai/Specialized Chatbots
pawflix.foo.ng	unverified	video	no NSFW labels found	video/Multi-Server
pdfhost.io	unverified	reading	no NSFW labels found	reading/Documents / Articles
pdfknihy.maxzone.eu	unverified	reading	no NSFW labels found	non-english/Reading / Čtení
pdfknihy.sk	unverified	reading	no NSFW labels found	non-english/Reading
pediatorrent.com	unverified	torrent	Cloudflare challenge, not checked	non-english/Torrenting / Torrentear
peliculas-dvdrip.com	unverified	download	unreachable (403)	non-english/Downloading / Descargar
pelisenhd.org	unverified	download	Cloudflare challenge, not checked	non-english/Downloading / Descargar
pelisforte.se	unverified	video	no NSFW labels found	non-english/Streaming / Streamear
pelisgo.online	unverified	video	Cloudflare challenge, not checked	non-english/Streaming / Streamear
perfectdark.benri-tool.net	unverified	download	no NSFW labels found	non-english/Downloading / ダウンロード
persiamovbox.com	unverified	video	no NSFW labels found	non-english/Streaming / پخش
phland.org	unverified	video	no NSFW labels found	video/Multi-Server
photogpt.io	unverified	ai	no NSFW labels found	ai/Image Generation
pikky.net	unverified	images	no NSFW labels found	image-tools/Image Hosts
pikwizard.com	unverified	images	no NSFW labels found	image-tools/Stock Images
pilot.wp.pl	unverified	video	no NSFW labels found	non-english/Streaming
pinokio.co	unverified	ai	no NSFW labels found	ai/Local Frontends | ai/Video Generation
pitsport.st	unverified	video	no NSFW labels found	video/Live Sports
pixabay.com	unverified	images	Cloudflare challenge, not checked	audio/Royalty Free Music | image-tools/Stock Images
pixeldrain-bypass.gamedrive.to	unverified	download	no NSFW labels found	downloading/Debrid / Leeches | file-tools/File Hosts
pixeljoint.com	unverified	images	unreachable (000)	image-tools/Download Images
pixiv.perennialte.ch	unverified	images	unreachable (403)	image-tools/Art / Illustrations
pixnio.com	unverified	images	no NSFW labels found	image-tools/Stock Images
pixsoriginadventures.co.uk	unverified	reading	no NSFW labels found	reading/Magazines
pixverse.ai	unverified	ai	no NSFW labels found	ai/Video Generation
placeit.net	unverified	images	no NSFW labels found	image-tools/Download Images
planete-bd.org	unverified	reading	no NSFW labels found	non-english/Reading / Lecture
play.cine.ar	unverified	video	no NSFW labels found	non-english/Streaming / Streamear
play.history.com	unverified	video	no NSFW labels found	video/TV Streaming
play.nova.bg	unverified	video	no NSFW labels found	non-english/Streaming / Стрийминг
play.xumo.com	unverified	video	no NSFW labels found	video/Live TV
player.pl	unverified	video	no NSFW labels found	non-english/Streaming
player.xtra.wtf	unverified	video	no NSFW labels found	video/Multi-Server
player1.eu	unverified	games	no NSFW labels found	gaming/ROM Sites
playground.microsoft.ai	unverified	ai	no NSFW labels found	ai/Image Generation
playlists.at	unverified	video	no NSFW labels found	social-media-tools/Playlist Tools | social-media-tools/YouTube Search | video/Video Streaming
playstationhaber.com	unverified	download	no NSFW labels found	non-english/Downloading / İndirme
pleasuredome.github.io	unverified	games	unreachable (404)	gaming/ROM Sites
pngimg.com	unverified	images	no NSFW labels found	image-tools/Stock Images
podcast24.fi	unverified	video	unreachable (403)	non-english/Streaming / Suoratoisto
podreczniki.cfd	unverified	reading	no NSFW labels found	non-english/Reading / Czytanie
podreczniki.lol	unverified	reading	no NSFW labels found	non-english/Reading / Czytanie
poemassemerros.wordpress.com	unverified	reading	only match was a generic word ("adult" as in adult medicine/Adult Swim, or a tag echo); no NSFW evidence	non-english/Reading / Leitura
polish-abandonware.pl	unverified	download	Cloudflare challenge, not checked	non-english/Downloading / Pobieranie
popcornmovies.ac	unverified	video	Cloudflare challenge, not checked	video/Stream Aggregators
popuw.com	unverified	games	unreachable (000)	gaming/ROM Sites
portal.uniasselvi.com.br	unverified	video	no NSFW labels found	non-english/Streaming
posterazor.sourceforge.io	unverified	images	Cloudflare challenge, not checked	image-tools/Download Images
postimages.org	unverified	images	no NSFW labels found	image-tools/Online Galleries
powanjuan.cc	unverified	reading	no NSFW labels found	non-english/Light Novels
ppv.bi	unverified	video	no NSFW labels found	video/Live Sports
ppv.ms	unverified	video	no NSFW labels found	video/Live Sports
ppv.rw	unverified	video	no NSFW labels found	video/Live Sports
ppv.st	unverified	video	no NSFW labels found	video/Live Sports
ppv.tj	unverified	video	no NSFW labels found	video/Live Sports
ppv.to	unverified	video	unreachable (000)	video/Live Sports
ppvs.pk	unverified	video	no NSFW labels found	video/Live Sports
prehraj.to	unverified	download	no NSFW labels found	non-english/Downloading / Stahování
presearch.com	unverified	search	not resolving at the router (NXDOMAIN)	internet-tools/Search Engines
preterhuman.net	unverified	reading	Cloudflare challenge, not checked	reading/Documents / Articles
primewire.nexus	unverified	video	no NSFW labels found	video/Dedicated-Server | video/TV Streaming
prirucka.ujc.cas.cz	unverified	reading	unreachable (000)	non-english/Reading / Čtení
privateers.wiki	unverified	games	no NSFW labels found	gaming/Download Games | misc/Indexes
privategpt.dev	unverified	ai	no NSFW labels found	ai/Specialized Chatbots
prmovies.exchange	unverified	video	Cloudflare challenge, not checked	non-english/Streaming
prnt.sc	unverified	images	no NSFW labels found	image-tools/Image Hosts
psychodownloads.com	unverified	download	no NSFW labels found	downloading/Download Sites
publicdomainvectors.org	unverified	images	no NSFW labels found	image-tools/Stock Images
puffer.stanford.edu	unverified	video	no NSFW labels found	video/Live TV
punkconpunk.blogspot.com	unverified	download	no NSFW labels found	non-english/Downloading / Descargar
purstream.wiki	unverified	video	no NSFW labels found	non-english/Streaming
pwrestling.com	unverified	video	no NSFW labels found	video/Sports Replays
pxhere.com	unverified	images	no NSFW labels found	image-tools/Stock Images
pygmalion.chat	unverified	ai	no NSFW labels found	ai/Roleplaying Chatbots
pypi.org	unverified	reading	no NSFW labels found	developer-tools/Developer Utilities | non-english/Reading / 阅读
qsniyg.github.io	unverified	images	unreachable (000)	image-tools/Image Search Engines
r-roms.github.io	unverified	games	no NSFW labels found	beginners-guide/Gaming | gaming/ROM Sites
radiojhero.com	unverified	video	only match was a generic word ("adult" as in adult medicine/Adult Swim, or a tag echo); no NSFW evidence	non-english/Streaming
radiosaovivo.net	unverified	video	no NSFW labels found	non-english/Streaming
radioyanosik.pl	unverified	video	no NSFW labels found	non-english/Streaming
rar.to	unverified	reading	no NSFW labels found	reading/Streaming | video/Dedicated-Server
rarbglite.github.io	unverified	video	no NSFW labels found	video/Torrent Sites
rarefilmm.com	unverified	video	no NSFW labels found	video/Specialty Streaming
rasterbator.net	unverified	images	unreachable (000)	image-tools/Download Images
ravebooksearch.com	unverified	reading	no NSFW labels found	internet-tools/Custom Search Engines | reading/Downloading | reading/Ebooks
rawfree.buzz	unverified	reading	Cloudflare challenge, not checked	non-english/Reading / 読書
rawfree.to	unverified	reading	Cloudflare challenge, not checked	non-english/Reading / 読書
rawkuma.com	unverified	reading	no NSFW labels found	non-english/Reading / 読書
react.tv	unverified	video	no NSFW labels found	video/Stream Lounges
readpoopfiction.com	unverified	reading	no NSFW labels found	reading/Fanfiction / Stories
real-debrid.com	unverified	download	no NSFW labels found	downloading/Debrid / Leeches
realfight.top	unverified	video	Cloudflare challenge, not checked	video/Sports Replays
recherche-ebook.fr	unverified	reading	no NSFW labels found	internet-tools/Custom Search Engines | reading/Ebooks
redd.it	unverified	download	not resolving at the router (NXDOMAIN)	audio/Audio Metadata | audio/Last.fm Tools | audio/Radio Directories | audio/Spectrum Analyzers | downloading/Usenet | gaming/Download Games | non-english/Reading / Чтение | reading/Ebooks | video/TV Streaming | video/Live Sports
redecanais.af	unverified	video	no NSFW labels found	non-english/Streaming
redtexts.org	unverified	reading	no NSFW labels found	reading/Special Interest
reedstreams.link	unverified	video	no NSFW labels found	video/Live Sports
reedstreams.st	unverified	video	no NSFW labels found	video/Live Sports
reedstreams.to	unverified	video	no NSFW labels found	video/Live Sports
refooty.com	unverified	video	no NSFW labels found	video/Sports Replays
relampagomovies.com	unverified	download	Cloudflare challenge, not checked	non-english/Downloading / Descargar
remanga.org	unverified	reading	no NSFW labels found	non-english/Reading / Чтение
replay-exc.pages.dev	unverified	video	no NSFW labels found	video/Sports Replays
replay.nontonx.com	unverified	video	no NSFW labels found	video/Sports Replays
repository.library.brown.edu	unverified	reading	no NSFW labels found	reading/Documents / Articles | reading/History Books
retroarquivo.wordpress.com	unverified	reading	no NSFW labels found	non-english/Reading / Leitura
retrocanal.net	unverified	download	no NSFW labels found	non-english/Downloading / Descargar
retrogametalk.com	unverified	games	no NSFW labels found	gaming/ROM Sites | misc/Chat / Forums
retrostrange.com	unverified	video	no NSFW labels found	video/Stream Lounges
retrozone.co	unverified	games	no NSFW labels found	gaming/ROM Sites
rgfootball.net	unverified	torrent	sports/documentary only; no NSFW evidence	non-english/Torrenting / Торрентинг
ridomovies.is	unverified	video	Cloudflare challenge, not checked	video/Dedicated-Server
rimgo.codeberg.page	unverified	images	no NSFW labels found	image-tools/Online Galleries
rips.cc	unverified	video	no NSFW labels found	video/Dedicated-Server
ristoanime.me	unverified	video	no NSFW labels found	non-english/Streaming / البث
rj.hoseinwave.ir	unverified	download	no NSFW labels found	non-english/Downloading / دانلود
rlsbb.cc	unverified	download	unreachable (000)	downloading/Download Sites
rlsbb.in	unverified	download	no NSFW labels found	downloading/Download Sites
rlsbb.ru	unverified	download	no NSFW labels found	downloading/Download Sites
rlsbb.to	unverified	download	no NSFW labels found	downloading/Download Sites
rmz.cr	unverified	video	no NSFW labels found	video/Download Sites
rmzmirrors.com	unverified	video	no NSFW labels found	video/Download Sites
roigoatzzz.netlify.app	unverified	images	no NSFW labels found	system-tools/Wallpapers
romhackplaza.org	unverified	games	no NSFW labels found	gaming/ROM Sites
romheaven.com	unverified	games	no NSFW labels found	gaming/ROM Sites
roms2000.com	unverified	games	no NSFW labels found	gaming/ROM Sites
romsenespanol.com	unverified	download	no NSFW labels found	non-english/Downloading / Descargar
romshq.com	unverified	games	no NSFW labels found	gaming/ROM Sites
romstime.com	unverified	games	no NSFW labels found	gaming/ROM Sites
rootabout.com	unverified	images	no NSFW labels found	image-tools/Image Search Engines
roxiestreams.cc	unverified	video	unreachable (000)	video/Live Sports
roxiestreams.info	unverified	video	no NSFW labels found	video/Live Sports
roxiestreams.su	unverified	video	no NSFW labels found	video/Live Sports
rpc-wiki.net	unverified	reading	unreachable (000)	reading/Fanfiction / Stories
rpgonly.com	unverified	games	unreachable (000)	gaming/ROM Sites
rreelstream.live	unverified	video	unreachable (502)	video/Stream Aggregators
rtvcplay.co	unverified	video	no NSFW labels found	non-english/Streaming / Streamear
rugby24.net	unverified	video	no NSFW labels found	video/Sports Replays
rukino.org	unverified	video	Cloudflare challenge, not checked	non-english/Streaming / Стриминг
rumble.com	unverified	video	Cloudflare challenge, not checked	social-media-tools/Twitch Tools | video/Video Streaming
rusneb.ru	unverified	reading	unreachable (403)	non-english/Reading / Чтение
rustorka.com	unverified	torrent	unreachable (403)	non-english/Torrenting / Торрентинг
rutracker.org	unverified	games	no NSFW labels found	gaming/ROM Sites | linux-macos/Linux Gaming | linux-macos/Mac Gaming | linux-macos/Software Sites | non-english/Torrenting / Торрентинг | torrenting/Torrent Sites | video/Sports Replays | video/Torrent Sites
rutube.ru	unverified	video	no NSFW labels found	non-english/Streaming / Стриминг | video/Video Streaming
rytr.me	unverified	ai	no NSFW labels found	ai/Specialized Chatbots | text-tools/Writing Tools
s1.sliwbl.com	unverified	download	no NSFW labels found	non-english/Downloading / Скачивание
safebooru.donmai.us	unverified	images	no NSFW labels found	image-tools/Art / Illustrations
sagexpo.org	unverified	games	no NSFW labels found	gaming/ROM Sites
saicord.com	unverified	video	no NSFW labels found	non-english/Streaming
sakuranovel.id	unverified	reading	Cloudflare challenge, not checked	non-english/Reading / Membaca
salmosonline.com	unverified	reading	no NSFW labels found	non-english/Reading / Leitura
same.energy	unverified	images	no NSFW labels found	image-tools/Download Images
samehadaku.care	unverified	download	unreachable (000)	non-english/Downloading / Mengunduh | non-english/Streaming / Menyiarkan
samlib.ru	unverified	reading	no NSFW labels found	non-english/Reading / Чтение
sanet.lc	unverified	download	unreachable (403)	downloading/Download Sites
sanet.sb	unverified	download	unreachable (403)	downloading/Download Sites
sanet.st	unverified	download	unreachable (403)	downloading/Download Sites
sanet.ws	unverified	download	Cloudflare challenge, not checked	downloading/Download Sites
sanskritdocuments.org	unverified	reading	no NSFW labels found	non-english/Reading
sanskritsahitya.org	unverified	reading	no NSFW labels found	non-english/Reading
sastatus.com	unverified	download	no NSFW labels found	downloading/Download Sites
saucekudasai.com	unverified	images	unreachable (000)	image-tools/Image Search Engines
sci-bot.ru	unverified	ai	no NSFW labels found	ai/Specialized Chatbots
scielo.conicyt.cl	unverified	reading	no NSFW labels found	non-english/Reading / Leer
scispace.com	unverified	ai	no NSFW labels found	ai/Specialized Chatbots
scp-wiki.wikidot.com	unverified	reading	unreachable (000)	reading/Fanfiction / Stories
search-22.com	unverified	download	no NSFW labels found	downloading/Download Directories | misc/Recipes
search.aol.com	unverified	search	not resolving at the router (NXDOMAIN)	internet-tools/Search Engines
search.brave.com	unverified	ai	no NSFW labels found	ai/Specialized Chatbots | privacy/Search Engines
search.extto.com	unverified	torrent	Cloudflare challenge, not checked	torrenting/Aggregators | video/Torrent Sites
searx.party	unverified	search	not resolving at the router (NXDOMAIN)	storage/Searx Instances
searx.space	unverified	search	not resolving at the router (NXDOMAIN)	storage/Searx Instances
seasonvar.ru	unverified	video	no NSFW labels found	non-english/Streaming / Стриминг
seireshd.com	unverified	download	no NSFW labels found	non-english/Downloading / Descargar
seirsanduk.online	unverified	video	no NSFW labels found	non-english/Streaming / Стрийминг
selcukflix.com	unverified	video	no NSFW labels found	non-english/Streaming / İzleme
serien.domains	unverified	video	no NSFW labels found	non-english/Streaming
series.ly	unverified	video	no NSFW labels found	non-english/Streaming / Streamear
seriesperu.com	unverified	video	no NSFW labels found	non-english/Streaming / Streamear
shahiid-anime.net	unverified	video	no NSFW labels found	non-english/Streaming / البث
shamela.ws	unverified	reading	unreachable (000)	non-english/Reading / القراءة
sharebb.me	unverified	video	unreachable (403)	video/Download Sites
shareses.com	unverified	download	no NSFW labels found	non-english/Downloading / İndirme
sheezy.art	unverified	images	no NSFW labels found	image-tools/Art / Illustrations
shinden.pl	unverified	reading	unreachable (467)	non-english/Reading / Czytanie | non-english/Streaming
shinmoemanga.neocities.org	unverified	reading	no NSFW labels found	non-english/Reading / 読書
shiza-project.com	unverified	video	no NSFW labels found	non-english/Streaming / Стриминг
short-stories.co	unverified	reading	no NSFW labels found	reading/Fanfiction / Stories
shot.cafe	unverified	images	unreachable (000)	image-tools/Download Images
showroom-live.com	unverified	video	no NSFW labels found	video/Live TV
shuttletv.me	unverified	video	Cloudflare challenge, not checked	video/Stream Aggregators
simpledesktops.com	unverified	images	no NSFW labels found	system-tools/Wallpapers
simulradio.info	unverified	video	no NSFW labels found	non-english/Streaming / ストリーミング
sinnerclownceviri.net	unverified	download	Cloudflare challenge, not checked	non-english/Downloading / İndirme
sitedepoesias.com	unverified	reading	no NSFW labels found	non-english/Reading / Leitura
sledujserialy.io	unverified	video	Cloudflare challenge, not checked	non-english/Streaming / Streamování
slsknet.org	unverified	download	no NSFW labels found	audio/Audio Ripping Tools | downloading/Download Directories
smotret.tv	unverified	video	no NSFW labels found	non-english/Streaming / Стриминг
snapgen.ai	unverified	ai	no NSFW labels found	ai/Image Generation | ai/Video Generation
so.11klasov.net	unverified	reading	no NSFW labels found	non-english/Reading / Чтение
soapgo.to	unverified	video	no NSFW labels found	video/Dedicated-Server
soccerfull.net	unverified	video	unreachable (000)	video/Sports Replays
sofaflix.shop	unverified	video	no NSFW labels found	non-english/Streaming / Phát trực tuyến
soft.ac	unverified	download	unreachable (403)	downloading/Download Sites
softarchive.download	unverified	download	unreachable (403)	downloading/Download Sites | reading/Newspapers
softarchive.is	unverified	download	unreachable (403)	downloading/Download Sites
somosmovies.org	unverified	download	no NSFW labels found	non-english/Downloading / Descargar
sonako.fandom.com	unverified	reading	Cloudflare challenge, not checked	non-english/Reading / Đọc
songs.nghmat.com	unverified	download	no NSFW labels found	non-english/Downloading / تحميل
sora-ich.vercel.app	unverified	reading	no NSFW labels found	non-english/Reading / Membaca
soraraw.com	unverified	reading	unreachable (403)	non-english/Reading / 読書
sotproxy.ext.io	unverified	video	no NSFW labels found	video/Live Sports
sourceforge.net	unverified	reading	Cloudflare challenge, not checked	audio/Album Artwork | audio/Audio Tools | audio/SFX / Samples | audio/Sheet Music / Notation | reading/Comics
sovietbooksinbengali.blogspot.com	unverified	reading	no NSFW labels found	non-english/Reading / পড়া
sovietmoviesonline.com	unverified	video	no NSFW labels found	non-english/Streaming / Стриминг
space.bilibili.com	unverified	video	no NSFW labels found	non-english/Streaming / 串流
space.coze.cn	unverified	ai	no NSFW labels found	ai/Image Generation
space.olamovies.dad	unverified	download	no NSFW labels found	non-english/Downloading | video/Download Sites
spacedom.live	unverified	video	Cloudflare challenge, not checked	video/Stream Aggregators
spectrumcomputing.co.uk	unverified	games	unreachable (000)	gaming/Abandonware / Retro
spinneretrepacks.qzz.io	unverified	games	unreachable (000)	gaming/Game Repacks
sport.tvp.pl	unverified	video	no NSFW labels found	non-english/Streaming
sportarr.net	unverified	video	no NSFW labels found	video/Sports Replays | video/Torrent Apps
sportontv.click	unverified	video	no NSFW labels found	video/Live Sports
sportsbite.org	unverified	video	no NSFW labels found	video/Live Sports | video/Live TV
sportsindx.st	unverified	video	unreachable (000)	video/Live Sports
squidgeworld.org	unverified	reading	no NSFW labels found	reading/Fanfiction / Stories
srstop.link	unverified	video	no NSFW labels found	video/TV Streaming
ssrmovies.blue	unverified	download	no NSFW labels found	non-english/Downloading | video/Download Sites
start.me	unverified	images	no NSFW labels found	image-tools/Download Images | image-tools/Photo Forensics / Metadata | internet-tools/Bookmark Managers | internet-tools/Custom Search Engines | internet-tools/Search Engines
status.streamea.st	unverified	video	no NSFW labels found	video/Live Sports
steamrip.com	unverified	games	no NSFW labels found	beginners-guide/Gaming | gaming/Download Games
sti.nasa.gov	unverified	reading	no NSFW labels found	reading/Documents / Articles
stillslab.com	unverified	images	no NSFW labels found	image-tools/Download Images
stock.adobe.com	unverified	images	unreachable (403)	image-tools/Stock Images
stockholmskallan.stockholm.se	unverified	video	no NSFW labels found	non-english/Streaming
stokourbeti.online	unverified	video	no NSFW labels found	non-english/Streaming
storyset.com	unverified	images	no NSFW labels found	image-tools/Art / Illustrations
strannikmodz.me	unverified	video	no NSFW labels found	non-english/Streaming / Стриминг
streamaggregator.in	unverified	video	unreachable (000)	video/Multi-Server
streamcorner.cloud	unverified	video	no NSFW labels found	video/Live Sports
streamcorner.foo	unverified	video	no NSFW labels found	video/Live Sports
streamcorner.fun	unverified	video	no NSFW labels found	video/Live Sports
streamcorner.st	unverified	video	no NSFW labels found	video/Live Sports
streameast.ga	unverified	video	unreachable (429)	video/Live Sports
streameast.ph	unverified	video	unreachable (429)	video/Live Sports
streamed.pk	unverified	video	no NSFW labels found	beginners-guide/Movies / Shows | video/Live Sports
streamed.st	unverified	video	no NSFW labels found	video/Live Sports
streamex.ws	unverified	video	no NSFW labels found	video/Multi-Server
streamfree.top	unverified	video	no NSFW labels found	beginners-guide/Movies / Shows | video/Live Sports
streamic.st	unverified	video	no NSFW labels found	video/Live Sports
streaming-integrale.com	unverified	video	Cloudflare challenge, not checked	non-english/Streaming
streamingcommunityz.photos	unverified	video	no NSFW labels found	non-english/Streaming
streamingunity.win	unverified	video	no NSFW labels found	non-english/Streaming
streamkiste.bid	unverified	video	no NSFW labels found	non-english/Streaming
streamsports99.ru	unverified	video	no NSFW labels found	video/Live Sports | video/Live TV
streamsports99.su	unverified	video	no NSFW labels found	video/Live Sports | video/Live TV
streamsports99.website	unverified	video	no NSFW labels found	video/Live Sports | video/Live TV
streamvaults.ru	unverified	video	unreachable (502)	video/Stream Aggregators
streamxhd.com	unverified	video	no NSFW labels found	non-english/Streaming / Streamear
strims24.pl	unverified	video	no NSFW labels found	non-english/Streaming | video/Live Sports
strmd.link	unverified	video	no NSFW labels found	video/Live Sports
strmfree.st	unverified	video	no NSFW labels found	video/Live Sports
strumyk.domains	unverified	video	no NSFW labels found	non-english/Streaming | video/Live Sports
strumyk.pk	unverified	video	no NSFW labels found	non-english/Streaming | video/Live Sports
studyflix.de	unverified	video	no NSFW labels found	non-english/Streaming
subtituladas.com	unverified	download	unreachable (403)	non-english/Downloading / Descargar
supernova.to	unverified	video	Cloudflare challenge, not checked	video/Dedicated-Server | video/Download Sites | video/TV Streaming
suptg.thisisnotatrueending.com	unverified	imageboard	no NSFW labels found	social-media-tools/4chan Archives
svetserialu.io	unverified	video	no NSFW labels found	non-english/Streaming / Streamování
swayam.gov.in	unverified	video	no NSFW labels found	non-english/Streaming
sweet.tv	unverified	video	no NSFW labels found	non-english/Streaming | non-english/Streaming / Streamování | non-english/Streaming / Стрімінг
sxcu.net	unverified	images	no NSFW labels found	image-tools/Image Hosts
sync.coconono.org	unverified	video	unreachable (000)	video/Stream Lounges
syosetu.com	unverified	reading	no NSFW labels found	non-english/Reading / Leitura
tailieuonthi.edu.vn	unverified	reading	no NSFW labels found	non-english/Reading / Đọc
tainio-mania.store	unverified	video	no NSFW labels found	non-english/Streaming
tamilbulb.cc	unverified	video	no NSFW labels found	non-english/Streaming
tamilgun.now	unverified	video	no NSFW labels found	non-english/Streaming
tancpol.net	unverified	download	no NSFW labels found	audio/Download Sites | audio/Streaming Sites | non-english/Downloading / Скачивание
tap4sport.ci	unverified	video	Cloudflare challenge, not checked	video/Live Sports
tap4sport.link	unverified	video	Cloudflare challenge, not checked	video/Live Sports
tap4sport.pw	unverified	video	Cloudflare challenge, not checked	video/Live Sports
tap4sport.st	unverified	video	Cloudflare challenge, not checked	video/Live Sports
taterai.github.io	unverified	ai	no NSFW labels found	ai/Image Generation
tavernai.net	unverified	ai	no NSFW labels found	ai/Roleplaying Chatbots
te2.tewi.us	unverified	images	unreachable (000)	image-tools/Art / Illustrations
teach-in.ru	unverified	video	no NSFW labels found	non-english/Streaming / Стриминг
tech12h.com	unverified	reading	unreachable (000)	non-english/Reading / Đọc
telegram.dog	unverified	download	no NSFW labels found	non-english/Downloading | video/Download Sites
teleonline.org	unverified	video	no NSFW labels found	non-english/Streaming / Streamear
televizor24.tv	unverified	video	no NSFW labels found	non-english/Streaming / Стриминг
telik.top	unverified	video	no NSFW labels found	non-english/Streaming / Стриминг
tenies-online.best	unverified	video	no NSFW labels found	non-english/Streaming
terabox.hnn.workers.dev	unverified	download	no NSFW labels found	downloading/Debrid / Leeches
terafetch.com	unverified	download	no NSFW labels found	downloading/Debrid / Leeches
tetw.org	unverified	reading	no NSFW labels found	reading/Documents / Articles
textfx.withgoogle.com	unverified	ai	no NSFW labels found	ai/Specialized Chatbots | text-tools/Writing Tools
theanarchistlibrary.org	unverified	reading	no NSFW labels found	reading/Special Interest
theblackholebay.lol	unverified	torrent	unreachable (502)	torrenting/Aggregators
themoviesboss.fans	unverified	download	no NSFW labels found	non-english/Downloading
theoatmeal.com	unverified	reading	no NSFW labels found	reading/Comics
theresanaiforthat.com	unverified	ai	no NSFW labels found	ai/Image Generation
theromdepot.com	unverified	games	no NSFW labels found	gaming/ROM Sites
thesilentlibrary.com	unverified	video	no NSFW labels found	video/TV Streaming
thetvapp.plus	unverified	video	no NSFW labels found	video/Live Sports
thu-tram.github.io	unverified	reading	no NSFW labels found	non-english/Reading / Đọc
thumbsnap.com	unverified	images	unreachable (502)	image-tools/Image Hosts
thuvienphapluat.vn	unverified	reading	no NSFW labels found	non-english/Reading / Đọc
tieulun.hd.free.fr	unverified	reading	unreachable (000)	non-english/Reading / Đọc
tikolu.net	unverified	images	no NSFW labels found	image-tools/Image Hosts | misc/Image / Video
timesoccertv.com	unverified	video	no NSFW labels found	video/Sports Replays
timst.cfd	unverified	video	no NSFW labels found	video/Live Sports
tineye.com	unverified	images	no NSFW labels found	image-tools/Image Search Engines
tiodonghua.lat	unverified	download	no NSFW labels found	non-english/Downloading / Descargar
titantv.com	unverified	video	no NSFW labels found	video/Live TV
tixte.com	unverified	images	no NSFW labels found	image-tools/Online Galleries
tiz-cycling.tv	unverified	video	no NSFW labels found	video/Live Sports
tlnovelas.net	unverified	video	no NSFW labels found	non-english/Streaming / Streamear
toku.fun	unverified	video	no NSFW labels found	video/Specialty Downloading
tonkacine.watch	unverified	video	no NSFW labels found	video/Stream Aggregators
toolbaz.com	unverified	ai	no NSFW labels found	ai/Specialized Chatbots
toonitalia.xyz	unverified	video	Cloudflare challenge, not checked	non-english/Streaming
toonstream.vip	unverified	video	no NSFW labels found	non-english/Streaming
top-radio.ru	unverified	video	no NSFW labels found	non-english/Streaming / Стриминг
top.xdmovies.wtf	unverified	download	no NSFW labels found	non-english/Downloading | video/Download Sites
topcinema.io	unverified	download	no NSFW labels found	non-english/Downloading / تحميل | non-english/Streaming / البث
topsrs.day	unverified	video	no NSFW labels found	video/TV Streaming
torbox.app	unverified	download	no NSFW labels found	downloading/Debrid / Leeches | torrenting/Remote Torrenting
torrent.by	unverified	torrent	unreachable (000)	non-english/Torrenting / Торрентинг
torrentproject2.net	unverified	torrent	unreachable (000)	torrenting/Aggregators
torrentsurf.to	unverified	video	Cloudflare challenge, not checked	video/Torrent Sites
total-sportekk.st	unverified	video	no NSFW labels found	video/Live Sports
tr4ker.net	unverified	torrent	unreachable (000)	non-english/Torrenting | torrenting/Torrent Sites
trace.moe	unverified	images	no NSFW labels found	image-tools/Image Search Engines | video/Helpful Sites / Tools
trackerpathways.org	unverified	torrent	Cloudflare challenge, not checked	torrenting/Private Trackers
tramphim5.org	unverified	video	unreachable (500)	non-english/Streaming / Phát trực tuyến
trdizin.gov.tr	unverified	reading	no NSFW labels found	non-english/Reading / Okuma
treasure-maps.com	unverified	download	no NSFW labels found	downloading/Indexers
triahgames.com	unverified	games	no NSFW labels found	gaming/Download Games
tropabrscans.blogspot.com	unverified	reading	no NSFW labels found	non-english/Reading / Leitura
trsoundtrack.blogspot.com	unverified	download	no NSFW labels found	non-english/Downloading / İndirme
trtag.com	unverified	reading	no NSFW labels found	non-english/Reading / 阅读
truyenfull.live	unverified	reading	no NSFW labels found	non-english/Reading / Đọc
tstrs.me	unverified	download	no NSFW labels found	non-english/Downloading / 下载
tudoradio.com	unverified	video	no NSFW labels found	non-english/Streaming
tuoverse.com	unverified	reading	Cloudflare challenge, not checked	non-english/Reading / 阅读
turkce-sesdosyasi.blogspot.com	unverified	download	no NSFW labels found	non-english/Downloading / İndirme
turkcealtyazi.org	unverified	download	Cloudflare challenge, not checked	non-english/Downloading / İndirme
turkishtv.co	unverified	video	no NSFW labels found	non-english/Streaming / Стриминг
turkrutv.net	unverified	video	no NSFW labels found	non-english/Streaming / Стриминг
turserial.info	unverified	video	no NSFW labels found	non-english/Streaming / Стриминг
tuu.to	unverified	video	no NSFW labels found	non-english/Streaming
tv.jest.one	unverified	video	no NSFW labels found	video/Live TV
tv.kinohub.vip	unverified	video	no NSFW labels found	non-english/Streaming / Стриминг
tv.naver.com	unverified	video	no NSFW labels found	non-english/Streaming | video/Video Streaming
tvark.org	unverified	video	only match was a generic word ("adult" as in adult medicine/Adult Swim, or a tag echo); no NSFW evidence	video/Specialty Streaming
tvatlas.app	unverified	video	no NSFW labels found	video/Live TV
tvexplorer.live	unverified	video	no NSFW labels found	video/Live TV
tvids.me	unverified	video	Cloudflare challenge, not checked	video/Multi-Server
tvnow.st	unverified	video	no NSFW labels found	video/Live TV
tvnow247.top	unverified	video	no NSFW labels found	video/Live TV
tvradiozap.eu	unverified	video	no NSFW labels found	non-english/Streaming
tvrf.online	unverified	video	no NSFW labels found	non-english/Streaming / Стриминг
tvsboy.com	unverified	video	no NSFW labels found	video/Download Sites
tvshows.ac	unverified	video	no NSFW labels found	video/Download Sites
tvshows4mobile.org	unverified	video	no NSFW labels found	video/Download Sites
twcclassics.com	unverified	video	no NSFW labels found	video/TV Streaming
twitcasting.tv	unverified	video	no NSFW labels found	non-english/Streaming / ストリーミング
uakino-bay.biz	unverified	video	unreachable (404)	non-english/Streaming / Стрімінг
uaserials.my	unverified	video	no NSFW labels found	non-english/Streaming / Стрімінг
ubu.com	unverified	video	no NSFW labels found	video/Specialty Streaming
ufdc.ufl.edu	unverified	reading	no NSFW labels found	reading/Special Interest
undraw.co	unverified	images	no NSFW labels found	image-tools/Art / Illustrations
uniquestream.net	unverified	video	unreachable (523)	video/Dedicated-Server
unsplash.com	unverified	images	unreachable (401)	image-tools/Stock Images
usepastel.com	unverified	images	no NSFW labels found	image-tools/Art / Illustrations
utog.org	unverified	reading	no NSFW labels found	non-english/Reading / Читання
uzi.la	unverified	video	unreachable (503)	non-english/Streaming / Streamování
uzmax.net	unverified	video	no NSFW labels found	non-english/Streaming
v.qq.com	unverified	video	unreachable (000)	non-english/Streaming / 串流
v2.sportsurge.net	unverified	video	Cloudflare challenge, not checked	video/Live Sports
v2.streameast.ga	unverified	video	unreachable (429)	video/Live Sports
v5.gostreameast.link	unverified	video	no NSFW labels found	video/Live Sports
vagalume.fm	unverified	video	no NSFW labels found	non-english/Streaming
vanillo.tv	unverified	video	no NSFW labels found	video/Video Streaming
vanya-games.site	unverified	games	no NSFW labels found	gaming/Game Repacks
vaughn.live	unverified	video	no NSFW labels found	video/Stream Lounges
vaultplayer.co.uk	unverified	video	unreachable (000)	video/Stream Aggregators
vavoo.to	unverified	video	no NSFW labels found	video/Live TV
vcb-s.com	unverified	torrent	Cloudflare challenge, not checked	non-english/Torrenting / 下载种子
vdict.com	unverified	reading	no NSFW labels found	non-english/Reading / Đọc
veduca.org	unverified	video	no NSFW labels found	non-english/Streaming
vegamovies.market	unverified	download	no NSFW labels found	non-english/Downloading | video/Download Sites
vegetatv.duckdns.org	unverified	video	unreachable (000)	video/Live TV | video/Stream Aggregators
venuevault.live	unverified	video	unreachable (526)	video/Live Sports
ver-peliculas-online.org	unverified	video	unreachable (403)	non-english/Streaming / Streamear
verba.ink	unverified	ai	no NSFW labels found	ai/Roleplaying Chatbots
verpeliculasonline.org	unverified	video	unreachable (403)	non-english/Streaming / Streamear
verpeliculasultra.com	unverified	video	no NSFW labels found	non-english/Streaming / Streamear
vestroiakr.blogspot.com	unverified	video	no NSFW labels found	non-english/Streaming
vetusware.com	unverified	games	no NSFW labels found	downloading/Freeware Sites | gaming/Abandonware / Retro | system-tools/Windows ISOs
veziseriale.org	unverified	video	unreachable (000)	non-english/Streaming
vheer.com	unverified	ai	no NSFW labels found	ai/Image Generation
vhstaperepacks.com	unverified	games	no NSFW labels found	gaming/Game Repacks
vibes.ai	unverified	ai	no NSFW labels found	ai/Video Generation
vidbox.website	unverified	video	no NSFW labels found	video/Multi-Server
videa.hu	unverified	video	no NSFW labels found	video/Video Streaming
videotuts.ru	unverified	video	no NSFW labels found	non-english/Streaming / Стриминг
vidflix.live	unverified	video	unreachable (000)	video/Stream Aggregators
vidhub2.top	unverified	video	unreachable (403)	non-english/Streaming / 串流
vietjack.com	unverified	reading	no NSFW labels found	non-english/Reading / Đọc
vimeo.com	unverified	video	no NSFW labels found	video/Specialty Streaming
vimm.net	unverified	games	no NSFW labels found	gaming-tools/Git Gud | gaming/ROM Sites
vipleague.me	unverified	video	no NSFW labels found	video/Live Sports
vipotv.com	unverified	video	no NSFW labels found	video/Live TV
virgil-search.pages.dev	unverified	games	no NSFW labels found	downloading/Software Sites | gaming/Download Games | internet-tools/Custom Search Engines | mobile/Modded APKs
virgil.samidy.com	unverified	games	no NSFW labels found	beginners-guide/Gaming | beginners-guide/Windows Guide | downloading/Software Sites | gaming/Download Games | internet-tools/Custom Search Engines
virpe.cc	unverified	video	no NSFW labels found	non-english/Streaming
viu.tv	unverified	video	no NSFW labels found	non-english/Streaming / 串流
vivarium.su	unverified	video	no NSFW labels found	video/Stream Aggregators
vk.com	unverified	reading	no NSFW labels found	audio/SFX / Samples | gaming-tools/Gaming Tools | image-tools/Free Assets | non-english/Streaming / Стриминг | reading/Ebooks | reading/Special Interest
vknext.net	unverified	video	no NSFW labels found	video/Video Streaming
vkvideo.ru	unverified	video	no NSFW labels found	video/Sports Replays | video/Video Streaming
vn.bab.la	unverified	reading	Cloudflare challenge, not checked	non-english/Reading / Đọc
vndoc.com	unverified	reading	unreachable (000)	non-english/Reading / Đọc
vocal.media	unverified	reading	no NSFW labels found	reading/Fanfiction / Stories
vod.tvp.pl	unverified	video	no NSFW labels found	non-english/Streaming
voidclusters.wikidot.com	unverified	reading	unreachable (000)	reading/Fanfiction / Stories
voody-online.com	unverified	video	no NSFW labels found	non-english/Streaming
voratoon.id	unverified	reading	unreachable (000)	non-english/Reading / Membaca
voxlu.me	unverified	reading	unreachable (530)	reading/Downloading
vsthemes.org	unverified	images	unreachable (429)	gaming-tools/Steam / Epic | system-tools/Customization | system-tools/Wallpapers
vtudien.com	unverified	reading	no NSFW labels found	non-english/Reading / Đọc
w140.zona.plus	unverified	video	no NSFW labels found	non-english/Streaming / Стриминг
w2.animeko.ws	unverified	video	not resolving at the router (NXDOMAIN)	non-english/Streaming
wall.alphacoders.com	unverified	images	no NSFW labels found	system-tools/Wallpapers
wallbrowser.com	unverified	images	no NSFW labels found	system-tools/Wallpapers
wallegend.net	unverified	images	no NSFW labels found	system-tools/Wallpapers
wallpapercave.com	unverified	images	no NSFW labels found	system-tools/Wallpapers
wallpapers-clan.com	unverified	images	no NSFW labels found	mobile/Customization | system-tools/Customization | system-tools/Wallpapers
wallpaperscraft.com	unverified	images	no NSFW labels found	system-tools/Wallpapers
wallpaperwaifu.com	unverified	images	no NSFW labels found	system-tools/Wallpapers
wallscloud.net	unverified	images	no NSFW labels found	system-tools/Wallpapers
wallspic.com	unverified	images	no NSFW labels found	system-tools/Wallpapers
wallsync.pages.dev	unverified	images	not resolving at the router (SERVFAIL)	system-tools/Wallpapers
wanderers-library.wikidot.com	unverified	reading	unreachable (000)	reading/Fanfiction / Stories
warezload.net	unverified	download	no NSFW labels found	downloading/Download Sites
warezomen.com	unverified	download	no NSFW labels found	downloading/Search Sites
warflix.cv	unverified	video	no NSFW labels found	video/Multi-Server
warflix.im	unverified	video	unreachable (000)	video/Multi-Server
watch-tvseries.net	unverified	video	no NSFW labels found	video/Multi-Server
watch-wrestling.eu	unverified	video	no NSFW labels found	video/Sports Replays
watch.versusmedia.com	unverified	video	no NSFW labels found	audio/Streaming Sites | video/Stream Lounges
watchfooty.st	unverified	video	no NSFW labels found	video/Live Sports
watchprowrestling.store	unverified	video	no NSFW labels found	video/Sports Replays
watchreplay.net	unverified	video	no NSFW labels found	video/Sports Replays
watchseries.free	unverified	video	no NSFW labels found	video/Multi-Server
watchsports.st	unverified	video	unreachable (000)	video/Live Sports
watchsports.su	unverified	video	no NSFW labels found	video/Live Sports
watchsurface.stream	unverified	video	unreachable (000)	video/Stream Aggregators
watchttn.com	unverified	video	no NSFW labels found	video/Stream Lounges
watchtvs.live	unverified	video	no NSFW labels found	video/Live TV
watchwrestling.ae	unverified	video	no NSFW labels found	video/Sports Replays
waveapp.pages.dev	unverified	reading	no NSFW labels found	audio/Streaming Apps | linux-macos/Linux Audio | linux-macos/Mac Audio | mobile/YouTube Music | reading/Streaming
wawacity-info.com	unverified	download	no NSFW labels found	non-english/Downloading / Téléchargement
way2movies.live	unverified	video	Cloudflare challenge, not checked	video/Stream Aggregators
web.nxsha.app	unverified	video	no NSFW labels found	video/Stream Aggregators
web.watchargo.com	unverified	video	no NSFW labels found	video/Specialty Streaming
webarchiv.cz	unverified	reading	no NSFW labels found	non-english/Reading / Čtení
webdramaturkey2.com	unverified	video	no NSFW labels found	non-english/Streaming / İzleme
websites.umich.edu	unverified	games	Cloudflare challenge, not checked	gaming/Abandonware / Retro
weibomiaopai.com	unverified	video	no NSFW labels found	non-english/Streaming / 串流
wfty.link	unverified	video	no NSFW labels found	video/Live Sports
wholeearth.info	unverified	reading	no NSFW labels found	reading/Magazines
wiki.archiveteam.org	unverified	download	no NSFW labels found	downloading/Download Sites | internet-tools/Archive Services
wikia.schneedc.com	unverified	ai	no NSFW labels found	ai/Roleplaying Chatbots
willowmovies.com	unverified	video	no NSFW labels found	video/Download Sites
win7games.com	unverified	games	no NSFW labels found	gaming/Abandonware / Retro
witv.football	unverified	video	no NSFW labels found	non-english/Streaming
wolnelektury.pl	unverified	reading	no NSFW labels found	non-english/Reading / Czytanie
worldnews24.tv	unverified	video	no NSFW labels found	video/Live TV
wowroms.com	unverified	games	no NSFW labels found	gaming/ROM Sites
wpd.my	unverified	reading	no NSFW labels found	reading/Fanfiction / Stories
ww.sledujfilmy.io	unverified	video	unreachable (403)	non-english/Streaming / Streamování
ww1.goojara.to	unverified	video	no NSFW labels found	video/Dedicated-Server | video/Download Sites | video/TV Streaming
ww1.sportsurge.st	unverified	video	no NSFW labels found	video/Live Sports
ww1.wiflix-adresses.fun	unverified	video	no NSFW labels found	non-english/Streaming
ww1.yesmovies.ag	unverified	video	no NSFW labels found	video/Dedicated-Server
ww3.gnulahd.nu	unverified	video	unreachable (000)	non-english/Streaming / Streamear
ww3.lectulandia.co	unverified	reading	no NSFW labels found	non-english/Reading / Leer
ww3.lectulandia.com	unverified	reading	no NSFW labels found	non-english/Reading / Leer
www.0mag.net	unverified	torrent	Cloudflare challenge, not checked	torrenting/Aggregators
www.100searchengines.com	unverified	search	not resolving at the router (NXDOMAIN)	internet-tools/Search Engines
www.123freevectors.com	unverified	images	Cloudflare challenge, not checked	image-tools/Stock Images
www.1flex.org	unverified	video	no NSFW labels found	video/Multi-Server
www.1tamilblasters.tech	unverified	video	no NSFW labels found	non-english/Streaming
www.1tamilcrow.net	unverified	video	no NSFW labels found	non-english/Streaming
www.1tamilmv.lease	unverified	download	no NSFW labels found	non-english/Downloading | non-english/Streaming | non-english/Torrenting
www.24livenewspaper.com	unverified	reading	no NSFW labels found	non-english/Reading / পড়া
www.256zw.org	unverified	reading	no NSFW labels found	non-english/Reading / 阅读
www.2ix2.com	unverified	video	no NSFW labels found	non-english/Streaming
www.35ppt.com	unverified	reading	no NSFW labels found	non-english/Reading / 阅读
www.4shared.com	unverified	download	no NSFW labels found	downloading/Search Sites
www.52shuku.net	unverified	reading	no NSFW labels found	non-english/Reading / 阅读
www.69shuba.com	unverified	reading	no NSFW labels found	non-english/Reading / 阅读
www.90minutes.pro	unverified	video	no NSFW labels found	video/Live Sports | video/Live TV
www.99.media	unverified	video	unreachable (000)	non-english/Streaming
www.a-zmanga.net	unverified	reading	unreachable (503)	non-english/Reading / 読書
www.abandonware-france.org	unverified	download	no NSFW labels found	gaming/Abandonware / Retro | non-english/Downloading / Téléchargement
www.abandonware-magazines.org	unverified	download	no NSFW labels found	non-english/Downloading / Téléchargement
www.abandonware-videos.org	unverified	download	no NSFW labels found	non-english/Downloading / Téléchargement
www.abandonwaredos.com	unverified	games	no NSFW labels found	gaming/Abandonware / Retro
www.abjjad.com	unverified	reading	no NSFW labels found	non-english/Reading / القراءة
www.acfun.cn	unverified	video	no NSFW labels found	non-english/Streaming / 串流
www.adit-hd.com	unverified	download	unreachable (403)	downloading/Download Sites
www.adultswim.com	unverified	video	no NSFW labels found	misc/Interactive | video/TV Streaming
www.ageapp.app	unverified	video	unreachable (000)	non-english/Streaming / 串流
www.agedm.io	unverified	video	no NSFW labels found	non-english/Streaming / 串流
www.al-fann.net	unverified	video	no NSFW labels found	non-english/Streaming / البث
www.alarabimag.com	unverified	reading	no NSFW labels found	non-english/Reading / القراءة
www.aldiwan.net	unverified	reading	no NSFW labels found	non-english/Reading / القراءة
www.allbanglanewspaper.xyz	unverified	reading	no NSFW labels found	non-english/Reading / পড়া
www.alleng.org	unverified	reading	unreachable (000)	non-english/Reading / Чтение
www.allthebestfights.com	unverified	video	no NSFW labels found	video/Sports Replays
www.almaany.com	unverified	reading	Cloudflare challenge, not checked	non-english/Reading / القراءة
www.alphaxiv.org	unverified	ai	no NSFW labels found	ai/Specialized Chatbots | reading/Academic Papers
www.alternatehistory.com	unverified	reading	no NSFW labels found	reading/Fanfiction / Stories
www.amarboi.com	unverified	reading	no NSFW labels found	non-english/Reading / পড়া
www.amarbooks.org	unverified	reading	no NSFW labels found	non-english/Reading / পড়া
www.anarchistfaq.org	unverified	reading	no NSFW labels found	reading/Special Interest
www.animechiby.com	unverified	anime	unreachable (000)	video/Anime Downloading
www.animeil-tv.com	unverified	video	unreachable (000)	non-english/Streaming / הזרמה
www.animesaturn.me	unverified	video	no NSFW labels found	non-english/Streaming
www.animeworlditalia.com	unverified	video	no NSFW labels found	non-english/Streaming
www.animezone.pl	unverified	video	Cloudflare challenge, not checked	non-english/Streaming
www.antena1.com.br	unverified	video	no NSFW labels found	non-english/Streaming
www.arabic-toons.com	unverified	video	no NSFW labels found	non-english/Streaming / البث
www.archivepdf.net	unverified	reading	no NSFW labels found	misc/Fashion / Clothing | reading/Magazines
www.arcoiris.tv	unverified	video	no NSFW labels found	non-english/Streaming
www.ardmediathek.de	unverified	video	no NSFW labels found	non-english/Streaming
www.area-documental.com	unverified	video	no NSFW labels found	non-english/Streaming / Streamear
www.arfonts.net	unverified	download	no NSFW labels found	non-english/Downloading / تحميل
www.arlima.net	unverified	reading	no NSFW labels found	non-english/Reading / Lecture
www.artehqs.com.br	unverified	reading	unreachable (000)	non-english/Reading / Leitura
www.artfol.app	unverified	images	no NSFW labels found	image-tools/Art / Illustrations
www.artstation.com	unverified	images	unreachable (403)	image-tools/Art / Illustrations
www.asiancrush.com	unverified	video	no NSFW labels found	video/Drama Streaming
www.asianfanfics.com	unverified	reading	no NSFW labels found	reading/Fanfiction / Stories
www.asianhobbyist.com	unverified	reading	no NSFW labels found	reading/Light Novels
www.atarimagazines.com	unverified	reading	unreachable (000)	reading/Magazines
www.atarimania.com	unverified	games	no NSFW labels found	gaming/ROM Sites
www.atmadharma.com	unverified	reading	no NSFW labels found	non-english/Reading | reading/Dharmic
www.audiocite.net	unverified	reading	no NSFW labels found	non-english/Reading / Lecture
www.auto-brochures.com	unverified	reading	no NSFW labels found	reading/Special Interest
www.axekin.com	unverified	games	no NSFW labels found	beginners-guide/Gaming | gaming/ROM Sites
www.b98.tv	unverified	video	no NSFW labels found	video/Cartoon Streaming
www.baixelivros.com.br	unverified	reading	Cloudflare challenge, not checked	non-english/Reading / Leitura
www.banglabook.org	unverified	reading	no NSFW labels found	non-english/Reading / পড়া
www.banglabooks.in	unverified	reading	no NSFW labels found	non-english/Reading / পড়া
www.banglabookshelf.com	unverified	reading	no NSFW labels found	non-english/Reading / পড়া
www.bbc.co.uk	unverified	video	no NSFW labels found	audio/Ambient / Relaxation | audio/Music Discovery | audio/Podcast Streaming | educational/English | video/Free w/ Ads
www.biblioteca-antologica.org	unverified	reading	no NSFW labels found	non-english/Reading / Leer
www.bimiacg14.net	unverified	video	unreachable (403)	non-english/Streaming / 串流
www.bing.com	unverified	ai	no NSFW labels found	ai/Image Generation | internet-tools/Search Engines | misc/Navigation / Transport | non-english/Chinese / 华语
www.bintv.cc	unverified	video	no NSFW labels found	video/Live Sports
www.bintv.link	unverified	video	no NSFW labels found	video/Live Sports
www.bionus.org	unverified	images	no NSFW labels found	image-tools/Art / Illustrations
www.bixiange.top	unverified	reading	no NSFW labels found	non-english/Light Novels
www.blockposters.com	unverified	images	no NSFW labels found	image-tools/Download Images
www.blueroms.ws	unverified	games	no NSFW labels found	gaming/ROM Sites
www.bohrium.com	unverified	ai	unreachable (405)	ai/Specialized Chatbots
www.boierthikana.com	unverified	reading	no NSFW labels found	non-english/Reading / পড়া
www.bollyzone.to	unverified	video	no NSFW labels found	non-english/Streaming
www.booksie.com	unverified	reading	no NSFW labels found	reading/Fanfiction / Stories
www.brokensilenze.net	unverified	video	no NSFW labels found	video/TV Streaming
www.bussolaescolar.com.br	unverified	reading	unreachable (000)	non-english/Reading / Leitura
www.calypsoceviri.com	unverified	download	no NSFW labels found	non-english/Downloading / İndirme
www.canlidizi14.com	unverified	video	no NSFW labels found	non-english/Streaming / İzleme
www.canlitv.me	unverified	video	no NSFW labels found	non-english/Streaming / İzleme
www.catatannusantara.com	unverified	reading	no NSFW labels found	non-english/Reading / Membaca
www.cbeta.org	unverified	reading	no NSFW labels found	non-english/Reading / 阅读
www.ccamc.co	unverified	reading	unreachable (000)	non-english/Reading / 阅读
www.cdc.gov	unverified	other	unreachable (403)	misc/Physical Health
www.cdisplayex.com	unverified	reading	no NSFW labels found	reading/Comics
www.cervantesvirtual.com	unverified	reading	unreachable (403)	non-english/Reading / Leer
www.ceskatelevize.cz	unverified	video	no NSFW labels found	non-english/Streaming / Streamování
www.cgwmuseum.org	unverified	reading	no NSFW labels found	reading/Magazines
www.cia.gov	unverified	reading	no NSFW labels found	reading/Documents / Articles
www.cinelibreonline.com	unverified	video	no NSFW labels found	non-english/Streaming / Streamear
www.cinemargentino.com	unverified	video	no NSFW labels found	non-english/Streaming / Streamear
www.cinematheque-bretagne.bzh	unverified	video	unreachable (000)	non-english/Streaming
www.cinematheque.fr	unverified	video	not resolving at the router (SERVFAIL)	video/Film Archives
www.classicshorts.com	unverified	reading	no NSFW labels found	reading/Fanfiction / Stories
www.consoleroms.com	unverified	games	no NSFW labels found	gaming/ROM Sites
www.constituteproject.org	unverified	reading	no NSFW labels found	reading/Documents / Articles
www.cool-etv.net	unverified	video	no NSFW labels found	non-english/Streaming
www.courtlistener.com	unverified	reading	unreachable (429)	reading/Documents / Articles
www.cplx.app	unverified	ai	no NSFW labels found	ai/Specialized Chatbots
www.csfd.cz	unverified	video	no NSFW labels found	non-english/Streaming / Streamování
www.culturaacademica.com.br	unverified	reading	no NSFW labels found	non-english/Reading / Leitura
www.cursoemvideo.com	unverified	video	Cloudflare challenge, not checked	non-english/Streaming
www.cxradio.com.br	unverified	video	unreachable (000)	non-english/Streaming
www.cxtv.com.br	unverified	video	no NSFW labels found	non-english/Streaming
www.cxtvlive.com	unverified	video	no NSFW labels found	video/Live TV
www.dailymotion.com	unverified	video	no NSFW labels found	video/Video Streaming
www.databazeknih.cz	unverified	reading	no NSFW labels found	non-english/Reading / Čtení
www.dctp.tv	unverified	video	no NSFW labels found	non-english/Streaming
www.ddizi.im	unverified	video	no NSFW labels found	non-english/Streaming / İzleme
www.ddlspot.com	unverified	download	no NSFW labels found	downloading/Search Sites
www.deafvideo.tv	unverified	video	no NSFW labels found	educational/Sign Languages | video/Video Streaming
www.desi-serials.to	unverified	video	no NSFW labels found	non-english/Streaming
www.designarena.ai	unverified	ai	no NSFW labels found	ai/Image Generation | ai/Specialized Benchmarks | ai/Video Generation | developer-tools/AI Web Coding
www.desitv.to	unverified	video	no NSFW labels found	non-english/Streaming
www.desktophut.com	unverified	images	no NSFW labels found	system-tools/Wallpapers
www.deutschelyrik.de	unverified	reading	no NSFW labels found	non-english/Reading / Lesen
www.dio.me	unverified	video	no NSFW labels found	non-english/Streaming
www.divxclasico.com	unverified	download	Cloudflare challenge, not checked	non-english/Downloading / Descargar
www.diycraftsguide.com	unverified	video	no NSFW labels found	non-english/Streaming / پخش
www.dizibox.live	unverified	video	no NSFW labels found	non-english/Streaming / İzleme
www.diziizle.now	unverified	video	no NSFW labels found	non-english/Streaming / İzleme
www.diziyou.one	unverified	video	unreachable (403)	non-english/Streaming / İzleme
www.docsgpt.cloud	unverified	ai	no NSFW labels found	ai/Specialized Chatbots
www.documaniatv.com	unverified	video	unreachable (403)	non-english/Streaming / Streamear
www.dohadictionary.org	unverified	reading	no NSFW labels found	non-english/Reading / القراءة
www.dokonlin.online	unverified	video	no NSFW labels found	non-english/Streaming / Стриминг
www.doshaven.eu	unverified	games	no NSFW labels found	developer-tools/Game Dev Tools | gaming/Abandonware / Retro
www.downloads-anymovies.co	unverified	video	no NSFW labels found	video/Dedicated-Server | video/Download Sites
www.downturk.net	unverified	download	no NSFW labels found	downloading/Download Sites
www.dozaanimata.net	unverified	video	no NSFW labels found	non-english/Streaming
www.dpgroup.org	unverified	reading	Cloudflare challenge, not checked	reading/Ebooks
www.drawkit.com	unverified	images	no NSFW labels found	image-tools/Art / Illustrations
www.dualmonitorbackgrounds.com	unverified	images	no NSFW labels found	system-tools/Wallpapers
www.dulourd.boo	unverified	video	Cloudflare challenge, not checked	non-english/Streaming
www.dwds.de	unverified	reading	no NSFW labels found	non-english/Reading / Lesen
www.e-ir.org	unverified	reading	no NSFW labels found	reading/Documents / Articles
www.e-publishing.af.mil	unverified	reading	unreachable (403)	reading/Documents / Articles
www.e-radio.gr	unverified	video	no NSFW labels found	non-english/Streaming
www.ebanglalibrary.com	unverified	reading	no NSFW labels found	non-english/Reading / পড়া
www.ebook-land.cc	unverified	reading	no NSFW labels found	non-english/Reading / Lesen
www.ebookhunter.net	unverified	reading	no NSFW labels found	reading/Special Interest
www.eggnog.ai	unverified	ai	no NSFW labels found	ai/Video Generation | educational/History | gaming/GeoGuessr
www.ehistory.go.kr	unverified	video	no NSFW labels found	non-english/Streaming
www.eldritchdark.com	unverified	reading	unreachable (000)	reading/Special Interest
www.elejandria.com	unverified	reading	no NSFW labels found	non-english/Reading / Leer
www.elitetorrent.com	unverified	torrent	unreachable (000)	non-english/Torrenting / Torrentear
www.ellibrototal.com	unverified	reading	no NSFW labels found	non-english/Reading / Leer
www.eltube.gr	unverified	video	no NSFW labels found	non-english/Streaming
www.emu-land.net	unverified	games	no NSFW labels found	gaming/ROM Sites
www.emuparadise.me	unverified	games	no NSFW labels found	gaming/ROM Sites
www.emurom.net	unverified	download	no NSFW labels found	non-english/Downloading / Téléchargement
www.epforums.org	unverified	games	Cloudflare challenge, not checked	gaming/ROM Sites
www.epub.pub	unverified	reading	no NSFW labels found	reading/Special Interest
www.epublibre.org	unverified	reading	no NSFW labels found	non-english/Reading / Leer
www.ertflix.gr	unverified	video	no NSFW labels found	non-english/Streaming
www.escolavirtual.gov.br	unverified	video	no NSFW labels found	non-english/Streaming
www.escritas.org	unverified	reading	no NSFW labels found	non-english/Reading / Leitura
www.etrdream.com	unverified	download	no NSFW labels found	non-english/Downloading / تحميل
www.eventoshq.me	unverified	video	no NSFW labels found	non-english/Streaming / Streamear
www.everypixel.com	unverified	images	no NSFW labels found	image-tools/Stock Images
www.explainxkcd.com	unverified	reading	no NSFW labels found	reading/Comics
www.extreme-down.press	unverified	download	no NSFW labels found	non-english/Downloading / Téléchargement
www.exvagos.org	unverified	download	unreachable (503)	non-english/Downloading / Descargar
www.eyedex.org	unverified	download	no NSFW labels found	downloading/Download Directories
www.facebook.com	unverified	reading	unreachable (400)	educational/Rocketry | non-english/Reading / Đọc | non-english/Vietnamese / Tiếng Việt | reading/Educational Books
www.faneo.es	unverified	reading	no NSFW labels found	non-english/Reading / Leer
www.fanfiction.net	unverified	reading	Cloudflare challenge, not checked	reading/Fanfiction / Stories
www.fasel-hd.co	unverified	video	Cloudflare challenge, not checked	non-english/Streaming / البث
www.fawanews.sc	unverified	video	unreachable (000)	video/Live Sports
www.fctv33hd.uno	unverified	video	no NSFW labels found	video/Live Sports
www.feiku6.com	unverified	download	no NSFW labels found	non-english/Downloading / 下载
www.fictionpress.com	unverified	reading	Cloudflare challenge, not checked	reading/Fanfiction / Stories
www.file-hunter.com	unverified	games	no NSFW labels found	gaming/Abandonware / Retro | gaming/Retro Browser Emulators
www.filmepealese.com	unverified	download	no NSFW labels found	non-english/Downloading
www.filmgo.live	unverified	video	no NSFW labels found	video/Download Sites
www.filmweb.pl	unverified	video	no NSFW labels found	non-english/Streaming
www.fimfiction.net	unverified	reading	Cloudflare challenge, not checked	reading/Fanfiction / Stories
www.flickr.com	unverified	images	no NSFW labels found	educational/Astronomy | educational/Space | image-tools/Stock Images | misc/Maps
www.fluxradios.com	unverified	video	no NSFW labels found	non-english/Streaming
www.foodiesfeed.com	unverified	images	no NSFW labels found	image-tools/Stock Images
www.footballorgin.com	unverified	video	unreachable (000)	video/Sports Replays
www.footreplays.com	unverified	video	no NSFW labels found	video/Sports Replays
www.footyrenders.com	unverified	images	no NSFW labels found	image-tools/Download Images
www.freeclassicaudiobooks.com	unverified	reading	no NSFW labels found	reading/Downloading
www.freedosgames.de	unverified	games	no NSFW labels found	gaming/Abandonware / Retro
www.freeintertv.com	unverified	video	unreachable (000)	video/Multi-Server
www.freesfonline.net	unverified	reading	no NSFW labels found	reading/Special Interest
www.freetogame.com	unverified	games	no NSFW labels found	gaming/Download Games | misc/Free Games
www.freevector.com	unverified	images	no NSFW labels found	image-tools/Stock Images
www.freevectors.net	unverified	images	no NSFW labels found	image-tools/Stock Images
www.fuegocine.com	unverified	video	no NSFW labels found	non-english/Streaming / Streamear
www.fullhdfilmizlesene.now	unverified	video	no NSFW labels found	non-english/Streaming / İzleme
www.funniermoments.net	unverified	video	no NSFW labels found	video/Cartoon Streaming
www.futbol-x.sryze.cc	unverified	video	unreachable (000)	video/Live Sports
www.futbol-x.top	unverified	video	no NSFW labels found	video/Live Sports
www.futbol-x.xyz	unverified	video	no NSFW labels found	video/Live Sports
www.geokniga.org	unverified	reading	no NSFW labels found	non-english/Reading / Чтение
www.ghibli.jp	unverified	images	no NSFW labels found	system-tools/Wallpapers
www.gingadaddy.com	unverified	download	no NSFW labels found	downloading/Indexers
www.gizmoplex.com	unverified	video	unreachable (000)	video/Specialty Streaming
www.globalfreetv.com	unverified	video	no NSFW labels found	video/Live TV
www.gocomics.com	unverified	reading	no NSFW labels found	reading/Comics
www.gokuhd.com	unverified	download	no NSFW labels found	non-english/Downloading
www.gonvisor.com	unverified	reading	no NSFW labels found	reading/Comics
www.goodtoon003.com	unverified	reading	no NSFW labels found	non-english/Reading
www.grupa-mirai.pl	unverified	download	unreachable (403)	non-english/Downloading / Pobieranie | non-english/Streaming | non-english/Torrenting / Torrentowanie
www.guoxue.com	unverified	reading	unreachable (000)	non-english/Reading / 阅读
www.gutenberg.org	unverified	reading	no NSFW labels found	reading/Public Domain | reading/Streaming
www.hangarceviri.com	unverified	download	no NSFW labels found	non-english/Downloading / İndirme
www.hcmut-courseware.org	unverified	video	no NSFW labels found	non-english/Streaming / Phát trực tuyến
www.hindawi.org	unverified	reading	no NSFW labels found	non-english/Reading / القراءة
www.hippopx.com	unverified	images	Cloudflare challenge, not checked	image-tools/Stock Images
www.hoerspielprojekt.de	unverified	video	no NSFW labels found	non-english/Streaming
www.homemovies100.it	unverified	video	no NSFW labels found	video/Specialty Streaming
www.homepower.com	unverified	reading	no NSFW labels found	reading/Magazines
www.humaaans.com	unverified	images	no NSFW labels found	image-tools/Art / Illustrations
www.huya.com	unverified	video	no NSFW labels found	non-english/Streaming / 串流
www.icourse163.org	unverified	download	no NSFW labels found	non-english/Downloading / 下载
www.iitk.ac.in	unverified	download	no NSFW labels found	downloading/Usenet
www.imagebam.com	unverified	images	no NSFW labels found	image-tools/Image Hosts
www.imagevenue.com	unverified	images	no NSFW labels found	image-tools/Image Hosts
www.imvbox.com	unverified	video	no NSFW labels found	non-english/Streaming / پخش
www.ipersphera.com	unverified	download	Cloudflare challenge, not checked	non-english/Downloading / Scaricare
www.iramanusantara.org	unverified	video	no NSFW labels found	audio/Specialty Streaming | non-english/Streaming / Menyiarkan
www.ivanime.com	unverified	download	Cloudflare challenge, not checked	non-english/Downloading / Descargar
www.ixigua.com	unverified	video	no NSFW labels found	non-english/Streaming / 串流
www.izicomics.com	unverified	reading	no NSFW labels found	non-english/Reading / Leer
www.jiosaavn.com	unverified	video	no NSFW labels found	audio/Streaming Sites | non-english/Streaming
www.joj.sk	unverified	video	no NSFW labels found	non-english/Streaming
www.jornaisbrasileiros.net.br	unverified	reading	no NSFW labels found	non-english/Reading / Leitura
www.jornaiserevistas.com	unverified	reading	no NSFW labels found	non-english/Reading / Leitura
www.joypixels.com	unverified	images	unreachable (000)	image-tools/Download Images
www.jpopsingles.eu	unverified	download	no NSFW labels found	non-english/Downloading / ダウンロード
www.kagakueizo.org	unverified	video	no NSFW labels found	non-english/Streaming / ストリーミング
www.kaitovault.com	unverified	video	no NSFW labels found	video/Multi-Server
www.kanunu8.com	unverified	reading	no NSFW labels found	non-english/Light Novels
www.kboingfm.com.br	unverified	video	no NSFW labels found	non-english/Streaming
www.kiboanime.app	unverified	video	no NSFW labels found	non-english/Streaming
www.kidraz.com	unverified	video	no NSFW labels found	non-english/Streaming
www.kindlebangla.com	unverified	reading	no NSFW labels found	non-english/Reading / পড়া
www.klikxxi.com	unverified	video	no NSFW labels found	non-english/Streaming / Menyiarkan
www.klyingshi4.com	unverified	video	unreachable (000)	non-english/Streaming / 串流
www.kordoz.com	unverified	video	no NSFW labels found	non-english/Streaming
www.latabernadelcangrejo.eu	unverified	download	no NSFW labels found	non-english/Downloading / Descargar
www.latinomegahd.net	unverified	download	no NSFW labels found	non-english/Downloading / Descargar
www.learnoutloud.com	unverified	reading	unreachable (000)	reading/Downloading
www.lecinemaclub.com	unverified	video	no NSFW labels found	video/Specialty Streaming
www.legendsworld.net	unverified	games	Cloudflare challenge, not checked	gaming/Abandonware / Retro
www.li-ma.nl	unverified	video	no NSFW labels found	video/Specialty Streaming
www.liberatedmanuals.com	unverified	reading	no NSFW labels found	reading/Documents / Articles
www.libraryofshortstories.com	unverified	reading	no NSFW labels found	reading/Fanfiction / Stories
www.litteratureaudio.com	unverified	reading	no NSFW labels found	non-english/Reading / Lecture
www.livestream.ad	unverified	video	no NSFW labels found	non-english/Streaming | non-english/Streaming / Стриминг
www.lonnrot.net	unverified	reading	no NSFW labels found	non-english/Reading / Lukeminen
www.loras.dev	unverified	ai	no NSFW labels found	ai/Image Generation
www.lummi.ai	unverified	images	no NSFW labels found	image-tools/Stock Images
www.luso-poemas.net	unverified	reading	no NSFW labels found	non-english/Reading / Leitura
www.lycos.com	unverified	search	not resolving at the router (NXDOMAIN)	internet-tools/Search Engines
www.magzter.com	unverified	reading	unreachable (403)	reading/Magazines
www.manga-zone.org	unverified	reading	no NSFW labels found	non-english/Reading / 読書
www.mangabox.me	unverified	reading	no NSFW labels found	non-english/Reading / 読書
www.manualpdf.es	unverified	reading	no NSFW labels found	non-english/Reading / Leer
www.manypixels.co	unverified	images	no NSFW labels found	image-tools/Art / Illustrations
www.marines.mil	unverified	reading	unreachable (403)	reading/Documents / Articles
www.markiza.sk	unverified	video	Cloudflare challenge, not checked	non-english/Streaming
www.marxists.org	unverified	reading	no NSFW labels found	reading/Special Interest
www.mcpsp.com	unverified	download	no NSFW labels found	non-english/Downloading / İndirme
www.mdpi.com	unverified	reading	unreachable (403)	reading/Documents / Articles
www.mega1080.com	unverified	download	no NSFW labels found	non-english/Downloading / Descargar
www.megacartoons.net	unverified	video	no NSFW labels found	video/Cartoon Streaming
www.meta.ai	unverified	ai	unreachable (403)	ai/Image Generation | ai/Official Model Sites
www.mirandopeliculas.com	unverified	download	Cloudflare challenge, not checked	non-english/Downloading / Descargar
www.missevan.com	unverified	video	no NSFW labels found	non-english/Streaming / 串流
www.mmnt.net	unverified	download	unreachable (000)	downloading/Download Directories
www.mmnt.ru	unverified	download	no NSFW labels found	downloading/Download Directories | non-english/Reading / Чтение
www.mojeek.com	unverified	search	not resolving at the router (NXDOMAIN)	privacy/Search Engines
www.mojevideo.sk	unverified	video	no NSFW labels found	non-english/Streaming
www.molotov.tv	unverified	video	unreachable (000)	non-english/Streaming
www.mp3indirdur.com.tr	unverified	download	no NSFW labels found	non-english/Downloading / İndirme
www.msx.org	unverified	games	no NSFW labels found	gaming/Abandonware / Retro
www.mundoubuntu.com.br	unverified	download	Cloudflare challenge, not checked	non-english/Downloading / Baixar
www.music.com.bd	unverified	download	no NSFW labels found	non-english/Downloading / ডাউনলোডিং
www.mxplayer.in	unverified	video	no NSFW labels found	non-english/Streaming
www.myabandonware.com	unverified	games	no NSFW labels found	gaming/Abandonware / Retro
www.myanonamouse.net	unverified	reading	no NSFW labels found	reading/Downloading | reading/Ebooks
www.mycomics.de	unverified	reading	no NSFW labels found	non-english/Reading / Lesen
www.naijavault.com	unverified	video	no NSFW labels found	video/Download Sites
www.najserialy.io	unverified	video	Cloudflare challenge, not checked	non-english/Streaming / Streamování
www.naranjasdehiroshima.com	unverified	video	no NSFW labels found	non-english/Streaming / Streamear
www.nationalacademies.org	unverified	reading	no NSFW labels found	reading/Documents / Articles
www.netmovies.com.br	unverified	video	unreachable (000)	non-english/Streaming
www.newznab.com	unverified	download	no NSFW labels found	downloading/Indexers
www.nextgenroms.com	unverified	games	Cloudflare challenge, not checked	gaming/ROM Sites
www.nhlbi.nih.gov	unverified	other	no NSFW labels found	misc/Physical Health
www.noor-book.com	unverified	reading	only match was a generic word ("adult" as in adult medicine/Adult Swim, or a tag echo); no NSFW evidence	non-english/Reading / القراءة
www.novels.pl	unverified	reading	no NSFW labels found	reading/Light Novels
www.novels108.com	unverified	reading	Cloudflare challenge, not checked	non-english/Reading / อ่าน
www.nzbindex.com	unverified	download	no NSFW labels found	downloading/Indexers
www.nzbindex.nl	unverified	download	no NSFW labels found	downloading/Indexers
www.nzdf.mil.nz	unverified	reading	no NSFW labels found	reading/Documents / Articles
www.old-games.com	unverified	games	no NSFW labels found	gaming/Abandonware / Retro
www.old-games.ru	unverified	games	no NSFW labels found	gaming/Abandonware / Retro
www.oldbookillustrations.com	unverified	images	no NSFW labels found	image-tools/Art / Illustrations
www.olhosnatv.com.br	unverified	video	unreachable (000)	non-english/Streaming
www.omofuns.com	unverified	video	no NSFW labels found	non-english/Streaming / 串流
www.ondemandchina.com	unverified	video	no NSFW labels found	video/Drama Streaming
www.ondemandkorea.com	unverified	video	no NSFW labels found	non-english/Streaming
www.onlinefmradio.in	unverified	video	no NSFW labels found	non-english/Streaming
www.onyx.app	unverified	ai	no NSFW labels found	ai/Specialized Chatbots
www.orionsarm.com	unverified	reading	no NSFW labels found	reading/Fanfiction / Stories
www.outofprintarchive.com	unverified	reading	no NSFW labels found	reading/Magazines
www.ovagames.com	unverified	games	no NSFW labels found	gaming/Download Games
www.owlook.com.cn	unverified	reading	not resolving at the router (NXDOMAIN)	non-english/Reading / 阅读
www.oyez.org	unverified	reading	no NSFW labels found	reading/Documents / Articles
www.palcomp3.com.br	unverified	video	unreachable (403)	non-english/Streaming
www.panix.com	unverified	video	no NSFW labels found	video/Specialty Streaming
www.papalencyclicals.net	unverified	reading	no NSFW labels found	reading/Documents / Articles
www.papodegordo.com.br	unverified	video	only match was a generic word ("adult" as in adult medicine/Adult Swim, or a tag echo); no NSFW evidence	non-english/Streaming
www.parliament.uk	unverified	reading	Cloudflare challenge, not checked	reading/Documents / Articles
www.parsatv.com	unverified	video	no NSFW labels found	non-english/Streaming / پخش
www.peliculasgd.net	unverified	download	no NSFW labels found	non-english/Downloading / Descargar
www.pensarcursos.com.br	unverified	video	no NSFW labels found	non-english/Streaming
www.perplexity.ai	unverified	ai	Cloudflare challenge, not checked	ai/Specialized Chatbots
www.pexels.com	unverified	images	Cloudflare challenge, not checked	image-tools/Stock Images | video-tools/Stock Videos
www.phylopic.org	unverified	images	no NSFW labels found	image-tools/Stock Images
www.piaotia.com	unverified	reading	Cloudflare challenge, not checked	non-english/Reading / 阅读
www.pidgi.net	unverified	images	no NSFW labels found	image-tools/Art / Illustrations
www.pirate-punk.net	unverified	download	Cloudflare challenge, not checked	non-english/Downloading / Téléchargement
www.potionsandsnitches.org	unverified	reading	no NSFW labels found	reading/Fanfiction / Stories
www.pouet.net	unverified	download	no NSFW labels found	downloading/Download Directories
www.presidency.ucsb.edu	unverified	reading	no NSFW labels found	reading/Documents / Articles
www.primecursos.com.br	unverified	video	no NSFW labels found	non-english/Streaming
www.programmes-radio.com	unverified	video	no NSFW labels found	non-english/Streaming
www.projectaon.org	unverified	reading	no NSFW labels found	reading/Special Interest
www.projekt-gutenberg.org	unverified	reading	no NSFW labels found	non-english/Reading / Lesen
www.proquest.com	unverified	reading	no NSFW labels found	reading/Documents / Articles
www.psdgraphics.com	unverified	images	no NSFW labels found	image-tools/Download Images
www.publicdomaintorrents.info	unverified	video	no NSFW labels found	video/Torrent Sites
www.pulpmags.org	unverified	reading	no NSFW labels found	reading/Fanfiction / Stories
www.qinkan.net	unverified	reading	no NSFW labels found	non-english/Light Novels
www.qiufengshuwu.com	unverified	reading	no NSFW labels found	non-english/Reading / 阅读
www.quanxue.cn	unverified	reading	no NSFW labels found	non-english/Reading / 阅读
www.quotev.com	unverified	reading	no NSFW labels found	reading/Fanfiction / Stories
www.radio-polska.pl	unverified	video	no NSFW labels found	non-english/Streaming
www.radio.pt	unverified	video	no NSFW labels found	non-english/Streaming
www.radiorock.com.br	unverified	video	no NSFW labels found	non-english/Streaming
www.radios.com.br	unverified	video	no NSFW labels found	non-english/Streaming
www.radioshackcatalogs.com	unverified	reading	no NSFW labels found	reading/Magazines
www.raiplay.it	unverified	video	no NSFW labels found	non-english/Streaming
www.raiplaysound.it	unverified	video	no NSFW labels found	non-english/Streaming
www.rakuten.tv	unverified	video	no NSFW labels found	non-english/Streaming
www.raredoramas.com	unverified	video	no NSFW labels found	video/Specialty Downloading
www.rebeldemule.org	unverified	download	no NSFW labels found	non-english/Downloading / Descargar
www.recantodasletras.com.br	unverified	reading	no NSFW labels found	non-english/Reading / Leitura
www.recraft.ai	unverified	ai	no NSFW labels found	ai/Image Generation
www.redbull.tv	unverified	video	no NSFW labels found	video/TV Streaming
www.retinalatina.org	unverified	video	no NSFW labels found	non-english/Streaming / Streamear
www.retro-exo.com	unverified	games	no NSFW labels found	gaming/Abandonware / Retro
www.retrogamechampion.com	unverified	games	no NSFW labels found	gaming/ROM Sites
www.retromags.com	unverified	reading	Cloudflare challenge, not checked	reading/Magazines
www.retrostic.com	unverified	games	no NSFW labels found	gaming/ROM Sites
www.revista-programar.info	unverified	reading	no NSFW labels found	non-english/Reading / Leitura
www.robots.ox.ac.uk	unverified	images	no NSFW labels found	image-tools/Image Search Engines
www.romhack.ing	unverified	games	no NSFW labels found	gaming/ROM Sites
www.romhacking.net	unverified	games	unreachable (403)	gaming/ROM Resources | gaming/ROM Sites
www.roms.by	unverified	games	no NSFW labels found	gaming/ROM Sites
www.romsgames.net	unverified	games	no NSFW labels found	gaming/ROM Sites
www.romspack.com	unverified	games	no NSFW labels found	gaming/ROM Sites
www.romspedia.com	unverified	games	unreachable (000)	gaming/ROM Sites
www.rts.ch	unverified	video	no NSFW labels found	non-english/Streaming
www.rtvs.sk	unverified	video	no NSFW labels found	non-english/Streaming
www.russian-records.com	unverified	video	no NSFW labels found	audio/Specialty Streaming | non-english/Streaming / Стриминг
www.sachhayonline.com	unverified	reading	no NSFW labels found	non-english/Reading / Đọc
www.sagen.at	unverified	reading	no NSFW labels found	non-english/Reading / Lesen
www.sastra.org	unverified	reading	no NSFW labels found	non-english/Reading / Membaca
www.scenesource.me	unverified	download	Cloudflare challenge, not checked	downloading/Download Sites
www.scnsrc.me	unverified	download	Cloudflare challenge, not checked	downloading/Download Sites
www.secretcanada.com	unverified	reading	no NSFW labels found	reading/Documents / Articles
www.sesame.com	unverified	ai	no NSFW labels found	ai/Roleplaying Chatbots
www.sherwoodforestzinelibrary.org	unverified	reading	no NSFW labels found	reading/Special Interest
www.shopify.com	unverified	images	no NSFW labels found	image-tools/Stock Images
www.shortoftheweek.com	unverified	video	no NSFW labels found	video/Specialty Streaming
www.shortverse.com	unverified	video	no NSFW labels found	video/Specialty Streaming
www.showbox.media	unverified	video	no NSFW labels found	video/Dedicated-Server | video/Download Sites
www.shufazidian.com	unverified	reading	no NSFW labels found	non-english/Reading / 阅读
www.shuge.org	unverified	reading	no NSFW labels found	non-english/Reading / 阅读
www.si.edu	unverified	images	unreachable (403)	image-tools/Stock Images
www.skillscommons.org	unverified	reading	unreachable (000)	reading/Documents / Articles
www.skyey2.com	unverified	torrent	unreachable (000)	non-english/Torrenting / 下载种子
www.skynovels.net	unverified	reading	no NSFW labels found	non-english/Reading / Leer
www.sledujteto.cz	unverified	video	no NSFW labels found	non-english/Streaming / Streamování
www.slumberland.it	unverified	reading	no NSFW labels found	non-english/Reading / Leggere
www.solidaritycinema.com	unverified	video	no NSFW labels found	video/Download Sites
www.sport-video.org.ua	unverified	video	no NSFW labels found	video/Sports Replays
www.squidtv.net	unverified	video	no NSFW labels found	video/Live TV
www.srf.ch	unverified	video	no NSFW labels found	non-english/Streaming
www.stardima.com	unverified	download	no NSFW labels found	non-english/Downloading / تحميل
www.stevvgame.com	unverified	games	no NSFW labels found	gaming/Game Repacks
www.stickpng.com	unverified	images	no NSFW labels found	image-tools/Stock Images
www.storynory.com	unverified	reading	no NSFW labels found	reading/Downloading
www.storywhale.com	unverified	reading	no NSFW labels found	reading/Special Interest
www.streameast.cf	unverified	video	unreachable (429)	video/Live Sports
www.streameast.ch	unverified	video	unreachable (429)	video/Live Sports
www.streameast.fi	unverified	video	unreachable (429)	video/Live Sports
www.stumpapp.dev	unverified	reading	no NSFW labels found	reading/Comics
www.subs4free.club	unverified	video	no NSFW labels found	non-english/Streaming
www.subs4series.com	unverified	video	no NSFW labels found	non-english/Streaming
www.supercartoons.net	unverified	video	no NSFW labels found	video/Cartoon Streaming
www.svtplay.se	unverified	video	no NSFW labels found	non-english/Streaming
www.tangos78rpm.com	unverified	video	no NSFW labels found	non-english/Streaming / Streamear
www.tdtchannels.com	unverified	video	no NSFW labels found	non-english/Streaming / Streamear
www.tehparadox.net	unverified	download	Cloudflare challenge, not checked	downloading/Download Sites
www.telequebec.tv	unverified	video	no NSFW labels found	non-english/Streaming
www.textos.info	unverified	reading	no NSFW labels found	non-english/Reading / Leer
www.tf1.fr	unverified	video	unreachable (403)	non-english/Streaming
www.tfo.org	unverified	video	no NSFW labels found	non-english/Streaming
www.thefreelibrary.com	unverified	reading	Cloudflare challenge, not checked	reading/Documents / Articles
www.theoldcomputer.com	unverified	games	no NSFW labels found	gaming/ROM Sites
www.theses.fr	unverified	reading	no NSFW labels found	non-english/Reading / Lecture
www.thivien.net	unverified	reading	no NSFW labels found	non-english/Reading / Đọc
www.todaytvseries1.com	unverified	video	no NSFW labels found	video/Download Sites
www.tododvdfull.com	unverified	download	no NSFW labels found	non-english/Downloading / Descargar
www.toggo.de	unverified	video	no NSFW labels found	non-english/Streaming
www.toonshub.my.id	unverified	download	no NSFW labels found	non-english/Downloading
www.toontales.net	unverified	video	no NSFW labels found	video/Cartoon Streaming
www.tryspellbound.com	unverified	ai	no NSFW labels found	ai/Roleplaying Chatbots
www.tsf.pt	unverified	video	no NSFW labels found	non-english/Streaming
www.ttkan.co	unverified	reading	unreachable (403)	non-english/Reading / 阅读
www.tubepelis.com	unverified	video	no NSFW labels found	non-english/Streaming / Streamear
www.tupi.fm	unverified	video	no NSFW labels found	non-english/Streaming
www.turboimagehost.com	unverified	images	no NSFW labels found	image-tools/Online Galleries
www.turkcesesindir.com	unverified	download	Cloudflare challenge, not checked	non-english/Downloading / İndirme
www.turkishaudiocenter.com	unverified	download	Cloudflare challenge, not checked	non-english/Downloading / İndirme
www.tv5plus.ca	unverified	video	no NSFW labels found	non-english/Streaming
www.tvchannellists.com	unverified	video	Cloudflare challenge, not checked	video/Live TV
www.tvids.net	unverified	video	no NSFW labels found	video/Multi-Server
www.tvids.to	unverified	video	no NSFW labels found	video/Multi-Server
www.tvkaista.org	unverified	video	no NSFW labels found	non-english/Streaming / Suoratoisto
www.twirpx.com	unverified	reading	unreachable (403)	non-english/Reading / Чтение
www.twitch.tv	unverified	video	no NSFW labels found	video/Stream Lounges
www.uhdpaper.com	unverified	images	no NSFW labels found	system-tools/Wallpapers
www.ultimedia.com	unverified	video	no NSFW labels found	video/Video Streaming
www.uptracker.ru	unverified	torrent	not resolving at the router (NXDOMAIN)	non-english/Torrenting / Торрентинг
www.usenet-crawler.com	unverified	download	no NSFW labels found	downloading/Indexers
www.vecteezy.com	unverified	images	no NSFW labels found	image-tools/Stock Images
www.vector4free.com	unverified	images	no NSFW labels found	image-tools/Stock Images
www.vectorjunky.com	unverified	images	no NSFW labels found	image-tools/Stock Images
www.vectorportal.com	unverified	images	no NSFW labels found	image-tools/Stock Images
www.vectorstock.com	unverified	images	no NSFW labels found	image-tools/Stock Images
www.vercapas.com.br	unverified	reading	Cloudflare challenge, not checked	non-english/Reading / Leitura
www.vestalreview.net	unverified	reading	no NSFW labels found	reading/Fanfiction / Stories
www.viddla.fi	unverified	video	no NSFW labels found	non-english/Streaming / Suoratoisto
www.viddsee.com	unverified	video	no NSFW labels found	video/Specialty Streaming
www.vivatorrents.org	unverified	torrent	unreachable (523)	non-english/Torrenting / Torrentear
www.vix.com	unverified	video	no NSFW labels found	non-english/Streaming / Streamear
www.wallpaperflare.com	unverified	images	Cloudflare challenge, not checked	system-tools/Wallpapers
www.wallwidgy.app	unverified	images	no NSFW labels found	mobile/Customization | system-tools/Wallpapers
www.warrenphotographic.co.uk	unverified	images	unreachable (000)	image-tools/Stock Images
www.wawacity.press	unverified	download	no NSFW labels found	non-english/Downloading / Téléchargement
www.webcrawler.com	unverified	search	not resolving at the router (NXDOMAIN)	internet-tools/Search Engines
www.wenyuange.org	unverified	reading	no NSFW labels found	non-english/Reading / 阅读
www.wfdownloader.xyz	unverified	images	no NSFW labels found	image-tools/Download Images
www.whdload.de	unverified	games	no NSFW labels found	gaming/Abandonware / Retro
www.witanime.net	unverified	video	no NSFW labels found	non-english/Streaming / البث
www.worldbank.org	unverified	reading	no NSFW labels found	reading/Documents / Articles
www.worldmags.net	unverified	reading	Cloudflare challenge, not checked	reading/Magazines
www.worldmets.com	unverified	reading	no NSFW labels found	non-english/Reading / পড়া
www.worldsrc.net	unverified	download	Cloudflare challenge, not checked	downloading/Download Sites
www.wreducacional.com.br	unverified	download	no NSFW labels found	non-english/Downloading / Baixar
www.wsupercars.com	unverified	images	no NSFW labels found	system-tools/Wallpapers
www.xbox.com	unverified	images	no NSFW labels found	system-tools/Wallpapers
www.xcinema.ro	unverified	download	no NSFW labels found	non-english/Downloading
www.xdcc.eu	unverified	download	no NSFW labels found	downloading/Search Sites
www.xdccmule.org	unverified	download	no NSFW labels found	non-english/Downloading / Scaricare
www.xgcartoon.com	unverified	video	no NSFW labels found	non-english/Streaming / 串流
www.xiaobaotv.com	unverified	video	no NSFW labels found	non-english/Streaming / 串流
www.yodu.org	unverified	reading	no NSFW labels found	non-english/Reading / 阅读
www.yoturkish.com	unverified	video	no NSFW labels found	non-english/Streaming / İzleme
www.yoyomanga.com	unverified	manga	unreachable (000)	non-english/Manga
www.zdf.de	unverified	video	no NSFW labels found	non-english/Streaming
www.zipcomic.com	unverified	reading	Cloudflare challenge, not checked	reading/Comics
www.zombs-lair.com	unverified	games	no NSFW labels found	gaming/Abandonware / Retro
www.zophar.net	unverified	games	no NSFW labels found	audio/Game Soundtracks | gaming/ROM Sites
www36.mejortorrent.eu	unverified	torrent	Cloudflare challenge, not checked	non-english/Torrenting / Torrentear
x1337x.cc	unverified	torrent	Cloudflare challenge, not checked	torrenting/Torrent Sites
x1337x.eu	unverified	torrent	Cloudflare challenge, not checked	torrenting/Torrent Sites
x1337x.ws	unverified	torrent	Cloudflare challenge, not checked	torrenting/Torrent Sites
x6ud.github.io	unverified	images	no NSFW labels found	educational/Art / Editing | image-tools/Image Search Engines
xiaoyakankan.com	unverified	video	Cloudflare challenge, not checked	non-english/Streaming / 串流
xiazai001.org	unverified	torrent	not resolving at the router (SERVFAIL)	non-english/Torrenting / 下载种子
xkcd-search.typesense.org	unverified	reading	no NSFW labels found	reading/Comics
xpressenglish.com	unverified	reading	only match was a generic word ("adult" as in adult medicine/Adult Swim, or a tag echo); no NSFW evidence	reading/Fanfiction / Stories
xtrance.info	unverified	reading	no NSFW labels found	non-english/Reading / Čtení
xtreme-wrestling-downloads.com	unverified	video	no NSFW labels found	video/Sports Replays
xyzstreams.st	unverified	video	no NSFW labels found	video/Live Sports | video/Live TV
yabancidizi.so	unverified	video	unreachable (000)	non-english/Streaming / İzleme
yablom.com	unverified	video	no NSFW labels found	non-english/Streaming
yacreader.com	unverified	reading	no NSFW labels found	reading/Comics
yandex.com	unverified	images	no NSFW labels found	gaming/Multi-Game Sites | image-tools/Image Search Engines | internet-tools/Search Engines | internet-tools/Search Tools
yifystatus.com	unverified	video	no NSFW labels found	video/Torrent Sites
youraislopbores.me	unverified	ai	no NSFW labels found	ai/Roleplaying Chatbots | misc/Interactive
yourimageshare.com	unverified	images	no NSFW labels found	image-tools/Image Hosts
yts.gg	unverified	video	no NSFW labels found	video/Torrent Sites
ytsproxies.com	unverified	video	no NSFW labels found	video/Torrent Sites
yummyanime.tv	unverified	video	no NSFW labels found	non-english/Streaming / Стриминг
z-gen-turbo.vercel.app	unverified	ai	no NSFW labels found	ai/Image Generation
z-lib.fm	unverified	reading	no NSFW labels found	reading/Ebooks
z-lib.gd	unverified	reading	Cloudflare challenge, not checked	beginners-guide/Reading | reading/Ebooks
z-lib.sk	unverified	reading	no NSFW labels found	reading/Ebooks
z-library.im	unverified	reading	no NSFW labels found	reading/Ebooks
z-library.sk	unverified	reading	unreachable (000)	reading/Ebooks
z3.fm	unverified	video	Cloudflare challenge, not checked	audio/Download Sites | non-english/Streaming / Стриминг
zaluknij.cc	unverified	video	Cloudflare challenge, not checked	non-english/Streaming
zeigames.com	unverified	games	no NSFW labels found	gaming/Download Games
zero1cine.com	unverified	video	no NSFW labels found	video/Specialty Streaming
zetmoon.live	unverified	video	no NSFW labels found	video/Multi-Server
zhangboheng.github.io	unverified	video	unreachable (404)	video/Live TV
zinfinal.com	unverified	download	Cloudflare challenge, not checked	non-english/Downloading / Descargar
ziperto.com	unverified	games	no NSFW labels found	gaming/ROM Sites
zippypixels.com	unverified	images	Cloudflare challenge, not checked	image-tools/Stock Images | storage/App / Site Mockups
zlive.st	unverified	video	no NSFW labels found	video/Live Sports | video/Live TV
zmw2cyw2vj7f6obx3msmdvdepdhnw2ctc4okza2zjxlukkdfckhq.b32.i2p	unverified	reading	not resolving at the router (NXDOMAIN)	non-english/Reading / Чтение | reading/Ebooks
zone-ebook.com	unverified	reading	no NSFW labels found	non-english/Reading / Lecture
zoowomaniacos.org	unverified	video	no NSFW labels found	non-english/Streaming / Streamear
zradio.live	unverified	video	no NSFW labels found	non-english/Streaming / הזרמה
ztv.tw	unverified	video	no NSFW labels found	non-english/Streaming / 串流
zxcprime.icu	unverified	video	no NSFW labels found	video/Stream Aggregators
dnsbunker.org	unreviewed	bypass	new on fmhy; not checked	storage/Free DNS Resolvers
movieparadise.org	unreviewed	video	new on fmhy; not checked	video/Download Sites
notebin.de	unreviewed	video	new on fmhy; not checked	video/Download Sites
paste.to	unreviewed	video	new on fmhy; not checked	video/Download Sites
steamunderground.net	unreviewed	games	new on fmhy; not checked	gaming/Download Games
timst.top	unreviewed	video	new on fmhy; not checked	video/Live Sports
yam.ahwaktv.net	unreviewed	video	new on fmhy; not checked	non-english/Streaming / البث
123animehub.cc	covered	anime	classified in sites.tsv (123animes: ecchi)	video/Anime Streaming
4khdhub.one	covered	video	classified in extensions.tsv (4khdhub.one: safe)	video/Download Sites
acg.rip	covered	torrent	classified in sites.tsv (acgrip: general)	non-english/Torrenting / 下载种子
+aidungeon.com	covered	ai	already in Hagezi NSFW	ai/Roleplaying Chatbots
+allmanga.to	covered	anime	classified in sites.tsv (AllAnime: ecchi)	beginners-guide/Anime | reading/Manga | video/Anime Streaming
amenzb.moe	covered	download	classified in sites.tsv (amenzb: general)	downloading/Indexers
+ani.pm	covered	anime	classified in sites.tsv (anipm: ecchi)	video/Anime Streaming
anichan.to	covered	anime	classified in sites.tsv (anichan: explicit)	video/Anime Streaming
anicine.xyz	covered	video	classified in sites.tsv (anigum: ecchi)	video/Multi-Server
aniclipse.com	covered	anime	classified in sites.tsv (aniclipse: ecchi)	video/Anime Streaming
anidap.lol	covered	anime	classified in sites.tsv (anidap: ecchi)	video/Anime Streaming
anidb.app	covered	anime	classified in extensions.tsv (anidb.app: explicit)	video/Anime Streaming
anidl.org	covered	anime	classified in sites.tsv (anidl: general)	video/Anime Downloading
anidoor.me	covered	anime	classified in sites.tsv (anigum: ecchi)	video/Anime Streaming
anify.to	covered	anime	classified in sites.tsv (anifyto: explicit)	video/Anime Streaming
anihq.cc	covered	anime	classified in sites.tsv (animestreamio: explicit)	video/Anime Streaming
anikage.cc	covered	anime	classified in sites.tsv (anicore: ecchi)	video/Anime Streaming
anikoto.site	covered	anime	classified in sites.tsv (anikoto: explicit)	video/Anime Streaming
anikototv.to	covered	anime	classified in sites.tsv (anikoto: explicit)	video/Anime Streaming
anikura.club	covered	anime	classified in sites.tsv (anikura: explicit)	video/Anime Streaming
anikuro.ru	covered	anime	classified in sites.tsv (anikuro: ecchi)	video/Anime Streaming
anikuro.site	covered	anime	classified in sites.tsv (anikuro: ecchi)	video/Anime Streaming
anikuro.to	covered	anime	classified in sites.tsv (anikuro: ecchi)	video/Anime Streaming
anilight.live	covered	anime	classified in sites.tsv (anilight: ecchi)	video/Anime Streaming
+anime-pictures.net	covered	images	already in Hagezi NSFW	system-tools/Wallpapers
anime-sama.to	covered	video	classified in extensions.tsv (anime-sama.to: ecchi)	non-english/Streaming
anime.nexus	covered	anime	classified in sites.tsv (animenexus: ecchi)	video/Anime Streaming
anime.uniquestream.net	covered	anime	classified in sites.tsv (uniquestream: ecchi)	video/Anime Streaming
+anime1.me	covered	video	classified in extensions.tsv (anime1.me: safe)	non-english/Streaming / 串流
animeav1.com	covered	video	classified in extensions.tsv (animeav1.com: safe)	non-english/Streaming / Streamear
animedex.fun	covered	anime	classified in sites.tsv (animedex: ecchi)	audio/Media Soundtracks | video/Anime Streaming
animejoker.com	covered	video	classified in sites.tsv (animeworldin: explicit)	non-english/Streaming
animekhor.org	covered	anime	classified in sites.tsv (animekhor: ecchi)	video/Anime Streaming
animelib.org	covered	video	classified in extensions.tsv (animelib.org: explicit)	non-english/Streaming / Стриминг
animenosub.to	covered	anime	classified in sites.tsv (AnimeNoSub: explicit)	video/Anime Streaming
animepahe.pw	covered	anime	classified in sites.tsv (animepahe: ecchi)	beginners-guide/Anime | video/Anime Downloading | video/Anime Streaming
animesalt.cx	covered	anime	classified in sites.tsv (animeworldin: explicit)	non-english/Streaming | video/Anime Downloading
animesuge.cz	covered	anime	classified in extensions.tsv (animesuge.cz: explicit)	video/Anime Streaming
animetosho.net	covered	anime	classified in sites.tsv (animetosho: general)	video/Anime Downloading | video/Anime Torrenting
animex.one	covered	anime	classified in sites.tsv (otakuu: ecchi)	video/Anime Streaming
animexin.dev	covered	anime	classified in sites.tsv (AnimeXin: ecchi)	video/Anime Streaming
animoye.com	covered	video	classified in sites.tsv (animedekho: ecchi)	non-english/Streaming
aninzb.moe	covered	download	classified in sites.tsv (aninzb: general)	downloading/Indexers
anisnatch.site	covered	anime	classified in sites.tsv (anisnatch: ecchi)	video/Anime Streaming
anisnatch.top	covered	anime	classified in sites.tsv (anisnatch: ecchi)	video/Anime Streaming
anistream.one	covered	anime	classified in sites.tsv (anistream: ecchi)	video/Anime Streaming
aniwaves.ru	covered	anime	classified in sites.tsv (123animes: ecchi)	video/Anime Streaming
aniworld.domains	covered	video	classified in sites.tsv (AniWorld: ecchi)	non-english/Streaming
aniworld.to	covered	video	classified in sites.tsv (AniWorld: ecchi)	non-english/Streaming
anixo.online	covered	anime	classified in sites.tsv (anixo: ecchi)	video/Anime Streaming
anixx.fun	covered	video	classified in sites.tsv (yomito: ecchi)	video/Multi-Server
anizm.net	covered	video	classified in extensions.tsv (anizm.net: safe)	non-english/Streaming / İzleme
anizone.to	covered	anime	classified in sites.tsv (anizone: ecchi)	video/Anime Streaming
annas-archive.gd	covered	reading	classified in sites.tsv (annasarchive: library)	reading/Browser Ebook Readers | reading/Ebooks
annas-archive.gl	covered	reading	classified in sites.tsv (annasarchive: library)	beginners-guide/Reading | reading/Browser Ebook Readers | reading/Ebooks
annas-archive.pk	covered	reading	classified in sites.tsv (annasarchive: library)	reading/Browser Ebook Readers | reading/Ebooks
ar.kenmanga.com	covered	reading	classified in extensions.tsv (ar.kenmanga.com: safe)	non-english/Reading / القراءة
armaell-library.net	covered	reading	classified in sites.tsv (armaelllib: ecchi)	reading/Light Novels
asiaflix.in	covered	video	classified in sites.tsv (asiaflix: general)	video/Drama Streaming
asiaflix.net	covered	video	classified in sites.tsv (asiaflix: general)	video/Drama Streaming
asialiveaction.com	covered	video	classified in extensions.tsv (asialiveaction.com: safe)	non-english/Streaming / Streamear
asiamediablog.com	covered	reading	classified in sites.tsv (asiamediablog: general)	non-english/Reading / 読書
asyaanimeleri.top	covered	video	classified in extensions.tsv (asyaanimeleri.top: ecchi)	non-english/Streaming / İzleme
atlantic.st	covered	video	classified in sites.tsv (atlantic: general)	video/Dedicated-Server
+atsu.moe	covered	manga	classified in sites.tsv (atsumoe: ecchi)	reading/Manga
azorafly.com	covered	reading	classified in extensions.tsv (azorafly.com: safe)	non-english/Reading / القراءة
babyanime.top	covered	anime	classified in sites.tsv (anikotoclones: explicit)	video/Anime Streaming
+baozimh.org	covered	manga	classified in sites.tsv (baozimhorg: ecchi)	non-english/Manga
batcave.biz	covered	reading	classified in extensions.tsv (batcave.biz: safe)	beginners-guide/Reading | reading/Comics
bingr.one	covered	video	classified in sites.tsv (bingr: general)	video/Stream Aggregators
+boards.4chan.org	covered	reading	already in Hagezi NSFW	reading/Comics
bszip.com	covered	reading	classified in sites.tsv (bszip: general)	non-english/Reading / 読書
+bt4gprx.com	covered	torrent	already in Hagezi NSFW	torrenting/Aggregators
capibaratraductor.com	covered	reading	classified in extensions.tsv (capibaratraductor.com: explicit)	non-english/Reading / Leer
cine24h.online	covered	download	classified in extensions.tsv (cine24h.online: safe)	non-english/Downloading / Descargar
cinejoy.pk	covered	video	classified in extensions.tsv (cinejoy.pk: safe)	beginners-guide/Movies / Shows | video/Download Sites | video/Stream Aggregators
cinemacity.cc	covered	video	classified in extensions.tsv (cinemacity.cc: safe)	video/Dedicated-Server | video/Torrent Sites
cinemaos.live	covered	video	classified in sites.tsv (cinemaos: general)	non-english/Streaming | video/Stream Aggregators
comic-walker.com	covered	reading	classified in extensions.tsv (comic-walker.com: review)	non-english/Reading / 読書
comicfury.com	covered	reading	classified in extensions.tsv (comicfury.com: review)	reading/Comics
+comix.to	covered	manga	classified in sites.tsv (comix: ecchi)	beginners-guide/Reading | reading/Manga
comix.ws	covered	manga	classified in sites.tsv (comix: ecchi)	reading/Manga
cyrisia.com	covered	reading	classified in sites.tsv (cyrisia: ecchi)	reading/Light Novels
ddt.hastateam.com	covered	reading	classified in extensions.tsv (ddt.hastateam.com: safe)	non-english/Reading / Leggere
+de.downmagaz.net	covered	reading	already in Hagezi NSFW	non-english/Reading / Lesen
desu-online.pl	covered	video	classified in extensions.tsv (desu-online.pl: safe)	non-english/Streaming
detodopeliculas.nu	covered	video	classified in extensions.tsv (detodopeliculas.nu: safe)	non-english/Streaming / Streamear
digitalcomicmuseum.com	covered	reading	classified in extensions.tsv (digitalcomicmuseum.com: safe)	reading/Comics
dl-zip.com	covered	reading	classified in sites.tsv (dlzip: general)	non-english/Reading / 読書
docchi.pl	covered	video	classified in extensions.tsv (docchi.pl: explicit)	non-english/Streaming
donghua4k.net	covered	anime	classified in sites.tsv (cksub: ecchi)	video/Anime Streaming
+downmagaz.net	covered	reading	already in Hagezi NSFW	reading/Magazines
dramaday.me	covered	video	classified in sites.tsv (dramaday: general)	video/Specialty Downloading
dramahood.mom	covered	video	classified in sites.tsv (kdramaweb: general)	video/Drama Streaming
dramanice.boo	covered	video	classified in sites.tsv (dramanicee: general)	video/Drama Streaming
explosm.net	covered	reading	classified in extensions.tsv (explosm.net: safe)	misc/Image / Video | reading/Comics
fanfox.net	covered	manga	classified in sites.tsv (fanfox: explicit)	reading/Manga
filmpalast.to	covered	video	classified in extensions.tsv (filmpalast.to: safe)	non-english/Streaming
fireani.me	covered	anime	classified in sites.tsv (fireanime: ecchi)	non-english/Streaming | video/Anime Streaming
flixer.gd	covered	video	classified in extensions.tsv (flixer.gd: safe)	video/Stream Aggregators
flixer.su	covered	video	classified in sites.tsv (hexawatch: general)	video/Stream Aggregators
+fr.downmagaz.net	covered	reading	already in Hagezi NSFW	non-english/Reading / Lecture
franime.fr	covered	video	classified in extensions.tsv (franime.fr: explicit)	non-english/Streaming
freewebnovel.com	covered	reading	classified in sites.tsv (innread: explicit)	reading/Light Novels
french-anime.com	covered	video	classified in extensions.tsv (french-anime.com: safe)	non-english/Streaming
fullraces.com	covered	video	classified in extensions.tsv (fullraces.com: safe)	video/Sports Replays
+global.toomics.com	covered	reading	classified in extensions.tsv (global.toomics.com: covered)	non-english/Reading / Leitura
godamh.com	covered	manga	classified in sites.tsv (baozimhorg: ecchi)	non-english/Manga
goplay.su	covered	video	classified in sites.tsv (goplay: general)	beginners-guide/Movies / Shows | video/Drama Streaming
goyabu.io	covered	video	classified in extensions.tsv (goyabu.io: explicit)	non-english/Streaming
hayase.watch	covered	anime	classified in sites.tsv (miru: apps)	beginners-guide/Anime | mobile/Android Anime | video/Android TV / Firestick | video/Anime Torrenting
heavenmanga.com	covered	reading	classified in extensions.tsv (heavenmanga.com: explicit)	non-english/Reading / Leer
hexa.su	covered	video	classified in sites.tsv (hexawatch: general)	video/Stream Aggregators
hi10anime.com	covered	anime	classified in sites.tsv (hi10anime: general)	video/Anime Downloading | video/Anime Torrenting
hianimes.ru	covered	anime	classified in sites.tsv (123animes: ecchi)	video/Anime Streaming
hydrahd.com	covered	video	classified in sites.tsv (hydrahd: general)	non-english/Streaming | video/Multi-Server
hydrahd.ws	covered	video	classified in sites.tsv (hydrahd: general)	video/Multi-Server
inmanga.com	covered	reading	classified in extensions.tsv (inmanga.com: safe)	non-english/Reading / Leer
jkanime.net	covered	video	classified in extensions.tsv (jkanime.net: safe)	non-english/Streaming / Streamear
jnovels.com	covered	manga	classified in sites.tsv (jnovels: ecchi)	reading/Light Novels | reading/Manga
justanime.to	covered	anime	classified in extensions.tsv (justanime.to: ecchi)	video/Anime Downloading | video/Anime Streaming
justmanga.cc	covered	manga	classified in sites.tsv (justmanga: ecchi)	reading/Manga
k-drama.in	covered	video	classified in sites.tsv (katdrama: general)	video/Drama Streaming
kaa.lt	covered	anime	classified in sites.tsv (KickAssAnime: ecchi)	video/Anime Streaming
kagane.to	covered	manga	classified in sites.tsv (kagane: review)	reading/Manga
kayoanime.com	covered	anime	classified in sites.tsv (kayoanime: general)	beginners-guide/Anime | video/Anime Downloading
kazora.cc	covered	anime	classified in sites.tsv (kazora: ecchi)	video/Anime Streaming
kimoitv.com	covered	video	classified in sites.tsv (kimoitv: ecchi)	video/Specialty Downloading
kinoking.cc	covered	video	classified in extensions.tsv (kinoking.cc: safe)	non-english/Streaming
kissasian.video	covered	video	classified in sites.tsv (kissasiantv: general)	video/Drama Streaming
kisskh.club	covered	video	classified in sites.tsv (asianview: general)	video/Drama Streaming
kisskh.id	covered	video	classified in sites.tsv (kisskh: general)	video/Drama Streaming
kisskh.is	covered	video	classified in sites.tsv (kisskh: general)	video/Drama Streaming
kisskh.or.at	covered	video	classified in sites.tsv (asiaflix: general)	video/Drama Streaming
kisskh.ovh	covered	video	classified in sites.tsv (kisskh: general)	video/Drama Streaming
klz9.com	covered	reading	classified in sites.tsv (klto9: explicit)	non-english/Reading / 読書
+kodasusaka.com	covered	video	already in Hagezi NSFW	video/Specialty Streaming
+komiic.com	covered	manga	classified in extensions.tsv (komiic.com: explicit)	non-english/Manga
komiku.org	covered	reading	classified in extensions.tsv (komiku.org: ecchi)	non-english/Reading / Membaca
kototv.to	covered	anime	classified in sites.tsv (zenkai: ecchi)	video/Anime Streaming
kuroiru.co	covered	anime	classified in sites.tsv (kuroiru: review)	internet-tools/Custom Search Engines | video/Anime Streaming | video/Anime Tracking / Databases
kyren.moe	covered	anime	classified in sites.tsv (kyren: ecchi)	video/Anime Streaming
latanime.org	covered	video	classified in extensions.tsv (latanime.org: safe)	non-english/Streaming / Streamear
lightnovelworld.org	covered	reading	classified in sites.tsv (lightnovelworldorg: ecchi)	reading/Light Novels
likemanga.ink	covered	manga	classified in sites.tsv (likemangaio: explicit)	reading/Manga
lmanime.com	covered	anime	classified in sites.tsv (LManime: ecchi)	video/Anime Streaming
lnmtl.com	covered	reading	classified in sites.tsv (lnmtl: ecchi)	reading/Light Novels
lnori.com	covered	reading	classified in sites.tsv (lnori: explicit)	reading/Light Novels
loadingartist.com	covered	reading	classified in extensions.tsv (loadingartist.com: safe)	reading/Comics
luciferdonghua.in	covered	anime	classified in sites.tsv (luciferdonghua: ecchi)	video/Anime Streaming
luffytv.live	covered	anime	classified in sites.tsv (luffytv: explicit)	non-english/Streaming | video/Anime Streaming
luffytv.online	covered	anime	classified in sites.tsv (luffytv: explicit)	non-english/Streaming | video/Anime Streaming
luna-stream.me	covered	anime	classified in sites.tsv (lunastream: ecchi)	video/Anime Streaming
lunarx.to	covered	anime	classified in sites.tsv (lunaranime: ecchi)	video/Anime Streaming
m440.in	covered	reading	classified in extensions.tsv (m440.in: explicit)	non-english/Reading / Leer
manga-zip.is	covered	reading	classified in sites.tsv (mangazip: general)	non-english/Reading / 読書
manga.in.ua	covered	reading	classified in extensions.tsv (manga.in.ua: explicit)	non-english/Reading / Читання
mangaberri.com	covered	manga	classified in sites.tsv (mangaberri: ecchi)	reading/Manga
mangadex.org	covered	manga	classified in sites.tsv (mangadex: explicit)	reading/Manga
+mangadot.net	covered	manga	classified in sites.tsv (mangadotnet: ecchi)	reading/Manga
mangafire.to	covered	manga	classified in sites.tsv (mangafire: ecchi)	reading/Manga
mangahub.io	covered	manga	classified in sites.tsv (mangahub: explicit)	reading/Manga
mangahub.ru	covered	reading	classified in extensions.tsv (mangahub.ru: explicit)	non-english/Reading / Чтение
mangak.io	covered	manga	classified in sites.tsv (mangabuddy: ecchi)	reading/Manga
+mangakatana.com	covered	manga	classified in sites.tsv (mangakatana: ecchi)	reading/Manga
mangakoma.net	covered	reading	classified in sites.tsv (raw1001: explicit)	non-english/Reading / 読書
mangalib.me	covered	reading	classified in extensions.tsv (mangalib.me: explicit)	non-english/Reading / Чтение
+mangapill.com	covered	manga	classified in sites.tsv (mangapill: ecchi)	reading/Manga
mangapoisk.me	covered	reading	classified in extensions.tsv (mangapoisk.me: explicit)	non-english/Reading / Чтение
mangas-origines.fr	covered	reading	classified in extensions.tsv (mangas-origines.fr: explicit)	non-english/Reading / Lecture
mangataro.org	covered	manga	classified in sites.tsv (mangapeak: ecchi)	reading/Manga
mapple.fun	covered	reading	classified in extensions.tsv (mapple.fun: explicit)	reading/Streaming | video/Stream Aggregators
medibang.com	covered	manga	classified in sites.tsv (artstreet: review)	reading/Manga
meguanime.com	covered	anime	classified in sites.tsv (meguanime: ecchi)	video/Anime Streaming
mikanani.me	covered	torrent	classified in extensions.tsv (mikanani.me: safe)	non-english/Torrenting / 下载种子
mkissa.to	covered	anime	classified in sites.tsv (AllAnime: ecchi)	reading/Manga | video/Anime Streaming
mkvdrama.net	covered	video	classified in sites.tsv (mkvdramame: general)	video/Specialty Downloading
moflix-stream.xyz	covered	video	classified in extensions.tsv (moflix-stream.xyz: safe)	non-english/Streaming
myanime.live	covered	anime	classified in sites.tsv (myanimelive: ecchi)	video/Anime Streaming
myasiantv.com.bz	covered	video	classified in sites.tsv (myasiantv: general)	video/Drama Streaming
namicomi.com	covered	manga	classified in extensions.tsv (namicomi.com: safe)	reading/Manga
nekobt.to	covered	anime	classified in sites.tsv (nekobt: general)	video/Anime Torrenting
nekowatch.xyz	covered	anime	classified in sites.tsv (nekowatch: ecchi)	video/Anime Streaming
nepu.io	covered	reading	classified in sites.tsv (neputo: general)	beginners-guide/Movies / Shows | reading/Streaming | video/Dedicated-Server
nepu.is	covered	reading	classified in sites.tsv (neputo: general)	reading/Streaming | video/Dedicated-Server
novelarchive.cc	covered	reading	classified in sites.tsv (novelarchive: ecchi)	reading/Light Novels
novelbuddy.me	covered	reading	classified in sites.tsv (novelbuddy: explicit)	reading/Light Novels
novelfire.net	covered	reading	classified in sites.tsv (novelfire: ecchi)	reading/Light Novels
novelphoenix.com	covered	reading	classified in sites.tsv (novelfire: ecchi)	reading/Light Novels
novgo.net	covered	reading	classified in sites.tsv (allnovelfull: explicit)	reading/Light Novels
nyaa.iss.ink	covered	anime	classified in sites.tsv (nyaasi: general)	video/Anime Torrenting
nyaa.iss.one	covered	anime	classified in sites.tsv (nyaasi: general)	video/Anime Torrenting
nyaa.si	covered	anime	classified in sites.tsv (nyaasi: general)	beginners-guide/Anime | reading/Manga | video/Anime Torrenting
ogladajanime.pl	covered	video	classified in extensions.tsv (ogladajanime.pl: explicit)	non-english/Streaming
olympusxyz.com	covered	reading	classified in extensions.tsv (olympusxyz.com: safe)	non-english/Reading / Leer
onisaga.com	covered	manga	classified in sites.tsv (onisaga: ecchi)	reading/Manga
otakudesu.cloud	covered	video	classified in extensions.tsv (otakudesu.cloud: safe)	non-english/Streaming / Menyiarkan
+pdfdude.com	covered	reading	already in Hagezi NSFW	reading/Magazines
+pdfmagazines.club	covered	reading	already in Hagezi NSFW	reading/Magazines
pinoymoviepedia.ru	covered	video	classified in extensions.tsv (pinoymoviepedia.ru: explicit)	non-english/Streaming / Nanonood
piratexplay.cc	covered	anime	classified in sites.tsv (animeworldin: explicit)	non-english/Streaming | video/Anime Streaming | video/Cartoon Streaming
+pixiv.navirank.com	covered	images	already in Hagezi NSFW	image-tools/Art / Illustrations
pixivfe-docs.pages.dev	covered	images	classified in sites.tsv (pixivpics: explicit)	image-tools/Art / Illustrations
proxy.cubari.moe	covered	manga	classified in sites.tsv (cubariproxy: ecchi)	reading/Manga
ranobes.top	covered	reading	classified in sites.tsv (ranobestop: ecchi)	reading/Light Novels
raw.senmanga.com	covered	reading	classified in sites.tsv (senmanga: ecchi)	non-english/Reading / 読書
raw1001.net	covered	reading	classified in sites.tsv (raw1001: explicit)	non-english/Reading / 読書
rawkuma.net	covered	reading	classified in sites.tsv (rawkuma: ecchi)	non-english/Reading / 読書
readcomicsonline.ru	covered	reading	classified in extensions.tsv (readcomicsonline.ru: safe)	reading/Comics
readnovelfull.com	covered	reading	classified in sites.tsv (allnovelfull: explicit)	reading/Light Novels
reanime.cz	covered	anime	classified in sites.tsv (reanime: ecchi)	video/Anime Streaming
reanime.to	covered	anime	classified in sites.tsv (reanime: ecchi)	video/Anime Streaming
reanime.wtf	covered	anime	classified in sites.tsv (reanime: ecchi)	video/Anime Streaming
reindex.to	covered	anime	classified in sites.tsv (reanime: ecchi)	video/Anime Streaming
releases.moe	covered	anime	classified in extensions.tsv (releases.moe: safe)	video/Anime Torrenting
rivestream.ru	covered	anime	classified in sites.tsv (rivestream: general)	reading/Manga | video/Anime Streaming | video/Drama Streaming | video/Live TV | video/Stream Aggregators | video/Torrent Sites
rncalation.online	covered	reading	classified in extensions.tsv (rncalation.online: explicit)	non-english/Reading / Leer
royalroad.com	covered	reading	classified in extensions.tsv (royalroad.com: safe)	reading/Fanfiction / Stories
ru.yummyani.me	covered	video	classified in extensions.tsv (ru.yummyani.me: safe)	non-english/Streaming / Стриминг
safe.gsbooru.org	covered	images	classified in sites.tsv (gsbooru: explicit)	image-tools/Art / Illustrations
safebooru.org	covered	images	classified in sites.tsv (safebooru: ecchi)	image-tools/Art / Illustrations
+saucenao.com	covered	images	already in Hagezi NSFW	image-tools/Image Search Engines
scans.gg	covered	manga	classified in sites.tsv (scansgg: ecchi)	reading/Manga
seanime.app	covered	anime	classified in sites.tsv (seanime: apps)	reading/Manga | video-tools/Media Servers | video/Anime Streaming Apps | video/Anime Torrenting
senshi.to	covered	anime	classified in sites.tsv (senshi: ecchi)	video/Anime Streaming
serienstream.to	covered	video	classified in extensions.tsv (serienstream.to: safe)	non-english/Streaming
+shademanga.com	covered	reading	classified in extensions.tsv (shademanga.com: explicit)	non-english/Reading / Leer
share.acgnx.se	covered	torrent	classified in sites.tsv (acgnx: general)	non-english/Torrenting / 下载种子
+share.dmhy.org	covered	torrent	already in Hagezi NSFW	non-english/Torrenting / 下载种子
shuttletv.pk	covered	video	classified in sites.tsv (shuttletv: general)	video/Stream Aggregators
shuttletv.su	covered	video	classified in sites.tsv (shuttletv: general)	video/Stream Aggregators
softkomik.co	covered	reading	classified in extensions.tsv (softkomik.co: safe)	non-english/Reading / Membaca
software.annas-archive.gl	covered	reading	classified in sites.tsv (annasarchive: library)	reading/Ebooks
sololatino.net	covered	video	classified in extensions.tsv (sololatino.net: safe)	non-english/Streaming / Streamear
spoilerplus.tv	covered	reading	classified in sites.tsv (spoilerplus: ecchi)	non-english/Reading / 読書
stellarsaber.pro	covered	reading	classified in extensions.tsv (stellarsaber.pro: safe)	non-english/Reading / القراءة
streamex.sh	covered	video	classified in sites.tsv (anigum: ecchi)	video/Multi-Server
streamingunity.vip	covered	video	classified in extensions.tsv (streamingunity.vip: safe)	video/Dedicated-Server
sushiscan.net	covered	reading	classified in extensions.tsv (sushiscan.net: explicit)	non-english/Reading / Lecture
+tbib.org	covered	images	classified in sites.tsv (tbiborg: explicit)	image-tools/Art / Illustrations
+thebarchive.com	covered	imageboard	already in Hagezi NSFW	social-media-tools/4chan Archives
+theindex.moe	covered	anime	already in Hagezi NSFW	misc/Indexes | reading/Light Novels | reading/Manga | video/Anime Downloading | video/Anime Streaming
tioanime.com	covered	video	classified in extensions.tsv (tioanime.com: safe)	non-english/Streaming / Streamear
tonarinoyj.jp	covered	reading	classified in extensions.tsv (tonarinoyj.jp: safe)	non-english/Reading / 読書
toonhub4u.co	covered	download	classified in extensions.tsv (toonhub4u.co: explicit)	non-english/Downloading
+toonily.com	covered	manga	classified in sites.tsv (toonily: ecchi)	reading/Manga
toonworld4all.me	covered	download	classified in sites.tsv (toonworld4all: general)	non-english/Downloading
tortugaceviri.com	covered	reading	classified in extensions.tsv (tortugaceviri.com: safe)	non-english/Reading / Okuma
trmanga.com	covered	reading	classified in extensions.tsv (trmanga.com: explicit)	non-english/Reading / Okuma
truyenqqko.com	covered	reading	classified in extensions.tsv (truyenqqko.com: safe)	non-english/Reading / Đọc
tsukihime.org	covered	anime	classified in sites.tsv (tsukihime: general)	video/Anime Torrenting
tsundoku.com.br	covered	reading	classified in extensions.tsv (tsundoku.com.br: explicit)	non-english/Reading / Leitura
+uzaymanga.com	covered	reading	classified in extensions.tsv (uzaymanga.com: safe)	non-english/Reading / Okuma
+vermanhwa.com	covered	reading	classified in extensions.tsv (vermanhwa.com: explicit)	non-english/Reading / Leer
vidbox.vc	covered	video	classified in extensions.tsv (vidbox.vc: safe)	video/Drama Streaming | video/Multi-Server
voir-anime.to	covered	video	classified in extensions.tsv (voir-anime.to: explicit)	non-english/Streaming
vostfree.ws	covered	video	classified in extensions.tsv (vostfree.ws: safe)	non-english/Streaming
watchanimeworld.one	covered	video	classified in sites.tsv (animeworldin: explicit)	non-english/Streaming
web.nyora.xyz	covered	manga	classified in sites.tsv (nyora: apps)	reading/Manga
+weebcentral.com	covered	manga	classified in sites.tsv (mangasee: ecchi)	beginners-guide/Reading | reading/Manga
wiki.hayase.watch	covered	anime	classified in sites.tsv (miru: apps)	mobile/Android Anime | video/Android TV / Firestick | video/Anime Torrenting
+wotaku.wiki	covered	anime	already in Hagezi NSFW	audio/Audio Tools | audio/Media Soundtracks | gaming/Download Games | misc/Indexes | reading/Light Novels | reading/Manga | video/Anime Streaming | video/Anime Downloading
wtr-lab.com	covered	reading	classified in sites.tsv (wtrlab: ecchi)	reading/Light Novels
wuxia.click	covered	reading	classified in sites.tsv (wuxiaclick: ecchi)	reading/Light Novels
wuxiadreams.com	covered	reading	classified in sites.tsv (wuxiadreams: ecchi)	reading/Light Novels
wuxiaworld.site	covered	reading	classified in sites.tsv (wuxiaworld: ecchi)	reading/Light Novels
ww13.manga-zip.app	covered	reading	classified in sites.tsv (dlraw: general)	non-english/Reading / 読書
ww3.animeonline.ninja	covered	video	classified in extensions.tsv (ww3.animeonline.ninja: safe)	non-english/Streaming / Streamear
wwv.veranimes.net	covered	video	classified in extensions.tsv (wwv.veranimes.net: safe)	non-english/Streaming / Streamear
wwv21.kissasian.com.lv	covered	video	classified in sites.tsv (kissasiantv: general)	video/Drama Streaming
+www.5nd.com	covered	video	already in Hagezi NSFW	non-english/Streaming / 串流
www.acgnx.se	covered	torrent	classified in sites.tsv (acgnx: general)	non-english/Torrenting / 下载种子
+www.akiba-online.com	covered	download	already in Hagezi NSFW	non-english/Downloading / ダウンロード
www.anime-loads.org	covered	download	classified in sites.tsv (animeloads: ecchi)	non-english/Downloading / Herunterladen | non-english/Streaming
+www.anime-sharing.com	covered	anime	already in Hagezi NSFW	video/Anime Downloading
www.animeout.xyz	covered	anime	classified in sites.tsv (animeout: general)	video/Anime Downloading
www.animeparadise.moe	covered	anime	classified in sites.tsv (AnimeParadise: ecchi)	video/Anime Streaming
www.animesaturn.net	covered	video	classified in extensions.tsv (animesaturn.net: safe)	non-english/Streaming
www.animeunity.so	covered	video	classified in extensions.tsv (www.animeunity.so: safe)	non-english/Streaming
www.animeworld.ac	covered	video	classified in extensions.tsv (www.animeworld.ac: explicit)	non-english/Streaming
www.anzmanga25.com	covered	reading	classified in extensions.tsv (www.anzmanga25.com: safe)	non-english/Reading / Leer
www.az-animex.com	covered	download	classified in extensions.tsv (www.az-animex.com: ecchi)	non-english/Downloading / Descargar
www.baka-tsuki.org	covered	reading	classified in sites.tsv (bakatsuki: ecchi)	reading/Light Novels
www.baozimh.com	covered	manga	classified in sites.tsv (twmanga: ecchi)	non-english/Manga
+www.best-moviez.ws	covered	video	already in Hagezi NSFW	video/Download Sites
www.bilibili.com	covered	video	classified in sites.tsv (Bilibili: review)	non-english/Streaming / 串流 | video/Video Streaming
www.bilibili.tv	covered	video	classified in sites.tsv (Bilibili: review)	non-english/Streaming / 串流 | video/Video Streaming
www.cmoa.jp	covered	reading	classified in extensions.tsv (www.cmoa.jp: review)	non-english/Reading / 読書
www.desidubanime.me	covered	video	classified in extensions.tsv (www.desidubanime.me: explicit)	non-english/Streaming
www.deviantart.com	covered	images	classified in extensions.tsv (www.deviantart.com: review)	gaming-tools/Game Launchers | gaming-tools/Gaming Tools | image-tools/Art / Illustrations
+www.dm5.com	covered	manga	classified in extensions.tsv (www.dm5.com: explicit)	non-english/Manga
+www.dongmanmanhua.cn	covered	manga	classified in extensions.tsv (www.dongmanmanhua.cn: safe)	non-english/Manga
www.doramasyt.com	covered	video	classified in extensions.tsv (www.doramasyt.com: safe)	non-english/Streaming / Streamear
www.enma.lol	covered	anime	classified in sites.tsv (enmalol: ecchi)	video/Anime Streaming
www.fanmtl.com	covered	reading	classified in sites.tsv (wuxiap: ecchi)	reading/Fanfiction / Stories
www.hdfilmcehennemi.nl	covered	video	classified in extensions.tsv (www.hdfilmcehennemi.nl: explicit)	non-english/Streaming / İzleme
www.hijala.com	covered	reading	classified in extensions.tsv (hijala.com: safe)	non-english/Reading / القراءة
+www.hungama.com	covered	video	already in Hagezi NSFW	non-english/Streaming
www.iyf.tv	covered	video	classified in extensions.tsv (www.iyf.tv: safe)	non-english/Streaming / 串流
www.justlightnovels.com	covered	reading	classified in sites.tsv (justlightnovels: ecchi)	reading/Light Novels
www.lacartoons.com	covered	video	classified in extensions.tsv (www.lacartoons.com: safe)	non-english/Streaming / Streamear
+www.mage.space	covered	ai	already in Hagezi NSFW	ai/Image Generation
www.maid.my.id	covered	reading	classified in extensions.tsv (www.maid.my.id: explicit)	non-english/Reading / Membaca
+www.mangabz.com	covered	manga	classified in extensions.tsv (mangabz.com: safe)	non-english/Manga
www.mangadenizi.net	covered	reading	classified in extensions.tsv (mangadenizi.net: explicit)	non-english/Reading / Okuma
www.mangadraft.com	covered	reading	classified in extensions.tsv (mangadraft.com: ecchi)	non-english/Reading / Lecture
+www.mangahere.cc	covered	manga	classified in sites.tsv (fanfox: explicit)	reading/Manga
www.mangakakalot.gg	covered	manga	classified in sites.tsv (manganato: explicit)	reading/Manga
www.manganato.gg	covered	manga	classified in sites.tsv (manganato: explicit)	reading/Manga
www.mangatown.com	covered	manga	classified in extensions.tsv (www.mangatown.com: covered)	reading/Manga
www.mangaupdates.com	covered	manga	classified in sites.tsv (mupdates: review)	reading/Manga | reading/Manga Recommendations | reading/Manga Tracking / Databases
www.mangaworld.mx	covered	reading	classified in extensions.tsv (www.mangaworld.mx: explicit)	non-english/Reading / Leggere
www.mangaz.com	covered	reading	classified in extensions.tsv (www.mangaz.com: explicit)	non-english/Reading / 読書
+www.manhuagui.com	covered	manga	classified in extensions.tsv (www.manhuagui.com: explicit)	non-english/Manga
www.mgeko.cc	covered	manga	classified in sites.tsv (mangageko: ecchi)	reading/Manga
www.miruro.com	covered	anime	classified in sites.tsv (miruro: ecchi)	beginners-guide/Anime | video/Anime Streaming
www.mundodonghua.com	covered	video	classified in extensions.tsv (www.mundodonghua.com: ecchi)	non-english/Streaming / Streamear
www.natomanga.com	covered	manga	classified in sites.tsv (manganato: explicit)	reading/Manga
www.nelomanga.net	covered	manga	classified in sites.tsv (manganato: explicit)	reading/Manga
+www.nicovideo.jp	covered	video	already in Hagezi NSFW	non-english/Streaming / ストリーミング | video/Video Streaming
www.novelcool.com	covered	reading	classified in sites.tsv (novelcool: ecchi)	reading/Light Novels
www.pixiv.net	covered	images	classified in sites.tsv (pixiv: review)	image-tools/Art / Illustrations | non-english/Japanese / 日本語
www.raindropteamfan.com	covered	reading	classified in extensions.tsv (www.raindropteamfan.com: safe)	non-english/Reading / Okuma
www.rechapters.com	covered	reading	classified in sites.tsv (rechapters: ecchi)	reading/Light Novels
www.rivestream.app	covered	anime	classified in sites.tsv (rivestream: general)	reading/Manga | video/Anime Streaming | video/Drama Streaming | video/Live TV | video/Stream Aggregators | video/Torrent Sites
www.royalroad.com	covered	reading	classified in sites.tsv (royalroad: review)	reading/Light Novels
+www.rumanhua2.com	covered	manga	already in Hagezi NSFW	non-english/Manga
+www.sankakucomplex.com	covered	images	already in Hagezi NSFW	image-tools/Art / Illustrations
www.scribblehub.com	covered	reading	classified in sites.tsv (scribblehub: review)	reading/Light Novels
www.skymangas.com	covered	reading	classified in extensions.tsv (skymangas.com: safe)	non-english/Reading / Leer
www.smbc-comics.com	covered	reading	classified in extensions.tsv (smbc-comics.com: safe)	reading/Comics
www.tokyoinsider.com	covered	anime	classified in sites.tsv (tokyoinsider: general)	beginners-guide/Anime | video/Anime Downloading
+www.tokyotosho.info	covered	anime	classified in sites.tsv (tokyotosho: general)	video/Anime Torrenting
www.tranimeizle.io	covered	video	classified in extensions.tsv (www.tranimeizle.io: safe)	non-english/Streaming / İzleme
+www.tumbex.com	covered	frontend	already in Hagezi NSFW	internet-tools/Search Tools | social-media-tools/Tumblr Tools
www.wco.tv	covered	video	classified in sites.tsv (WCO: explicit)	video/Cartoon Streaming
www.wcoanimedub.tv	covered	video	classified in sites.tsv (WCO: explicit)	video/Cartoon Streaming
www.wcoanimesub.tv	covered	video	classified in sites.tsv (WCO: explicit)	video/Cartoon Streaming
www.wcoflix.tv	covered	video	classified in sites.tsv (WCO: explicit)	video/Cartoon Streaming
www.wcoforever.net	covered	video	classified in extensions.tsv (www.wcoforever.net: explicit)	video/Cartoon Streaming
www.wcostatus.com	covered	video	classified in sites.tsv (WCO: explicit)	video/Cartoon Streaming
www.wcostream.tv	covered	video	classified in sites.tsv (WCO: explicit)	video/Cartoon Streaming
www.webnovel.com	covered	reading	classified in extensions.tsv (www.webnovel.com: covered)	reading/Light Novels
www.webtoons.com	covered	manga	classified in extensions.tsv (www.webtoons.com: covered)	reading/Manga
www.wuxiabox.com	covered	reading	classified in sites.tsv (wuxiap: ecchi)	reading/Light Novels
www.wuxiaspot.com	covered	reading	classified in sites.tsv (wuxiap: ecchi)	reading/Light Novels
www.wuxiaworld.com	covered	reading	classified in sites.tsv (wuxiaworldcom: review)	reading/Light Novels
www.ysk-comics.com	covered	reading	classified in extensions.tsv (www.ysk-comics.com: safe)	reading/Comics
www.yupmanga.com	covered	reading	classified in extensions.tsv (www.yupmanga.com: explicit)	non-english/Reading / Leer
+www.zerochan.net	covered	images	already in Hagezi NSFW	image-tools/Art / Illustrations
www.zona-leros.com	covered	video	classified in extensions.tsv (www.zona-leros.com: safe)	non-english/Streaming / Streamear
+www.zongheng.com	covered	reading	already in Hagezi NSFW	non-english/Light Novels
xkcd.com	covered	reading	classified in extensions.tsv (xkcd.com: safe)	reading/Comics
xmanhua.com	covered	manga	classified in extensions.tsv (xmanhua.com: safe)	non-english/Manga
xoxocomic.com	covered	reading	classified in extensions.tsv (xoxocomic.com: safe)	reading/Comics
+yande.re	covered	images	classified in sites.tsv (yande: explicit)	image-tools/Art / Illustrations
yenime.net	covered	anime	classified in sites.tsv (anikotoclones: explicit)	video/Anime Streaming
yomi.to	covered	anime	classified in sites.tsv (yomito: ecchi)	video/Anime Streaming
bitmagnet.io	clean	torrent	tool, wiki, status page, subtitle or release index; hosts no media	torrenting/Aggregators
booleanstrings.com	clean	search	link hub, redirector or archive search; results come from enforced engines or no media	internet-tools/Custom Search Engines
cipher387.github.io	clean	search	link hub, redirector or archive search; results come from enforced engines or no media	internet-tools/Custom Search Engines
cotrans.touhou.ai	clean	manga	tool, wiki, status page, subtitle or release index; hosts no media	reading/Manga
docs.searxng.org	clean	search	link hub, redirector or archive search; results come from enforced engines or no media	linux-macos/Server / Selfhosting | privacy/Search Engines
duckduckgo.com	clean	search	link hub, redirector or archive search; results come from enforced engines or no media	gaming/Puzzle Games | internet-tools/Email Aliasing | privacy/Search Engines
git.lolcat.ca	clean	search	link hub, redirector or archive search; results come from enforced engines or no media	linux-macos/Server / Selfhosting | privacy/Search Engines
index.fansubcar.tel	clean	anime	tool, wiki, status page, subtitle or release index; hosts no media	video/Anime Torrenting
koharu.rs	clean	manga	tool, wiki, status page, subtitle or release index; hosts no media	reading/Manga
mangadex-dl.mansuf.link	clean	manga	tool, wiki, status page, subtitle or release index; hosts no media	reading/Manga
mosermichael.github.io	clean	search	link hub, redirector or archive search; results come from enforced engines or no media	privacy/Search Engines
nibl.co.uk	clean	anime	tool, wiki, status page, subtitle or release index; hosts no media	video/Anime Downloading
restatus.me	clean	anime	tool, wiki, status page, subtitle or release index; hosts no media	video/Anime Streaming
seadex.pages.dev	clean	anime	tool, wiki, status page, subtitle or release index; hosts no media	video/Anime Torrenting
searx.neocities.org	clean	search	link hub, redirector or archive search; results come from enforced engines or no media	storage/Searx Instances
start.duckduckgo.com	clean	search	link hub, redirector or archive search; results come from enforced engines or no media	privacy/Search Engines
status.miruro.com	clean	anime	tool, wiki, status page, subtitle or release index; hosts no media	video/Anime Streaming
subs.ro	clean	video	tool, wiki, status page, subtitle or release index; hosts no media	non-english/Streaming
subsl.top	clean	video	tool, wiki, status page, subtitle or release index; hosts no media	non-english/Other Languages | video/Dedicated-Server | video/Download Sites
theoldnet.com	clean	search	link hub, redirector or archive search; results come from enforced engines or no media	internet-tools/Search Engines
thewiki.moe	clean	anime	tool, wiki, status page, subtitle or release index; hosts no media	misc/Indexes | reading/Light Novels | reading/Manga | video-tools/MPV Tools | video/Anime Streaming | video/Anime Downloading
tildes.net	clean	frontend	Reddit alternative with no NSFW content allowed	social-media-tools/Reddit Alternatives
trovu.net	clean	search	link hub, redirector or archive search; results come from enforced engines or no media	internet-tools/Search Engines
wikidex.tr25.es	clean	manga	tool, wiki, status page, subtitle or release index; hosts no media	reading/Manga
www.aiosearch.com	clean	search	link hub, redirector or archive search; results come from enforced engines or no media	internet-tools/Search Engines
www.cross-seed.org	clean	torrent	tool, wiki, status page, subtitle or release index; hosts no media	torrenting/Private Trackers
www.faganfinder.com	clean	search	link hub, redirector or archive search; results come from enforced engines or no media	internet-tools/Search Engines
www.gnod.com	clean	search	link hub, redirector or archive search; results come from enforced engines or no media	audio/Music Discovery | internet-tools/Search Engines
www.nucleodoconhecimento.com.br	clean	video	education/science site; "adult"/"ecchi" match was a false positive	non-english/Streaming
www.oldavista.com	clean	search	link hub, redirector or archive search; results come from enforced engines or no media	internet-tools/Search Engines
www.searchall.net	clean	search	link hub, redirector or archive search; results come from enforced engines or no media	internet-tools/Search Engines
www.shanaproject.com	clean	anime	tool, wiki, status page, subtitle or release index; hosts no media	video/Anime Torrenting
www.suamusica.com.br	clean	torrent	tool, wiki, status page, subtitle or release index; hosts no media	non-english/Torrenting
www.subtitrari-noi.ro	clean	video	tool, wiki, status page, subtitle or release index; hosts no media	non-english/Streaming
www.titrari.ro	clean	video	tool, wiki, status page, subtitle or release index; hosts no media	non-english/Streaming
www.todamateria.com.br	clean	reading	education/science site; "adult"/"ecchi" match was a false positive	non-english/Reading / Leitura
www.yahoo.com	clean	search	link hub, redirector or archive search; results come from enforced engines or no media	internet-tools/Search Engines
yacy.net	clean	search	link hub, redirector or archive search; results come from enforced engines or no media	privacy/Search Engines
yubnub.org	clean	search	link hub, redirector or archive search; results come from enforced engines or no media	internet-tools/Search Engines
