# slug	tier	section	name	evidence	domains (+ = already in Hagezi NSFW at audit time)
hmvmaniaamv	explicit	amv	HMV Mania	everythingmoe NSFW tag	hmvmania.com
anichan	explicit	anime	AniChan	verified labels: genre/adult,genre/hentai,genre/smut	anichan.to
anifyto	general	anime	Anify	anime streaming: ecchi is allowed, only hentai/explicit content is blocked (owner rule 2026-10-03). Was: verified labels: 18+	anify.to animenana.com animetake.tv anime-update.com
anikoto	explicit	anime	Anikoto	verified labels: erotica	anikototv.to anichi.to anisuge.tv animesogo.to anixtv.me animixplay.tube animepahetv.to hianimez.org 9animez.org anikai.se anikaitv.to anikoto.bz anikoto.me anikoto.net anikoto.site anikototv.se animekaitv.to animesalt.to animesugetv.bz animesugez.tv animewave.to anisuge.se
anikotoclones	explicit	anime	Anime Silo	verified labels: adult,erotica,hentai	animesilo.cc all-wish.me anizen.tr gogoanimez.to hianime.ing 9anime.org.lv www.aniverse.sbs yenime.net animesuge.com.in animekai.be moetaku.online yoanime.me babyanime.top animeflixer.com flixeo.tv gogoanimes.me.uk anitaku.com.co aniwatchx.to streamzone1.site
anikura	explicit	anime	Anikura	verified labels: genres/smut	anikura.club
AnimeNoSub	explicit	anime	AnimeNoSub	verified labels: adult,erotica,hentai	animenosub.to
animestreamio	explicit	anime	AniHQ	verified labels: adult,hentai	anihq.cc anihq.to anihq.org
animeworldin	general	anime	AnimeWorld	anime streaming: ecchi is allowed, only hentai/explicit content is blocked (owner rule 2026-10-03). Was: verified labels: 18+	watchanimeworld.one toonstream.dad hindianimeverse.org animejoker.com animesalt.cx piratexplay.cc www.rareanimes.mov anime-world.to theanimeworld.in anime-world.cc watchanimeworld.in anime-world.app
animotvslash	general	anime	Animotvslash	anime streaming: ecchi is allowed, only hentai/explicit content is blocked (owner rule 2026-10-03). Was: verified labels: adult	www.animotvslash.org animotvslash.nl animotv.ru animotvslash.org animotvslash.ru
aniwaveclones	explicit	anime	aniwavecomse	verified labels: erotica	aniwave.com.se 9anime.org.ua aniwave.com.es aniwave.fr 9aniwatch.to
av1please	general	anime	AV1 EnCodes	anime encode download site (same as av1encodes); download sites are not blocked for incidental NSFW (owner rule 2026-10-02). Was: verified labels: genre/hentai	av1please.com av1encodes.com
databasegdriveplayer	explicit	anime	animekai.ro	verified labels: erotica	animekai.ro databasegdriveplayer.co mxplyer2.blogspot.com cdn.api-webs.com megavid.buzz animepahe.ng
itachitv	explicit	anime	Itachi	verified labels: genre/adult,genre/hentai,genre/smut	itachi.tv anilink.cc
luffytv	explicit	anime	LuffyTV	verified labels: genre/adult,genre/hentai,genre/smut	luffytv.live luffytv.online
megaplaysu	explicit	anime	megaplay.su	verified labels: 18+,adult,erotica,hentai	aniwatchtv.com.ro gogoanime.by kissanime.ba hianimetv.su kissanime.com.cv gogoanime.ru.com gogoanime.ovh aniwatch.su
megaplaysu-miruroclones	general	anime	Miruro clones (listed under MegaPlay)	checked 2026-10-03: plain Miruro clones, no hentai/erotica on the page; split from megaplaysu. Anime streaming: ecchi is allowed (owner rule 2026-10-03)	miruro.su miruro.ro
oceanveilnet	explicit	anime	OceanVeil	licensed but primarily adult catalogue	oceanveil.net
WCO	explicit	anime	WCO	verified labels: erotica	www.wcostream.tv www.wcostatus.com www.wcoforever.tv www.wco.tv www.wcofun.net www.wcoanimedub.tv www.wcoanimesub.tv www.wcoflix.tv watchcartoononline.cc
xanime	explicit	anime	Xanime	verified labels: erotica,nsfw	xanime.me xanime.app xanivsrc10.org
yumezone	explicit	anime	YumeZone	verified labels: genre/adult,genre/hentai,genre/smut	yumezone.live
zokoanime	explicit	anime	hianimes.se	verified labels: genre/adult,genre/hentai,genre/smut	hianimes.se hianime.at zokoanime.video
csclab	explicit	apps	CSC LAB	apps for anime, manga, hentai	csc-lab.xyz animecast.xyz manga-cast.com hentaicast.csc-lab.xyz doramacast.csc-lab.xyz
ehpanda	explicit	apps	EhPanda	E-Hentai client app	+ehpanda.app
ehviewer	explicit	apps	Ehviewer	E-Hentai client app	
exhentaimanager	explicit	apps	exhentai-manager	ExHentai client	
hentoid	explicit	apps	Hentoid	hentai reader app	
jhentai	explicit	apps	JHenTai	E-Hentai client app	
aibooru	explicit	artboard	AIBooru	everythingmoe NSFW tag	+aibooru.online
allthefallen	explicit	artboard	All The Fallen	everythingmoe NSFW tag	allthefallen.moe
booruio	explicit	artboard	booru.io	everythingmoe NSFW tag	+booru.io
booruwf	explicit	artboard	booruwf	scrapes gelbooru/danbooru including explicit	booru.cocomi.eu.org
gelbooru	explicit	artboard	Gelbooru	everythingmoe NSFW tag	+gelbooru.com
gsbooru	explicit	artboard	Gsbooru	alt domain labelled NSFW; safe subdomain unreachable, cannot verify	safe.gsbooru.org gsbooru.org
hentaigamecg	explicit	artboard	HentaiGameCG	everythingmoe NSFW tag	+hentaigamecg.com
hypnohub	explicit	artboard	HypnoHub	everythingmoe NSFW tag	+hypnohub.net
kemono	explicit	artboard	Kemono	Patreon/Fanbox leak archive	+kemono.cr
konachan	explicit	artboard	Konachan	.com explicit; .net "safe" rating still returns cleavage-tagged posts	+konachan.com konachan.net
kusowanka	explicit	artboard	Kusowanka	everythingmoe NSFW tag	+kusowanka.com
nozomila	explicit	artboard	Nozomi.la	everythingmoe NSFW tag	+nozomi.la
pawchive	explicit	artboard	Pawchive	Patreon/Fanbox leak archive	+pawchive.pw pawchive.st
pixbooru	explicit	artboard	Pixbooru	all-in-one booru scraper	www.pixbooru.com
pixivpics	explicit	artboard	Pixiv Viewer	pixiv viewer/proxy, bypasses pixiv login gate	+pixiv.pictures pixivfe-docs.pages.dev
r34	explicit	artboard	Rule 34	everythingmoe NSFW tag	+rule34.xxx +rule34video.com +rule34.us +rule34.paheal.net
r34xyz	explicit	artboard	r-34.xyz	everythingmoe NSFW tag	+r-34.xyz
scrollx	explicit	artboard	scrollX	everythingmoe NSFW tag	+scrollx.org
swfchan	explicit	artboard	swfchan	homepage porn labels	swfchan.com
tbiborg	explicit	artboard	tbib.org	everythingmoe NSFW tag	+tbib.org
xbooru	explicit	artboard	Xbooru	everythingmoe NSFW tag	+xbooru.com
yande	explicit	artboard	Yande.re	everythingmoe NSFW tag	+yande.re
anoboye	explicit	donghua	Anoboye	verified labels: adult,erotica,r-18	anoboye.com zhanime.se zunime.live
naruldonghua	explicit	donghua	NarulDonghua	verified labels: erotica	naruldonghua.com
anidl	general	download	AniDL	general-purpose piracy (torrent/DDL/streaming); not blocked for incidental NSFW (owner rule 2026-10-02). Was: verified labels: genre/adult,genre/hentai,genre/smut	anidl.org
av1encodes	general	download	AV1 EnCodes	general-purpose piracy (torrent/DDL/streaming); not blocked for incidental NSFW (owner rule 2026-10-02). Was: verified labels: genre/hentai	av1please.com av1encodes.com av1animes.netlify.app
bszip	general	download	Book Share ZIP	general-purpose piracy (torrent/DDL/streaming); not blocked for incidental NSFW (owner rule 2026-10-02). Was: verified labels: adult	bszip.com
dlrawse	general	download	DL-Raw	general-purpose piracy (torrent/DDL/streaming); not blocked for incidental NSFW (owner rule 2026-10-02). Was: verified labels: adult,hentai,smut	dl-raw.ac dlraw.me mangazip.co
erogevn	explicit	download	erogevn.net	everythingmoe NSFW tag	erogevn.net
nyaasi	general	download	Nyaa	general-purpose piracy (torrent/DDL/streaming); not blocked for incidental NSFW (owner rule 2026-10-02). Was: main site lists ecchi anime	nyaa.si nyaa.iss.one nyaa.iss.ink nyaa.land
nyaasi-sukebei	explicit	download	Nyaa Sukebei	hentai-only torrent tracker (split from nyaasi)	sukebei.nyaa.si
sakuracircle	explicit	download	SakuraCircle	everythingmoe NSFW tag	+sakuracircle.com
sdtoons	general	download	SD Toons	general-purpose piracy (torrent/DDL/streaming); not blocked for incidental NSFW (owner rule 2026-10-02). Was: verified labels: erotica,hentai,nsfw	sdtoons.com
asianctvco	general	drama	Asianc TV	general-purpose piracy (torrent/DDL/streaming); not blocked for incidental NSFW (owner rule 2026-10-02). Was: verified labels: erotica	asianc.id drama123.tv hidrama.to asianctv.net asianctv.co asianctv.cc dramacools9.cam
kissoppa	general	drama	KissOppa	general-purpose piracy (torrent/DDL/streaming); not blocked for incidental NSFW (owner rule 2026-10-02). Was: homepage title advertises Vivamax (erotic films)	dramacool.asia www.kissoppa.com freshdrama.net kisskh.org
4ch	explicit	forums	4ch/a/	4chan boards domain (4chan.org already blocked)	boards.4channel.org
ulmforg	explicit	forums	ULMF	everythingmoe NSFW tag	+ulmf.org
cpgrepacks	explicit	game	CPG Repacks	everythingmoe NSFW tag	+cpgrepacks.site
dlsite	explicit	game	DLsite	licensed but primarily adult catalogue	www.dlsite.com
erogedownload	explicit	game	Eroge Download	everythingmoe NSFW tag	+erogedownload.com erogegames.com
erolabs	explicit	game	EROLABS	everythingmoe NSFW tag	www.ero-labs.com
f95zone	explicit	game	F95zone	everythingmoe NSFW tag	+f95zone.to
fapforfun	explicit	game	FapForFun	everythingmoe NSFW tag	+fapforfun.net
ggbasesgame	explicit	game	GGBases	everythingmoe NSFW tag	+www.ggbases.com
hcapital	explicit	game	Hcapital	everythingmoe NSFW tag	hcapital.tk
hentaibedta	explicit	game	HentaiBedta	everythingmoe NSFW tag	+hentaibedta.net
hgame18	explicit	game	H-Game18	everythingmoe NSFW tag	+h-game18.xyz hentaiox.com
hsuki	explicit	game	h-suki.com	everythingmoe NSFW tag	h-suki.com
johrengames	explicit	game	Johren 18+	everythingmoe NSFW tag	+www.johren.games patch.moe
kaguragames	explicit	game	KaguraGames	licensed but primarily adult catalogue	www.kaguragames.com
kimochi	explicit	game	Kimochi Gaming	everythingmoe NSFW tag	+kimochi.info
mangagamer	explicit	game	MangaGamer	licensed but primarily adult catalogue	www.mangagamer.com
myhentaiorg	explicit	game	myhentai.org	everythingmoe NSFW tag	+myhentai.org
nutaku	explicit	game	Nutaku	everythingmoe NSFW tag	+www.nutaku.net
otomigames	explicit	game	Otomi Games	everythingmoe NSFW tag	+otomi-games.com
pornova	explicit	game	PORNOVA	everythingmoe NSFW tag	+pornova.org
ryuugames	explicit	game	Ryuugames	everythingmoe NSFW tag	+www.ryuugames.com
shiravune	explicit	game	Shiravune	licensed but primarily adult catalogue	shiravune.com
vnpocket	explicit	game	VNPocket	everythingmoe NSFW tag	+vnpocket.com
akihcom	explicit	hentai	Aki-H	everythingmoe NSFW tag	+aki-h.com anime-h.com
eshentai	explicit	hentai	ESHentai	everythingmoe NSFW tag	+eshentai.tv
hahomoe	explicit	hentai	haho.moe	everythingmoe NSFW tag	+haho.moe
hanime	explicit	hentai	Hanime.tv	everythingmoe NSFW tag	+hanime.tv +freeanimehentai.net
hanime1me	explicit	hentai	Hanime1.me	everythingmoe NSFW tag	+hanime1.me
hentai0	explicit	hentai	Hentai0.com	everythingmoe NSFW tag	+hentai0.com
hentai2w	explicit	hentai	Hentai2W	everythingmoe NSFW tag	+hentai2w.com
hentaibros	explicit	hentai	Hentaibros	everythingmoe NSFW tag	+hentaibros.net
hentaicity	explicit	hentai	HentaiCity	everythingmoe NSFW tag	+hentaicity.com
hentaicloud	explicit	hentai	HentaiCloud	everythingmoe NSFW tag	+www.hentaicloud.com
hentaidb	explicit	hentai	HentaiDB	everythingmoe NSFW tag	+hentaidb.xyz
hentaiforme	explicit	hentai	hentai-for.me	everythingmoe NSFW tag	+hentai-for.net
hentaifoxtv	explicit	hentai	HentaiFox.tv	everythingmoe NSFW tag	+hentaifox.tv +hentaifox.com
hentaifreakorg	explicit	hentai	HentaiFreak	everythingmoe NSFW tag	+hentaifreak.org
hentaigasm	explicit	hentai	Hentaigasm	everythingmoe NSFW tag	+hentaigasm.com
hentaihaven	explicit	hentai	hentaihaven	everythingmoe NSFW tag	+hentaihaven.xxx +hentaihaven.com +hanimehentai.tv
hentaiht	explicit	hentai	Hentai.ht	everythingmoe NSFW tag	hentai.ht
hentaimama	explicit	hentai	HentaiMama	everythingmoe NSFW tag	+hentaimama.io
hentaimoon	explicit	hentai	HentaiMoon	everythingmoe NSFW tag	+hentai-moon.com
hentaini	explicit	hentai	Hentaini	everythingmoe NSFW tag	+hentaini.com
hentaiocean	explicit	hentai	Hentai Ocean	everythingmoe NSFW tag	+hentaiocean.com +hentaicheeks.com hentaihaven.li hentaiporn.li
hentaiplay	explicit	hentai	HentaiPlay	everythingmoe NSFW tag	+hentaiplay.net
hentaisea	explicit	hentai	Hentaisea	everythingmoe NSFW tag	+hentaisea.com
hentaiser	explicit	hentai	Hentaiser	everythingmoe NSFW tag	+app.hentaiser.com +hentaiser.com
hentaish	explicit	hentai	Hentai.SH	everythingmoe NSFW tag	+hentai.sh
hentaistream	explicit	hentai	HentaiStream	everythingmoe NSFW tag	+tube.hentaistream.com
hentaitv	explicit	hentai	hentai.tv	everythingmoe NSFW tag	+hentai.tv +animeidhentai.com +hanime.red +hentaistream.xxx +hentaiking.com +uncensoredhentai.xxx +hentaila.io +hentaihaven.co hentaihaven.wtf +muchohentai.tv +hentaigasm.tv +hentaibar.xxx +hentaigeek.com hentailove.xxx +hentai.pro
hentaivideoworld	explicit	hentai	HentaiVideoWorld	everythingmoe NSFW tag	+hentaivideoworld.com
hentaiworldtv	explicit	hentai	HentaiWorld	everythingmoe NSFW tag	+hentaiworld.tv
hentaverse	explicit	hentai	Hentaverse	everythingmoe NSFW tag	+hentaverse.com
hentia	explicit	hentai	Hentia	everythingmoe NSFW tag	+hentia.xxx
hmvmania	explicit	hentai	HMV Mania	everythingmoe NSFW tag	hmvmania.com
hstreammoe	explicit	hentai	HStream.moe	everythingmoe NSFW tag	+hstream.moe
iwaratv	explicit	hentai	Iwara	everythingmoe NSFW tag	+www.iwara.tv
kisshentaiz	explicit	hentai	KissHentaiz	everythingmoe NSFW tag	+kisshentaiz.com
muchohentai	explicit	hentai	MuchoHentai	everythingmoe NSFW tag	+muchohentai.com
myhentaimovie	explicit	hentai	MyHentaiMovie	everythingmoe NSFW tag	+myhentaimovie.com
oceanveil	explicit	hentai	OceanVeil	everythingmoe NSFW tag	oceanveil.net
onlyhentaistuff	explicit	hentai	OnlyHentaiStuff	everythingmoe NSFW tag	+www.onlyhentaistuff.com
oppaistream	explicit	hentai	oppai.stream	everythingmoe NSFW tag	+oppai.stream
underhentai	explicit	hentai	UnderHentai	everythingmoe NSFW tag	+www.underhentai.net
vidhentai	explicit	hentai	VidHentai	everythingmoe NSFW tag	+vidhentai.com
watchhentai	explicit	hentai	WatchHentai	everythingmoe NSFW tag	+watchhentai.net fkhentai.com
xanimeporn	explicit	hentai	Xanimeporn	everythingmoe NSFW tag	+www.xanimeporn.com
zhentube	explicit	hentai	Zhentube	everythingmoe NSFW tag	+zhentube.com
18kami	explicit	hentairead	18Kami	everythingmoe NSFW tag	+18comic.vip
3hentai	explicit	hentairead	3Hentai	everythingmoe NSFW tag	+3hentai.net
9hentai	explicit	hentairead	9hentai	everythingmoe NSFW tag	+9hentai.so
akumamoe	explicit	hentairead	akuma.moe	everythingmoe NSFW tag	+akuma.moe +yabai.si
asmhentai	explicit	hentairead	AsmHentai	everythingmoe NSFW tag	+asmhentai.com
baramangaonline	explicit	hentairead	BaraMangaOnline	everythingmoe NSFW tag	+baramangaonline.com
caitlin	explicit	hentairead	Caitlin.top	everythingmoe NSFW tag	+caitlin.top
cinguru	explicit	hentairead	cin.guru	everythingmoe NSFW tag	cin.guru
doujinio	explicit	hentairead	J18	everythingmoe NSFW tag	+doujin.io
doujinli	explicit	hentairead	Doujinli	everythingmoe NSFW tag	doujin.li
doujinscom	explicit	hentairead	Doujins.com	everythingmoe NSFW tag	+doujins.com
doujinsexy	explicit	hentairead	Doujin.sexy	everythingmoe NSFW tag	+doujin.sexy
doujiva	explicit	hentairead	Doujiva	everythingmoe NSFW tag	+doujiva.com
eahentai	explicit	hentairead	EAHentai	everythingmoe NSFW tag	+eahentai.com
erovault	explicit	hentairead	EroVault.xyz	everythingmoe NSFW tag	www.erovault.xyz
exhentai	explicit	hentairead	E-Hentai	everythingmoe NSFW tag	+e-hentai.org +exhentai.org e-hentaitagsearch.blogspot.com +yabai.si
faccina	explicit	hentairead	HenTalk	everythingmoe NSFW tag	+hentalk.pw fakkuonion.airdns.org +fakku.cc
fakku	explicit	hentairead	Fakku	everythingmoe NSFW tag	+www.fakku.net
fhentai	explicit	hentairead	Fhentai	everythingmoe NSFW tag	fhentai.net
hdoujin	explicit	hentairead	HDoujin	everythingmoe NSFW tag	+hdoujin.org
hentai2	explicit	hentairead	Hentai2	everythingmoe NSFW tag	+hentai2.net hentai18.org +2hentai.net
hentai2read	explicit	hentairead	Hentai2Read	everythingmoe NSFW tag	+hentai2read.com
hentaidbcomic	explicit	hentairead	HentaiDB - Comics	everythingmoe NSFW tag	+hentaidb.xyz
hentaifc	explicit	hentairead	HentaiFC	everythingmoe NSFW tag	+hentaifc.com
hentaiforce	explicit	hentairead	HentaiForce	everythingmoe NSFW tag	+hentaiforce.net
hentaifox	explicit	hentairead	HentaiFox	everythingmoe NSFW tag	+hentaifox.com +hentaifox.tv
hentaihand	explicit	hentairead	HentaiHand	everythingmoe NSFW tag	+hentaihand.com
hentaihere	explicit	hentairead	Hentaihere	everythingmoe NSFW tag	+hentaihere.com
hentaihug	explicit	hentairead	Hentaihug	everythingmoe NSFW tag	www.hentaihug.com
hentaikisu	explicit	hentairead	HentaiKisu	everythingmoe NSFW tag	+hentaikisu.com
hentailand	explicit	hentairead	Hentailand	everythingmoe NSFW tag	hentailand.fun
hentailoop	explicit	hentairead	HentaiLoop	everythingmoe NSFW tag	+hentailoop.com
hentainame	explicit	hentairead	Hentai.name	everythingmoe NSFW tag	+www.hentai.name
hentainexus	explicit	hentairead	HentaiNexus	everythingmoe NSFW tag	+hentainexus.com +nexus.hentalk.pw
hentaipaw	explicit	hentairead	HentaiPaw	everythingmoe NSFW tag	+hentaipaw.com
hentairead	explicit	hentairead	HentaiRead	everythingmoe NSFW tag	hentairead.com manhwaread.com
hentaivox	explicit	hentairead	HentaiVox	everythingmoe NSFW tag	+hentaivox.com
hentaizap	explicit	hentairead	HentaiZap	everythingmoe NSFW tag	+hentaizap.com
hitomi	explicit	hentairead	Hitomi.la	everythingmoe NSFW tag	+hitomi.la
imhentai	explicit	hentairead	IMHentai	everythingmoe NSFW tag	+imhentai.xxx +hentaiera.com +hentaienvy.com
kskmoe	explicit	hentairead	Schale Network	everythingmoe NSFW tag	schale.network +shupogaki.moe +niyaniya.moe gitgud.io anchira.to
kurahentai	explicit	hentairead	KuraHentai	everythingmoe NSFW tag	kurahentai.com
mangahen	explicit	hentairead	MangaHen	everythingmoe NSFW tag	+manga-hen.com
mangalotus	explicit	hentairead	MangaLotus	everythingmoe NSFW tag	+mangalotus.com
mangamaniacs	explicit	hentairead	Mangamaniacs	everythingmoe NSFW tag	+mangamaniacs.org
mangaxl	explicit	hentairead	MangaXL	everythingmoe NSFW tag	mangaxl.com
mhentai	explicit	hentairead	M-Hentai	everythingmoe NSFW tag	+m-hentai.net
myreadingmanga	explicit	hentairead	MyReadingManga	everythingmoe NSFW tag	+myreadingmanga.info
naisho	explicit	hentairead	Naisho	everythingmoe NSFW tag	naisho.moe
nhentai	explicit	hentairead	nhentai	everythingmoe NSFW tag	+nhentai.net
pururin	explicit	hentairead	Pururin	everythingmoe NSFW tag	pururin.me
simplyhentai	explicit	hentairead	SimplyHentai	everythingmoe NSFW tag	+simply-hentai.com
yaoimangaonline	explicit	hentairead	YaoiMangaOnline	everythingmoe NSFW tag	+yaoimangaonline.com
coolmic	explicit	manga	Coolmic	licensed but primarily adult catalogue	coolmic.me
dankemoe	explicit	manga	Danke fürs Lesen	verified labels: 18+,nsfw	danke.moe
dynastyscans	explicit	manga	Dynasty Reader	verified labels: nsfw	dynasty-scans.com
fanfox	explicit	manga	Mangafox	verified labels: smut	fanfox.net m.fanfox.net mangafox.la +www.mangahere.cc
hachiraw	explicit	manga	Hachiraw	verified labels: adult	hachiraw.win
hachirumi	explicit	manga	Hachirumi	verified labels: 18+,nsfw	hachirumi.com
klto9	explicit	manga	KT9	verified labels: adult,smut	klto9.com jestful.net mn4u.net klz9.com hachiraw.win manga1001.xyz manga1000.top
likemangaio	explicit	manga	LikeManga	verified labels: 18+,adult,smut	likemanga.ink mgread.io +mangayy.org likemanga.in
lilymanga	explicit	manga	Lilymanga	verified labels: 18+	lilymanga.net
mangadex	explicit	manga	MangaDex	erotica/pornographic ratings on mangadex.org; use the router proxy instead	mangadex.org
mangadoom	explicit	manga	MangaDoom	verified labels: smut	manga-doom.com
mangago	explicit	manga	Mangago	verified labels: genre/adult,genre/hentai,genre/smut	www.mangago.me www.mangago.zone
mangahub	explicit	manga	MangaHub	verified labels: genre/adult,genre/hentai,genre/smut	mangahub.io 1manga.co manganel.me mangareader.site mangahere.onl onemanga.info mangaonline.fun mangatoday.fun mangafox.fun mangakakalot.fun
manganato	explicit	manga	Manganato.gg	verified labels: adult,erotica,hentai,pornographic,smut	www.manganato.gg comick.live comick.art www.natomanga.com www.nelomanga.net www.mangabats.com bbato.com xbato.co.uk batoto18.com www.clanmanhwa.com www.mangakakalove.com www.mangakakalot.gg www.shonenmangaz.com www.likemanga.co.uk comickz.co.uk mangabuddy1.co.uk zeroscann.com manganato.com mangairo.com chapmanganato.com mangakakalot.com mangabat.com m.manganelo.com 2xstorage.com
mangaraw4u	explicit	manga	MangaRaw4u	verified labels: adult,hentai,smut	mangaraw4u.com
mangarawbest	explicit	manga	漫画 raw	verified labels: hentai	mangaraw.best klmanga.talk
mangareadorg	explicit	manga	MangaRead	verified labels: smut	mangaread.org manganow.to
mangasushi	explicit	manga	Mangasushi	verified labels: adult,smut	mangasushi.org
manhuabuddy	explicit	manga	ManhuaBuddy	verified labels: adult	manhuabuddy.com
manhuaplus	explicit	manga	ManhuaPlus	verified labels: adult,smut	manhuaplus.top manhuaplus.com
manhuascan	explicit	manga	KaliScan	verified labels: adult,smut	kaliscan.io kaliscan.com kaliscan.me mgjinx.com
nicomanga	explicit	manga	Nicomanga	verified labels: adult,erotica,smut	nicomanga.com rawinu.com mangagun.net
nihonkuni	explicit	manga	NihonKuni	verified labels: adult,erotica,smut	nihonkuni.com
ninekon	explicit	manga	Ninekon	title: Doujins and hentai app	app.ninekon.com
raw1001	explicit	manga	raw1001	verified labels: adult,hentai,smut	raw1001.net mangakoma.net
rawlazy	explicit	manga	RawLazy	verified labels: hentai	rawlazy.io rawlazy.rs
rawsakura	explicit	manga	RawSakura	verified labels: adult,hentai,smut	rawsakura.org
rawuwu	explicit	manga	Rawdevart	verified labels: adult,hentai,smut	rawdevart.art rawuwu.net rawuwu.com
readmangacc	explicit	manga	ReadManga	verified labels: adult,erotica	readmanga.cc
silentquill	explicit	manga	KDT Scans	verified labels: adult	silentquill.net
vyvymanga	explicit	manga	VyManga	verified labels: erotica,pornographic,r-18,r18,smut,uncensored	mangavyvy.com mangavyvy.net vymanga.co vymanga.com
xcomic	explicit	manga	XComic	verified labels: adult,hentai,smut	xcomic.me xcomic.net comik.to yona.to
zinmanga	explicit	manga	Zinmanga	verified labels: adult,erotica,hentai,pornographic,smut	www.zinmanga.net www.zazamanga.com www.likemanga.vip www.manhwaclan.co.uk www.kunmanga.co.uk www.harimanga.vip www.harimanga.co.uk www.manganato.gg www.mangakakalot.gg www.natomanga.com www.nelomanga.com www.mangabats.com
cocomic	explicit	manhwa	Cocomic	verified labels: smut	cocomic.co
comicland	explicit	manhwa	ComicLand	everythingmoe NSFW tag	comicland.org
divascans	explicit	manhwa	Diva Scans	verified labels: adult,smut	divascans.com
galaxymanga	explicit	manhwa	Galaxy Manga	verified labels: adult,smut	galaxymanga.io
happytoon	explicit	manhwa	HappyToon	everythingmoe NSFW tag	happytoon01.com
hentai20	explicit	manhwa	Hentai20.io	everythingmoe NSFW tag	+hentai20.io hentai3z.cc +hentai3z.xyz manga18h.com
hiperdex	explicit	manhwa	HiperDEX	everythingmoe NSFW tag	+hiperdex.com +hiperdex.tv
kingofshojo	explicit	manhwa	Kingofshojo	verified labels: adult,smut	kingofshojo.com
lewdmanhwa	explicit	manhwa	LewdManhwa	everythingmoe NSFW tag	lewdmanhwa.com
lezhin	explicit	manhwa	Lehzin	licensed but primarily adult catalogue	+www.lezhinus.com www.lezhin.com
madaradex	explicit	manhwa	MadaraDex	everythingmoe NSFW tag	+madaradex.org
manga18	explicit	manhwa	Manga18.club	everythingmoe NSFW tag	+manga18.club
manga18fx	explicit	manhwa	Manga18fx	everythingmoe NSFW tag	+manga18fx.com
mangadistrict	explicit	manhwa	Manga District	everythingmoe NSFW tag	+mangadistrict.com
mangagg	explicit	manhwa	MangaGG	verified labels: 18+,smut	mangagg.com manhuamanhwa.com freemangatop.com
mangator	explicit	manhwa	Mangator	everythingmoe NSFW tag	mangator.com mangahe.com
mangatx	explicit	manhwa	MangaTx	everythingmoe NSFW tag	+mangatx.cc
mangazin	explicit	manhwa	Mangazin	verified labels: smut	mangazin.org
manhwa18	explicit	manhwa	Manhwa18	everythingmoe NSFW tag	+manhwa18.com
manhwabuddy	explicit	manhwa	ManhwaBuddy	everythingmoe NSFW tag	+manhwabuddy.com
manhwaden	explicit	manhwa	manhwaDen	everythingmoe NSFW tag	manhwaden.com
manhwaepisodes	explicit	manhwa	ManhwaEpisodes	everythingmoe NSFW tag	+manhwaepisodes.com
manhwahentai	explicit	manhwa	Manhwahentai	everythingmoe NSFW tag	+manhwahentai.io hentai20.online
manhwasusu	explicit	manhwa	ManhwaSusu	everythingmoe NSFW tag	manhwasusu.com
manhwatop	explicit	manhwa	Manhwatop	verified labels: smut	manhwatop.com
omegascans	explicit	manhwa	OmegaScans	everythingmoe NSFW tag	+omegascans.org
pornhwaz	explicit	manhwa	Pornhwaz	everythingmoe NSFW tag	www.pornhwaz.com
projectsuki	explicit	manhwa	Projectsuki	verified labels: genre/adult,genre/hentai,genre/smut	projectsuki.com
qtoonorg	explicit	manhwa	qtoon.org	everythingmoe NSFW tag	qtoon.org
readoppai	explicit	manhwa	oppai.stream	everythingmoe NSFW tag	+read.oppai.stream
theblank	explicit	manhwa	The Blank	everythingmoe NSFW tag	+theblank.net
toomics	explicit	manhwa	Toomics	licensed but primarily adult catalogue	+toomics.com toomics.in
toomicsfree	explicit	manhwa	HotComics	everythingmoe NSFW tag	+hotcomics.me +hotcomics.io toonhey.com daycomics.me
toon18	explicit	manhwa	Toon18	everythingmoe NSFW tag	toon18.to
toongod	explicit	manhwa	Toongod	everythingmoe NSFW tag	+www.toongod.org
toonitube	explicit	manhwa	TooniTube	everythingmoe NSFW tag	toontop.io toonitube.com +toonily.me beehentai.com
webtooni	explicit	manhwa	Webtooni	everythingmoe NSFW tag	webtooni.net heytoon.net
webtoonraw	explicit	manhwa	ManhwaRaw18	everythingmoe NSFW tag	manhwaraw18.com webtoonraw.com
webtoonxyz	explicit	manhwa	webtoon.xyz	everythingmoe NSFW tag	+www.webtoon.xyz
xtoon2	explicit	manhwa	Xtoon	everythingmoe NSFW tag	newxtoon1.com
xtoonhub	explicit	manhwa	XToonhub	everythingmoe NSFW tag	xtoonhub1.com
allnovelfull	explicit	novel	NovelFull	verified labels: adult,hentai,smut	novelfull.net allnovelfull.net novgo.net readnovelfull.com novelxo.org novelnext.com
fucknovelpia	explicit	novel	FUCKNOVELPIA	verified labels: adult,smut	fucknovelpia.com epub.kfcok.net novelfinder.net
innread	explicit	novel	FreeWebNovel	verified labels: adult,smut	freewebnovel.com bednovel.com libread.com novellive.app innread.com
lnori	explicit	novel	Lnori	verified labels: adult	lnori.com files.lnori.com
novelarrow	explicit	novel	Novel Arrow	verified labels: genre/adult,genre/smut	novelarrow.com
novelbuddy	explicit	novel	NovelBuddy	verified labels: genres/hentai,genres/smut	novelbuddy.me novelbuddy.io lightnovelpub.io novelfab.com novelkiss.com
noveldex	explicit	novel	NovelDex	verified labels: adult,smut	noveldex.io comicdex.net
novelhall	explicit	novel	Novelhall	verified labels: adult	www.novelhall.com
novelusb	explicit	novel	Novel Bin	verified labels: 18+,adult,hentai,nudity,r-18,r18,smut	novel-bin.com novel-bin.net www.novelbin.cc novelnice.com novelbin.com novelbin.me novelbin.org novlove.com
xnovel	explicit	novel	Xnovel	verified labels: adult,smut	xnovel.me xnovel.app
doujinshiinfo	explicit	tracker	Doujinshi.info	doujinshi DB with covers	www.doujinshi.info
doujinshiwiki	explicit	tracker	Doujinshi.wiki	doujinshi DB; alt domain sukebei.nyaa.si	doujinshi.wiki sukebei.nyaa.si
hentaitagsearch	explicit	wiki	Tag Search Blogs	e-hentai tag search	e-hentaitagsearch.blogspot.com hitomitagsearch.blogspot.com nhentaitagsearch.blogspot.com
trueharemcarrd	review	wiki	TrueHarem	information list of harem titles (covers and tags, no media); databases like MAL are not blocked (owner rule 2026-10-06)	trueharem.carrd.co multiending.carrd.co
123animes	general	anime	aniwaves.ru	anime streaming: ecchi is allowed, only hentai/explicit content is blocked (owner rule 2026-10-03). Was: verified labels: ecchi	aniwaves.ru lite.aniwaves.ru 123animehub.cc 123anime.la animixplay.la hianimes.ru guts.to 123animes.ru zorotv.cc okarun.moe kissanimefree.cc w1.zoro.se 9anime.cc animixplay.st animixplay.name animecool.xyz aniwave.se animet.to hlsx3cdn.burntburst45.store echovideo.ru
2dhive	general	anime	2Dhive	anime streaming: ecchi is allowed, only hentai/explicit content is blocked (owner rule 2026-10-03). Was: verified labels: ecchi	2dhive.com babastream.top
4animo	general	anime	Animo	anime streaming: ecchi is allowed, only hentai/explicit content is blocked (owner rule 2026-10-03). Was: unofficial full-catalogue anime source (inferred: catalogue includes ecchi titles)	4animo.xyz zangetsu.cc
AllAnime	general	anime	MKissa	anime streaming: ecchi is allowed, only hentai/explicit content is blocked (owner rule 2026-10-03). Was: unofficial full-catalogue anime source (inferred: catalogue includes ecchi titles)	mkissa.to +allmanga.to
aniclipse	general	anime	AniClipse	anime streaming: ecchi is allowed, only hentai/explicit content is blocked (owner rule 2026-10-03). Was: unofficial full-catalogue anime source (inferred: catalogue includes ecchi titles)	aniclipse.com anikoto.cx vidhawk.buzz
anicore	general	anime	Anikage	anime streaming: ecchi is allowed, only hentai/explicit content is blocked (owner rule 2026-10-03). Was: unofficial full-catalogue anime source (inferred: catalogue includes ecchi titles)	anikage.cc anicore.tv
anidap	general	anime	Anidap	anime streaming: ecchi is allowed, only hentai/explicit content is blocked (owner rule 2026-10-03). Was: verified labels: ecchi	anidap.lol
anigum	general	anime	StreamX	anime streaming: ecchi is allowed, only hentai/explicit content is blocked (owner rule 2026-10-03). Was: unofficial full-catalogue anime source (inferred: catalogue includes ecchi titles)	streamex.sh anicine.xyz anidoor.me anigum.com
anikuro	general	anime	Anikuro	anime streaming: ecchi is allowed, only hentai/explicit content is blocked (owner rule 2026-10-03). Was: unofficial full-catalogue anime source (inferred: catalogue includes ecchi titles)	anikuro.ru anikuro.to anikuro.site
anilight	general	anime	AniLight	anime streaming: ecchi is allowed, only hentai/explicit content is blocked (owner rule 2026-10-03). Was: unofficial full-catalogue anime source (inferred: catalogue includes ecchi titles)	anilight.live
animedekho	general	anime	AnimeDekho	anime streaming: ecchi is allowed, only hentai/explicit content is blocked (owner rule 2026-10-03). Was: unofficial full-catalogue anime source (inferred: catalogue includes ecchi titles)	animedekho.app animoye.com toono.in tooniboy.com multishows.fun animahd.com animedekho.com animedekho.net animedekho.co
animedex	general	anime	AnimeDex	anime streaming: ecchi is allowed, only hentai/explicit content is blocked (owner rule 2026-10-03). Was: unofficial full-catalogue anime source (inferred: catalogue includes ecchi titles)	animedex.fun
animedunya	general	anime	Anime-Dunya	anime streaming: ecchi is allowed, only hentai/explicit content is blocked (owner rule 2026-10-03). Was: unofficial full-catalogue anime source (inferred: catalogue includes ecchi titles)	anime-dunya.com
animegers	general	anime	Animegers	anime streaming: ecchi is allowed, only hentai/explicit content is blocked (owner rule 2026-10-03). Was: verified labels: genre/ecchi	animegers.com
ANIMEGG	general	anime	ANIMEGG	anime streaming: ecchi is allowed, only hentai/explicit content is blocked (owner rule 2026-10-03). Was: unofficial full-catalogue anime source (inferred: catalogue includes ecchi titles)	www.animegg.org
AnimeHeaven	general	anime	AnimeHeaven	anime streaming: ecchi is allowed, only hentai/explicit content is blocked (owner rule 2026-10-03). Was: unofficial full-catalogue anime source (inferred: catalogue includes ecchi titles)	animeheaven.me
animekizz	general	anime	AnimeKizz	anime streaming: ecchi is allowed, only hentai/explicit content is blocked (owner rule 2026-10-03). Was: unofficial full-catalogue anime source (inferred: catalogue includes ecchi titles)	animekizz.live
animeloads	general	anime	Anime-Loads	anime streaming: ecchi is allowed, only hentai/explicit content is blocked (owner rule 2026-10-03). Was: unofficial full-catalogue anime source (inferred: catalogue includes ecchi titles)	www.anime-loads.org
animenexus	general	anime	Anime Nexus	anime streaming: ecchi is allowed, only hentai/explicit content is blocked (owner rule 2026-10-03). Was: unofficial full-catalogue anime source (inferred: catalogue includes ecchi titles)	anime.nexus animenexus.tv
AnimeOnsen	general	anime	AnimeOnsen	anime streaming: ecchi is allowed, only hentai/explicit content is blocked (owner rule 2026-10-03). Was: unofficial full-catalogue anime source (inferred: catalogue includes ecchi titles)	www.animeonsen.xyz v3-dev.animeonsen.xyz
animepahe	general	anime	animepahe	anime streaming: ecchi is allowed, only hentai/explicit content is blocked (owner rule 2026-10-03). Was: unofficial full-catalogue anime source (inferred: catalogue includes ecchi titles)	animepahe.pw animepahe.com animepahe.org animepahe.ru animepahe.si owocdn.top
AnimeParadise	general	anime	AnimeParadise	anime streaming: ecchi is allowed, only hentai/explicit content is blocked (owner rule 2026-10-03). Was: unofficial full-catalogue anime source (inferred: catalogue includes ecchi titles)	www.animeparadise.moe
animesheaven	general	anime	Animeya	anime streaming: ecchi is allowed, only hentai/explicit content is blocked (owner rule 2026-10-03). Was: unofficial full-catalogue anime source (inferred: catalogue includes ecchi titles)	www.animeya.cc anighar.cloud
animetvplus	general	anime	animeTVplus	anime streaming: ecchi is allowed, only hentai/explicit content is blocked (owner rule 2026-10-03). Was: verified labels: ecchi	animetvplus.xyz
animeyubi	general	anime	Animeyubi	anime streaming: ecchi is allowed, only hentai/explicit content is blocked (owner rule 2026-10-03). Was: unofficial full-catalogue anime source (inferred: catalogue includes ecchi titles)	animeyubi.com
anipm	general	anime	ani.pm	anime streaming: ecchi is allowed, only hentai/explicit content is blocked (owner rule 2026-10-03). Was: unofficial full-catalogue anime source (inferred: catalogue includes ecchi titles)	+ani.pm
anisnatch	general	anime	AniSnatch	anime streaming: ecchi is allowed, only hentai/explicit content is blocked (owner rule 2026-10-03). Was: unofficial full-catalogue anime source (inferred: catalogue includes ecchi titles)	anisnatch.to anisnatch.top anisnatch.site
anistream	general	anime	Anistream	anime streaming: ecchi is allowed, only hentai/explicit content is blocked (owner rule 2026-10-03). Was: unofficial full-catalogue anime source (inferred: catalogue includes ecchi titles)	anistream.one
AniWorld	general	anime	AniWorld	anime streaming: ecchi is allowed, only hentai/explicit content is blocked (owner rule 2026-10-03). Was: unofficial full-catalogue anime source (inferred: catalogue includes ecchi titles)	aniworld.to aniworld.domains
anixo	general	anime	AniXo	anime streaming: ecchi is allowed, only hentai/explicit content is blocked (owner rule 2026-10-03). Was: unofficial full-catalogue anime source (inferred: catalogue includes ecchi titles)	anixo.online
anizone	general	anime	AniZone	anime streaming: ecchi is allowed, only hentai/explicit content is blocked (owner rule 2026-10-03). Was: unofficial full-catalogue anime source (inferred: catalogue includes ecchi titles)	anizone.to
bettermelon	general	anime	bettermelon	anime streaming: ecchi is allowed, only hentai/explicit content is blocked (owner rule 2026-10-03). Was: unofficial full-catalogue anime source (inferred: catalogue includes ecchi titles)	bettermelon.ru
enmalol	general	anime	Enma	anime streaming: ecchi is allowed, only hentai/explicit content is blocked (owner rule 2026-10-03). Was: unofficial full-catalogue anime source (inferred: catalogue includes ecchi titles)	www.enma.lol www.anipub.xyz aniwatch.fit hianimes.cz
fireanime	general	anime	FireAnime	anime streaming: ecchi is allowed, only hentai/explicit content is blocked (owner rule 2026-10-03). Was: verified labels: ecchi	fireani.me
gotaku	general	anime	Gotaku	anime streaming: ecchi is allowed, only hentai/explicit content is blocked (owner rule 2026-10-03). Was: unofficial full-catalogue anime source (inferred: catalogue includes ecchi titles)	gotaku.to
just4anime	general	anime	Just4Anime	anime streaming: ecchi is allowed, only hentai/explicit content is blocked (owner rule 2026-10-03). Was: verified labels: ecchi	just4anime.online
justanime	general	anime	JustAnime	anime streaming: ecchi is allowed, only hentai/explicit content is blocked (owner rule 2026-10-03). Was: unofficial full-catalogue anime source (inferred: catalogue includes ecchi titles)	www.justanime.to www.justanime.site justanime.fun
kaizokusite	general	anime	Kaizoku Anime	anime streaming: ecchi is allowed, only hentai/explicit content is blocked (owner rule 2026-10-03). Was: verified labels: ecchi	anime.kaizoku.site
kaorii	general	anime	Kaori	anime streaming: ecchi is allowed, only hentai/explicit content is blocked (owner rule 2026-10-03). Was: unofficial full-catalogue anime source (inferred: catalogue includes ecchi titles)	kaorii.app
kawaiianime	general	anime	Kawaii Anime	anime streaming: ecchi is allowed, only hentai/explicit content is blocked (owner rule 2026-10-03). Was: unofficial full-catalogue anime source (inferred: catalogue includes ecchi titles)	kawaii-anime.com
kayoanimetv	general	anime	Kayoanimetv	anime streaming: ecchi is allowed, only hentai/explicit content is blocked (owner rule 2026-10-03). Was: unofficial full-catalogue anime source (inferred: catalogue includes ecchi titles)	animixplay.fun kayoanimetv.com animixplay.best
kazora	general	anime	Kazora	anime streaming: ecchi is allowed, only hentai/explicit content is blocked (owner rule 2026-10-03). Was: unofficial full-catalogue anime source (inferred: catalogue includes ecchi titles)	kazora.cc
KickAssAnime	general	anime	KickAssAnime	anime streaming: ecchi is allowed, only hentai/explicit content is blocked (owner rule 2026-10-03). Was: unofficial full-catalogue anime source (inferred: catalogue includes ecchi titles)	kaa.lt kaa.to kickassanime.cx kaa.rs kaa.mx kickassanime.mx kickassanimes.ru kaas.ro kaas.to watchanime.io kickass-anime.ro kickass-anime.ru krussdomi.com
kimoitv	general	anime	KimoiTV	anime streaming: ecchi is allowed, only hentai/explicit content is blocked (owner rule 2026-10-03). Was: unofficial full-catalogue anime source (inferred: catalogue includes ecchi titles)	kimoitv.com
kisskhanime	general	anime	Kisskh	same site as kisskh (general Asian drama/movie piracy); not blocked for incidental NSFW (owner rule 2026-10-02)	kisskh.co kisskh.la
kyren	general	anime	Kyren	anime streaming: ecchi is allowed, only hentai/explicit content is blocked (owner rule 2026-10-03). Was: verified labels: ecchi	kyren.moe
last1234	general	anime	AniLast	anime streaming: ecchi is allowed, only hentai/explicit content is blocked (owner rule 2026-10-03). Was: unofficial full-catalogue anime source (inferred: catalogue includes ecchi titles)	last1234.fun anilast.xyz
lunaranime	general	anime	Lunar	anime streaming: ecchi is allowed, only hentai/explicit content is blocked (owner rule 2026-10-03). Was: unofficial full-catalogue anime source (inferred: catalogue includes ecchi titles)	lunarx.to lunaranime.ru
lunastream	general	anime	Luna	anime streaming: ecchi is allowed, only hentai/explicit content is blocked (owner rule 2026-10-03). Was: unofficial full-catalogue anime source (inferred: catalogue includes ecchi titles)	luna-stream.me
meguanime	general	anime	MeguAnimes	anime streaming: ecchi is allowed, only hentai/explicit content is blocked (owner rule 2026-10-03). Was: unofficial full-catalogue anime source (inferred: catalogue includes ecchi titles)	meguanime.com meguanime.org meguanime.net anisakura.xyz
miruro	general	anime	Miruro	anime streaming: ecchi is allowed, only hentai/explicit content is blocked (owner rule 2026-10-03). Was: unofficial full-catalogue anime source (inferred: catalogue includes ecchi titles)	www.miruro.to www.miruro.ru www.miruro.bz www.miruro.tv www.miruro.com www.miruro.online www.animeyee.lol animeuwutv.com
nekowatch	general	anime	NekoWatch	anime streaming: ecchi is allowed, only hentai/explicit content is blocked (owner rule 2026-10-03). Was: unofficial full-catalogue anime source (inferred: catalogue includes ecchi titles)	nekowatch.xyz
onianime	general	anime	Onianime	anime streaming: ecchi is allowed, only hentai/explicit content is blocked (owner rule 2026-10-03). Was: unofficial full-catalogue anime source (inferred: catalogue includes ecchi titles)	onianime.eu
otakustreamers	general	anime	Otaku-Streamers	anime streaming: ecchi is allowed, only hentai/explicit content is blocked (owner rule 2026-10-03). Was: unofficial full-catalogue anime source (inferred: catalogue includes ecchi titles)	otaku-streamers.com beta.otaku-streamers.com
otakutsu	general	anime	Otakutsu	anime streaming: ecchi is allowed, only hentai/explicit content is blocked (owner rule 2026-10-03). Was: unofficial full-catalogue anime source (inferred: catalogue includes ecchi titles)	otakutsu.cc
otakuu	general	anime	AnimeX	anime streaming: ecchi is allowed, only hentai/explicit content is blocked (owner rule 2026-10-03). Was: unofficial full-catalogue anime source (inferred: catalogue includes ecchi titles)	animex.one aniwave.at anistream.one
pimpanime	general	anime	PimpAnime	anime streaming: ecchi is allowed, only hentai/explicit content is blocked (owner rule 2026-10-03). Was: unofficial full-catalogue anime source (inferred: catalogue includes ecchi titles)	pimpanime.nl
ramenflix	general	anime	RamenFlix	anime streaming: ecchi is allowed, only hentai/explicit content is blocked (owner rule 2026-10-03). Was: unofficial full-catalogue anime source (inferred: catalogue includes ecchi titles)	ramenflix.com www.animerealm.in shonen.to manga.ramenflix.com
reanime	general	anime	Re:Anime	anime streaming: ecchi is allowed, only hentai/explicit content is blocked (owner rule 2026-10-03). Was: unofficial full-catalogue anime source (inferred: catalogue includes ecchi titles)	reanime.to reanime.cz reanime.wtf reindex.to stronghole.site
sankanime	general	anime	Sankanime	anime streaming: ecchi is allowed, only hentai/explicit content is blocked (owner rule 2026-10-03). Was: unofficial full-catalogue anime source (inferred: catalogue includes ecchi titles)	sankanime.web.id
senshi	general	anime	Senshi	anime streaming: ecchi is allowed, only hentai/explicit content is blocked (owner rule 2026-10-03). Was: unofficial full-catalogue anime source (inferred: catalogue includes ecchi titles)	senshi.to ninstream.com
shiro	general	anime	Shiro	anime streaming: ecchi is allowed, only hentai/explicit content is blocked (owner rule 2026-10-03). Was: unofficial full-catalogue anime source (inferred: catalogue includes ecchi titles)	shiro.so
uniquestream	general	anime	AnimeStream	anime streaming: ecchi is allowed, only hentai/explicit content is blocked (owner rule 2026-10-03). Was: unofficial full-catalogue anime source (inferred: catalogue includes ecchi titles)	anime.uniquestream.net
watchanimez	general	anime	WatchAnimeX	anime streaming: ecchi is allowed, only hentai/explicit content is blocked (owner rule 2026-10-03). Was: unofficial full-catalogue anime source (inferred: catalogue includes ecchi titles)	watchanimez.me
yomito	general	anime	Yomi	anime streaming: ecchi is allowed, only hentai/explicit content is blocked (owner rule 2026-10-03). Was: verified labels: ecchi	yomi.to anime.streamxtv.tech animotvslash.ru tsukuyomi.tv anixx.fun senpaiflix.fun aniwatch.cx www.cihuynime.net tenzora.top gojolive.site sakusaku.to
Youtube	general	anime	YouTube	anime streaming: ecchi is allowed, only hentai/explicit content is blocked (owner rule 2026-10-03). Was: unofficial full-catalogue anime source (inferred: catalogue includes ecchi titles)	
zenkai	general	anime	Zenkai	anime streaming: ecchi is allowed, only hentai/explicit content is blocked (owner rule 2026-10-03). Was: unofficial full-catalogue anime source (inferred: catalogue includes ecchi titles)	zenkai.to kototv.to hianime.help cdn.animesuge.pm player.anix.pm player.anikai.rest
mikubooru	ecchi	artboard	Mikubooru	booru instance (inferred)	booru.funmaker.moe
minitokyo	ecchi	artboard	Minitokyo	wallpaper/scan board (inferred)	www.minitokyo.net
safebooru	ecchi	artboard	Safebooru	verified: API returns rating:questionable posts	safebooru.org
tsundora	ecchi	artboard	Tsundora	wallpaper board (inferred)	tsundora.com tsundora-com.translate.goog
dokidokicos	ecchi	cosplay	DokiDoki Cosplay	homepage explicit/xxx labels (lingerie line)	dokidokicos.com
moeflavor	ecchi	cosplay	MoeFlavor	anime lingerie store	moeflavor.com intl.moeflavor.com
anime4i	general	donghua	Anime4i	anime streaming: ecchi is allowed, only hentai/explicit content is blocked (owner rule 2026-10-03). Was: unofficial full-catalogue donghua source (inferred: catalogue includes ecchi titles)	anime4i.com
animecube	general	donghua	Anime Cube	anime streaming: ecchi is allowed, only hentai/explicit content is blocked (owner rule 2026-10-03). Was: unofficial full-catalogue donghua source (inferred: catalogue includes ecchi titles)	animecube.live
animekhor	general	donghua	AnimeKhor	anime streaming: ecchi is allowed, only hentai/explicit content is blocked (owner rule 2026-10-03). Was: verified labels: mature	animekhor.org
AnimeXin	general	donghua	AnimeXin	anime streaming: ecchi is allowed, only hentai/explicit content is blocked (owner rule 2026-10-03). Was: unofficial full-catalogue donghua source (inferred: catalogue includes ecchi titles)	animexin.dev
chikianimation	general	donghua	ChikiAnimation	anime streaming: ecchi is allowed, only hentai/explicit content is blocked (owner rule 2026-10-03). Was: verified labels: ecchi,mature	chikianimation.online chikianimation.com chikianimations.xyz
cksub	general	donghua	Donghua4K	anime streaming: ecchi is allowed, only hentai/explicit content is blocked (owner rule 2026-10-03). Was: unofficial full-catalogue donghua source (inferred: catalogue includes ecchi titles)	donghua4k.net cksub.org
donghuasite	general	donghua	donghua.site	anime streaming: ecchi is allowed, only hentai/explicit content is blocked (owner rule 2026-10-03). Was: unofficial full-catalogue donghua source (inferred: catalogue includes ecchi titles)	donghua.site
donghuastream	general	donghua	DonghuaStream	anime streaming: ecchi is allowed, only hentai/explicit content is blocked (owner rule 2026-10-03). Was: unofficial full-catalogue donghua source (inferred: catalogue includes ecchi titles)	donghuastream.org
donghuaworld	general	donghua	DonghuaWorld	anime streaming: ecchi is allowed, only hentai/explicit content is blocked (owner rule 2026-10-03). Was: unofficial full-catalogue donghua source (inferred: catalogue includes ecchi titles)	donghuaworld.com
dongstream	general	donghua	Dongstream	anime streaming: ecchi is allowed, only hentai/explicit content is blocked (owner rule 2026-10-03). Was: unofficial full-catalogue donghua source (inferred: catalogue includes ecchi titles)	dongstream.com
hdonghua	general	donghua	HDonghua	anime streaming: ecchi is allowed, only hentai/explicit content is blocked (owner rule 2026-10-03). Was: unofficial full-catalogue donghua source (inferred: catalogue includes ecchi titles)	h-donghua.com h-donghua.xyz
LManime	general	donghua	LManime	anime streaming: ecchi is allowed, only hentai/explicit content is blocked (owner rule 2026-10-03). Was: unofficial full-catalogue donghua source (inferred: catalogue includes ecchi titles)	lmanime.com
luciferdonghua	general	donghua	LuciferDonghua	anime streaming: ecchi is allowed, only hentai/explicit content is blocked (owner rule 2026-10-03). Was: unofficial full-catalogue donghua source (inferred: catalogue includes ecchi titles)	luciferdonghua.org luciferdonghua.in www.luciferanimes.com luciferdonghua.one misterdonghua.com
myanimelive	general	donghua	Myanime.live	anime streaming: ecchi is allowed, only hentai/explicit content is blocked (owner rule 2026-10-03). Was: unofficial full-catalogue donghua source (inferred: catalogue includes ecchi titles)	myanime.live
mydonghua	general	donghua	MyDonghua	anime streaming: ecchi is allowed, only hentai/explicit content is blocked (owner rule 2026-10-03). Was: unofficial full-catalogue donghua source (inferred: catalogue includes ecchi titles)	mydonghua.com www.reeak.com
wowtopix	general	donghua	WowTopix	anime streaming: ecchi is allowed, only hentai/explicit content is blocked (owner rule 2026-10-03). Was: unofficial full-catalogue donghua source (inferred: catalogue includes ecchi titles)	wowtopix.com
amenzb	general	download	ameNZB	general-purpose piracy (torrent/DDL/streaming); not blocked for incidental NSFW (owner rule 2026-10-02). Was: unofficial full-catalogue download source (inferred: catalogue includes ecchi titles)	amenzb.moe
animekaizoku	general	download	AnimeKaizoku	general-purpose piracy (torrent/DDL/streaming); not blocked for incidental NSFW (owner rule 2026-10-02). Was: unofficial full-catalogue download source (inferred: catalogue includes ecchi titles)	www.animekaizoku.xyz
animeout	general	download	AnimeOut	general-purpose piracy (torrent/DDL/streaming); not blocked for incidental NSFW (owner rule 2026-10-02). Was: unofficial full-catalogue download source (inferred: catalogue includes ecchi titles)	animewat.ch www.animeout.xyz
animesakura	general	download	AnimeToki	general-purpose piracy (torrent/DDL/streaming); not blocked for incidental NSFW (owner rule 2026-10-02). Was: verified labels: ecchi	animetoki.com piece.metaanimesh.workers.dev
animetimecc	general	download	Anime Time	general-purpose piracy (torrent/DDL/streaming); not blocked for incidental NSFW (owner rule 2026-10-02). Was: unofficial full-catalogue download source (inferred: catalogue includes ecchi titles)	animetime.cc
animetosho	general	download	AnimeTosho	general-purpose piracy (torrent/DDL/streaming); not blocked for incidental NSFW (owner rule 2026-10-02). Was: unofficial full-catalogue download source (inferred: catalogue includes ecchi titles)	animetosho.net animetosho.org
aninzb	general	download	aninzb	general-purpose piracy (torrent/DDL/streaming); not blocked for incidental NSFW (owner rule 2026-10-02). Was: unofficial full-catalogue download source (inferred: catalogue includes ecchi titles)	aninzb.moe
anirena	general	download	AniRena	general-purpose piracy (torrent/DDL/streaming); not blocked for incidental NSFW (owner rule 2026-10-02). Was: unofficial full-catalogue download source (inferred: catalogue includes ecchi titles)	www.anirena.com
asiamediablog	general	download	Asia Media Blog	general-purpose piracy (torrent/DDL/streaming); not blocked for incidental NSFW (owner rule 2026-10-02). Was: unofficial full-catalogue download source (inferred: catalogue includes ecchi titles)	asiamediablog.com
bangumimoe	general	download	Bangumi.moe	general-purpose piracy (torrent/DDL/streaming); not blocked for incidental NSFW (owner rule 2026-10-02). Was: unofficial full-catalogue download source (inferred: catalogue includes ecchi titles)	bangumi.moe
chauthanh	general	download	chauthanh	general-purpose piracy (torrent/DDL/streaming); not blocked for incidental NSFW (owner rule 2026-10-02). Was: unofficial full-catalogue download source (inferred: catalogue includes ecchi titles)	chauthanh.info
coolsanime	general	download	CoolsAnime	general-purpose piracy (torrent/DDL/streaming); not blocked for incidental NSFW (owner rule 2026-10-02). Was: unofficial full-catalogue download source (inferred: catalogue includes ecchi titles)	coolsanime.fans coolsanime.site
dkb	general	download	DKB	general-purpose piracy (torrent/DDL/streaming); not blocked for incidental NSFW (owner rule 2026-10-02). Was: unofficial full-catalogue download source (inferred: catalogue includes ecchi titles)	www.dkb.si dkb.si
dlraw	general	download	DLRaw	general-purpose piracy (torrent/DDL/streaming); not blocked for incidental NSFW (owner rule 2026-10-02). Was: unofficial full-catalogue download source (inferred: catalogue includes ecchi titles)	+dlraw.to manga-zip.tv manga-zip.app +13dl.me
dlzip	general	download	DL-Zip	general-purpose piracy (torrent/DDL/streaming); not blocked for incidental NSFW (owner rule 2026-10-02). Was: unofficial full-catalogue download source (inferred: catalogue includes ecchi titles)	dl-zip.com www.zip-rar.com
hi10anime	general	download	Hi10Anime	general-purpose piracy (torrent/DDL/streaming); not blocked for incidental NSFW (owner rule 2026-10-02). Was: verified labels: ecchi	hi10anime.com
kanime	general	download	K-Anime	general-purpose piracy (torrent/DDL/streaming); not blocked for incidental NSFW (owner rule 2026-10-02). Was: unofficial full-catalogue download source (inferred: catalogue includes ecchi titles)	k-anime.zone.id
kayoanime	general	download	KayoAnime	general-purpose piracy (torrent/DDL/streaming); not blocked for incidental NSFW (owner rule 2026-10-02). Was: unofficial full-catalogue download source (inferred: catalogue includes ecchi titles)	kayoanime.com
mangazip	general	download	MangaZip	general-purpose piracy (torrent/DDL/streaming); not blocked for incidental NSFW (owner rule 2026-10-02). Was: unofficial full-catalogue download source (inferred: catalogue includes ecchi titles)	manga-zip.is
nekobt	general	download	nekoBT	general-purpose piracy (torrent/DDL/streaming); not blocked for incidental NSFW (owner rule 2026-10-02). Was: unofficial full-catalogue download source (inferred: catalogue includes ecchi titles)	nekobt.to
otakuness	general	download	Otakuness	general-purpose piracy (torrent/DDL/streaming); not blocked for incidental NSFW (owner rule 2026-10-02). Was: unofficial full-catalogue download source (inferred: catalogue includes ecchi titles)	otakuness.top
pandabackup	general	download	Panda Backup	general-purpose piracy (torrent/DDL/streaming); not blocked for incidental NSFW (owner rule 2026-10-02). Was: unofficial full-catalogue download source (inferred: catalogue includes ecchi titles)	+panda.chaika.moe
subsplease	general	download	SubsPlease	general-purpose piracy (torrent/DDL/streaming); not blocked for incidental NSFW (owner rule 2026-10-02). Was: unofficial full-catalogue download source (inferred: catalogue includes ecchi titles)	subsplease.org
tokyoinsider	general	download	TokyoInsider	general-purpose piracy (torrent/DDL/streaming); not blocked for incidental NSFW (owner rule 2026-10-02). Was: unofficial full-catalogue download source (inferred: catalogue includes ecchi titles)	tokyoinsider.com www.tokyoinsider.com
toonworld4all	general	download	toonworld4all	general-purpose piracy (torrent/DDL/streaming); not blocked for incidental NSFW (owner rule 2026-10-02). Was: unofficial full-catalogue download source (inferred: catalogue includes ecchi titles)	toonworld4all.me
tsukihime	general	download	TsukiHime	general-purpose piracy (torrent/DDL/streaming); not blocked for incidental NSFW (owner rule 2026-10-02). Was: unofficial full-catalogue download source (inferred: catalogue includes ecchi titles)	tsukihime.org
hikari3	ecchi	forums	hikari3.ch	anonymous imageboard, unmoderated uploads (inferred)	hikari3.ch
wapchan	ecchi	forums	Wapchan	anonymous imageboard (inferred)	wapchan.org
allmanga	ecchi	manga	MKissa Manga	unofficial full-catalogue manga source (inferred: catalogue includes ecchi titles)	mkissa.to +allmanga.to
aquamanga	ecchi	manga	Aqua manga	unofficial full-catalogue manga source (inferred: catalogue includes ecchi titles)	aquareader.org
atsumoe	ecchi	manga	Atsumaru	unofficial full-catalogue manga source (inferred: catalogue includes ecchi titles)	+atsu.moe
baozimhorg	ecchi	manga	Baozi Manhua	unofficial full-catalogue manga source (inferred: catalogue includes ecchi titles)	+baozimh.org nav.telltome.net godamh.com bzmh.org
chikari	ecchi	manga	chikari.moe	unofficial full-catalogue manga source (inferred: catalogue includes ecchi titles)	chikari.moe
comicless	ecchi	manga	Comicless	unofficial full-catalogue manga source (inferred: catalogue includes ecchi titles)	+comicless.com easttale.com
comico	ecchi	manga	comico.moe	unofficial full-catalogue manga source (inferred: catalogue includes ecchi titles)	comico.moe
comix	ecchi	manga	Comix	unofficial full-catalogue manga source (inferred: catalogue includes ecchi titles)	+comix.to comix.ws
cubariproxy	ecchi	manga	Cubari Proxy	unofficial full-catalogue manga source (inferred: catalogue includes ecchi titles)	proxy.cubari.moe cubari.moe manga.guru
demonicscans	ecchi	manga	YomiManga	unofficial full-catalogue manga source (inferred: catalogue includes ecchi titles)	yomimanga.com demonicscans.org
dreammanga	ecchi	manga	MangaBay	unofficial full-catalogue manga source (inferred: catalogue includes ecchi titles)	manga-bay.org dream-manga.com
godacomic	ecchi	manga	GodaComic	unofficial full-catalogue manga source (inferred: catalogue includes ecchi titles)	manhuascans.org godamh.org
justmanga	ecchi	manga	JustManga	verified labels: ecchi	justmanga.cc
linkmanga	ecchi	manga	Mangalink	verified labels: manga-genre/ecchi/	linkmanga.com
lunaranimemanga	ecchi	manga	Lunar - Manga	unofficial full-catalogue manga source (inferred: catalogue includes ecchi titles)	lunarx.to
mangaball	ecchi	manga	Mangaball	unofficial full-catalogue manga source (inferred: catalogue includes ecchi titles)	+mangaball.com
mangaberri	ecchi	manga	MangaBerri	verified labels: ecchi,mature	mangaberri.com mangalegend.com berripix.com
mangabuddy	ecchi	manga	MangaK	verified labels: mature	mangak.io comizy.io mangabuddy.com mangabuddy.me truemanga.com mangamirror.com mangafab.com boxmanhwa.com mangasaga.com manhuatube.com mangamad.com mangacute.com mangaforest.me mangapuma.com manhwatube.com mangaxyz.com mangamonk.com
mangacherri	ecchi	manga	MangaCherri	unofficial full-catalogue manga source (inferred: catalogue includes ecchi titles)	mangacherri.com
mangacloud	ecchi	manga	MangaCloud	unofficial full-catalogue manga source (inferred: catalogue includes ecchi titles)	mangacloud.org
mangade	ecchi	manga	MangaDE	verified labels: genre/mature	mangade.io
mangadotnet	ecchi	manga	Mangadotnet	unofficial full-catalogue manga source (inferred: catalogue includes ecchi titles)	+mangadot.net
mangafire	ecchi	manga	MangaFire	unofficial full-catalogue manga source (inferred: catalogue includes ecchi titles)	mangafire.to mangahaven.net
mangageko	ecchi	manga	mangageko	unofficial full-catalogue manga source (inferred: catalogue includes ecchi titles)	www.mgeko.cc mangamob.com
mangahome	ecchi	manga	MangaHome	unofficial full-catalogue manga source (inferred: catalogue includes ecchi titles)	www.mangahome.com
mangahotto	ecchi	manga	Manhua Hot	unofficial full-catalogue manga source (inferred: catalogue includes ecchi titles)	+manhuahot.com danmeinovel.com
mangakakalottv	ecchi	manga	MangaPanda	unofficial full-catalogue manga source (inferred: catalogue includes ecchi titles)	www.mangapanda.in isekaiscan.top mangavz.com pandamanga.xyz www.mangareader.cc mangadex.tv mangakakalot.tv manganelo.me kissmanga.org mangazoro.com mangasee.top mangageko.cc
mangakatana	ecchi	manga	MangaKatana	unofficial full-catalogue manga source (inferred: catalogue includes ecchi titles)	+mangakatana.com
mangakawaii	ecchi	manga	Mangakawaii	unofficial full-catalogue manga source (inferred: catalogue includes ecchi titles)	www.mangakawaii.io
mangamikan	ecchi	manga	MangaMikan	verified labels: genre/ecchi	mangamikan.com readmanhwas.com
mangamirai	ecchi	manga	Manga Mirai	unofficial full-catalogue manga source (inferred: catalogue includes ecchi titles)	+mangamirai.com
mangapeak	ecchi	manga	MangaTaro	verified labels: tag/ecchi	mangataro.org roliascan.com
mangapill	ecchi	manga	Mangapill	unofficial full-catalogue manga source (inferred: catalogue includes ecchi titles)	+mangapill.com otakuoasis.online
mangaraw	ecchi	manga	Raw Manga	unofficial full-catalogue manga source (inferred: catalogue includes ecchi titles)	mangaraw.org
mangasee	ecchi	manga	Weeb Central	unofficial full-catalogue manga source (inferred: catalogue includes ecchi titles)	+weebcentral.com mangasee123.com manga4life.com
mangatown	ecchi	manga	MangaTown	unofficial full-catalogue manga source (inferred: catalogue includes ecchi titles)	mangatown.com
mfreak	ecchi	manga	MangaFreak	unofficial full-catalogue manga source (inferred: catalogue includes ecchi titles)	mangafreak.me
omanga	ecchi	manga	oManga	verified labels: genre/mature	omanga.to
onisaga	ecchi	manga	OniSaga	unofficial full-catalogue manga source (inferred: catalogue includes ecchi titles)	onisaga.com
rawfree	ecchi	manga	RawFree	unofficial full-catalogue manga source (inferred: catalogue includes ecchi titles)	rawfree.me syosetu.ro
rawkuma	ecchi	manga	Rawkuma	unofficial full-catalogue manga source (inferred: catalogue includes ecchi titles)	rawkuma.net old.rawkuma.net
rawotaku	ecchi	manga	RawOtaku	unofficial full-catalogue manga source (inferred: catalogue includes ecchi titles)	rawotaku.com jmanga.org rawjp.co
reimanga	ecchi	manga	ReiManga	unofficial full-catalogue manga source (inferred: catalogue includes ecchi titles)	reimanga.com
scansgg	ecchi	manga	Scans.gg	unofficial full-catalogue manga source (inferred: catalogue includes ecchi titles)	scans.gg
senmanga	ecchi	manga	SenManga	unofficial full-catalogue manga source (inferred: catalogue includes ecchi titles)	raw.senmanga.com
spoilerplus	ecchi	manga	Spoilerplus	unofficial full-catalogue manga source (inferred: catalogue includes ecchi titles)	spoilerplus.tv
swarm	ecchi	manga	Swarm	unofficial full-catalogue manga source (inferred: catalogue includes ecchi titles)	swarm.ws
todaymanga	ecchi	manga	Todaymanga	unofficial full-catalogue manga source (inferred: catalogue includes ecchi titles)	todaymanga.com
twmanga	ecchi	manga	Twmanga	unofficial full-catalogue manga source (inferred: catalogue includes ecchi titles)	www.twbzmg.com www.baozimh.com
welomaraw	ecchi	manga	WeLoMa	unofficial full-catalogue manga source (inferred: catalogue includes ecchi titles)	weloma.art
yaoiscan	ecchi	manga	Yaoiscan	unofficial full-catalogue manga source (inferred: catalogue includes ecchi titles)	yaoiscan.com
asuragg	ecchi	manhwa	Asura Scans	unofficial full-catalogue manhwa source (inferred: catalogue includes ecchi titles)	asurascans.com beta.asurascans.com toraka.com
blacktoon	ecchi	manhwa	Blacktoon	unofficial full-catalogue manhwa source (inferred: catalogue includes ecchi titles)	blacktoon.cc blacktoon422.com blacktoonurl.net xn--ij2bx6jk1s.co blacktoon423.com url.blacktoon.cafe
erosscans	ecchi	manhwa	ErosScan	unofficial full-catalogue manhwa source (inferred: catalogue includes ecchi titles)	erosscans.xyz
flamescans	ecchi	manhwa	Flame Comics	unofficial full-catalogue manhwa source (inferred: catalogue includes ecchi titles)	flamecomics.xyz
funbe512	ecchi	manhwa	Funbe	unofficial full-catalogue manhwa source (inferred: catalogue includes ecchi titles)	funbe674.com funbe678.com
goodtoon	ecchi	manhwa	GoodToon	unofficial full-catalogue manhwa source (inferred: catalogue includes ecchi titles)	goodtoon.top www.goodtoon004.com www.goodtoon005.com
hivescans	ecchi	manhwa	Hive Scans	unofficial full-catalogue manhwa source (inferred: catalogue includes ecchi titles)	hivescans.com
jjaptoon	ecchi	manhwa	jjaptoon	unofficial full-catalogue manhwa source (inferred: catalogue includes ecchi titles)	jjaptoon008.com xn--kd6b44m.live
kuramanga	ecchi	manhwa	KuraManga	unofficial full-catalogue manhwa source (inferred: catalogue includes ecchi titles)	+kuramanga.com
luacomic	ecchi	manhwa	Lua Comic	unofficial full-catalogue manhwa source (inferred: catalogue includes ecchi titles)	luacomic.org
mangack	ecchi	manhwa	mangack	unofficial full-catalogue manhwa source (inferred: catalogue includes ecchi titles)	mangack.com
manhuarmmtl	ecchi	manhwa	Manhuarm MTL	unofficial full-catalogue manhwa source (inferred: catalogue includes ecchi titles)	manhuarmmtl.com
manhuaus	ecchi	manhwa	Manhuaus	verified labels: manga-genre/ecchi/	manhuaus.club
manhwatoonme	ecchi	manhwa	Manhwatoon	unofficial full-catalogue manhwa source (inferred: catalogue includes ecchi titles)	+manhwatoon.me
nicelink22	ecchi	manhwa	nicelink	unofficial full-catalogue manhwa source (inferred: catalogue includes ecchi titles)	a15c.com wfwf999.com xn--ph1bph0az41x.com acloud15.com imgcloud5.net fxfx275.com wtwt280.com wfwf353.com
plutoscans	ecchi	manhwa	Flame Scans	unofficial full-catalogue manhwa source (inferred: catalogue includes ecchi titles)	flamescans.lol
rokaricomics	ecchi	manhwa	rokari comics	unofficial full-catalogue manhwa source (inferred: catalogue includes ecchi titles)	rokaricomics.com
templescan	ecchi	manhwa	TempleScan	unofficial full-catalogue manhwa source (inferred: catalogue includes ecchi titles)	templescan.net
toonflix	ecchi	manhwa	TOONFLIX (ntk01)	unofficial full-catalogue manhwa source (inferred: catalogue includes ecchi titles)	newtoki1.org sbxh9.com toki31.com marumaru100.com toonflix.app +ntk01.com xn--h10b90bby9a7jkc4f.com toki32.com
toonily	ecchi	manhwa	Toonily	unofficial full-catalogue manhwa source (inferred: catalogue includes ecchi titles)	+toonily.com
toonkor	ecchi	manhwa	ToonKor	unofficial full-catalogue manhwa source (inferred: catalogue includes ecchi titles)	xn--yq5bv6mzmcca.org tkor140.com korsite.net
topmanhua	ecchi	manhwa	TopManhua	unofficial full-catalogue manhwa source (inferred: catalogue includes ecchi titles)	+manhuatop.org
zeroscans	ecchi	manhwa	Zero Scans	unofficial full-catalogue manhwa source (inferred: catalogue includes ecchi titles)	zscans.com
9kafe	ecchi	novel	9Kafe	unofficial full-catalogue novel source (inferred: catalogue includes ecchi titles)	9kafe.com
armaelllib	ecchi	novel	Armaell's Library	unofficial full-catalogue novel source (inferred: catalogue includes ecchi titles)	armaell-library.net
asianovelnet	ecchi	novel	Asianovel	unofficial full-catalogue novel source (inferred: catalogue includes ecchi titles)	www.asianovel.net
atsunovel	ecchi	novel	Atsumaru Novel	unofficial full-catalogue novel source (inferred: catalogue includes ecchi titles)	+atsu.moe
bakatsuki	ecchi	novel	Baka-Tsuki	unofficial full-catalogue novel source (inferred: catalogue includes ecchi titles)	www.baka-tsuki.org
chrysanthemumgarden	ecchi	novel	Chrysanthemum Garden	unofficial full-catalogue novel source (inferred: catalogue includes ecchi titles)	chrysanthemumgarden.com
coffeemanga	ecchi	novel	BunnyNovel	unofficial full-catalogue novel source (inferred: catalogue includes ecchi titles)	bunnynovel.com +coffeemanga.io
cyrisia	ecchi	novel	Cyrisia	unofficial full-catalogue novel source (inferred: catalogue includes ecchi titles)	cyrisia.com
elscioneserver	ecchi	novel	server.elscione	unofficial full-catalogue novel source (inferred: catalogue includes ecchi titles)	server.elscione.com server.elsci.one
foxaholic	ecchi	novel	Foxaholic	unofficial full-catalogue novel source (inferred: catalogue includes ecchi titles)	www.foxaholic.com global.foxaholic.com 18.foxaholic.com
fullnovels	ecchi	novel	Full Novels	unofficial full-catalogue novel source (inferred: catalogue includes ecchi titles)	fullnovels.com completenovel.com fullchapters.com asianreads.com
jnovels	ecchi	novel	jnovels	unofficial full-catalogue novel source (inferred: catalogue includes ecchi titles)	jnovels.com
justlightnovels	ecchi	novel	JustLightNovel	unofficial full-catalogue novel source (inferred: catalogue includes ecchi titles)	www.justlightnovels.com
katreadingarchive	ecchi	novel	Kat Reading Cafe	unofficial full-catalogue novel source (inferred: catalogue includes ecchi titles)	katreadingcafe.com katreadingarchive.me
kurehaone	ecchi	novel	Kureha One forum	unofficial full-catalogue novel source (inferred: catalogue includes ecchi titles)	www.vn-meido.com
lightnovelworldorg	ecchi	novel	Chikari Novel	unofficial full-catalogue novel source (inferred: catalogue includes ecchi titles)	chikari.moe lightnovelworld.org
lncrawler	ecchi	novel	LnCrawler	unofficial full-catalogue novel source (inferred: catalogue includes ecchi titles)	lncrawler.monster
lnmtl	ecchi	novel	LNMTL	verified labels: mature	lnmtl.com
mtlbooks	ecchi	novel	MTL Books	unofficial full-catalogue novel source (inferred: catalogue includes ecchi titles)	mtlbooks.com
mtlnation	ecchi	novel	FictionZone	unofficial full-catalogue novel source (inferred: catalogue includes ecchi titles)	fictionzone.net
mvlempyr	ecchi	novel	MVLEMPYR	unofficial full-catalogue novel source (inferred: catalogue includes ecchi titles)	www.mvlempyr.com
novelarchive	ecchi	novel	NovelArchive	unofficial full-catalogue novel source (inferred: catalogue includes ecchi titles)	novelarchive.cc
novelcool	ecchi	novel	NovelCool	unofficial full-catalogue novel source (inferred: catalogue includes ecchi titles)	www.novelcool.com
novelfire	ecchi	novel	NovelFire	unofficial full-catalogue novel source (inferred: catalogue includes ecchi titles)	novelfire.net findnovel.net pandanovel.co novelphoenix.com
novelhi	ecchi	novel	Novelhi	verified labels: mature	novelhi.com
ranobestop	ecchi	novel	Ranobes	unofficial full-catalogue novel source (inferred: catalogue includes ecchi titles)	ranobes.com ranobes.net ranobes.top
ranovel	ecchi	novel	Ranovel	unofficial full-catalogue novel source (inferred: catalogue includes ecchi titles)	ranovel.com
readnovelmtl	ecchi	novel	ReadnovelMTL	unofficial full-catalogue novel source (inferred: catalogue includes ecchi titles)	readnovelmtl.com
rechapters	ecchi	novel	ReChapters	unofficial full-catalogue novel source (inferred: catalogue includes ecchi titles)	www.rechapters.com
requiemtls	ecchi	novel	Requiem Translations	unofficial full-catalogue novel source (inferred: catalogue includes ecchi titles)	requiemtls.com
scrollerspub	ecchi	novel	ScrollersPub	unofficial full-catalogue novel source (inferred: catalogue includes ecchi titles)	www.scrollerspub.com
woopread	ecchi	novel	WoopRead	unofficial full-catalogue novel source (inferred: catalogue includes ecchi titles)	woopread.com
wtrlab	ecchi	novel	WTR-LAB	unofficial full-catalogue novel source (inferred: catalogue includes ecchi titles)	wtr-lab.com
wuxiaclick	ecchi	novel	WuxiaClick	verified labels: mature	wuxia.click readnovel.eu
wuxiadreams	ecchi	novel	Wuxia Dreams	unofficial full-catalogue novel source (inferred: catalogue includes ecchi titles)	wuxiadreams.com
wuxiap	ecchi	novel	Wuxia Box	unofficial full-catalogue novel source (inferred: catalogue includes ecchi titles)	www.wuxiabox.com www.fanmtl.com www.wuxiaspot.com www.wuxiafox.com www.wuxiaone.com www.ltnovels.com www.fannovels.org www.wuxiaspace.com
wuxiaworld	ecchi	novel	Wuxiaworld.site	unofficial full-catalogue novel source (inferred: catalogue includes ecchi titles)	wuxiaworld.site
erogemusicquiz	review	quiz	ErogeMusicQuiz	music guessing game about visual-novel soundtracks (audio, no NSFW media); info/quiz sites are not blocked (owner rule 2026-10-06)	erogemusicquiz.com
absoluteterritory	ecchi	tracker	Absolute Territory	zettai ryouiki (thigh) fanservice database	absoluteterritory.moe
aidoku	apps	apps	Aidoku	app/extension distribution; content comes from source sites	aidoku.app aidoku-community.github.io
akuse	apps	apps	akuse	app/extension distribution; content comes from source sites	
anikku	apps	apps	Anikku	app/extension distribution; content comes from source sites	anikku-app.github.io
anilab2	apps	apps	Anilab	app/extension distribution; content comes from source sites	anilab.so
animechicken	apps	apps	AnimeChicken	app/extension distribution; content comes from source sites	animechicken.app
animestreamapp	apps	apps	animestream	app/extension distribution; content comes from source sites	
animetvapp	apps	apps	AnimeTV	app/extension distribution; content comes from source sites	animetv-fork.github.io
anisurge	apps	apps	AniSurge	app/extension distribution; content comes from source sites	www.anisurge.lol
anivu	apps	apps	AniVu	app/extension distribution; content comes from source sites	
aniyomi	apps	apps	Aniyomi	app/extension distribution; content comes from source sites	aniyomi.org
anymex	apps	apps	AnymeX	app/extension distribution; content comes from source sites	anymex.vercel.app
awery	apps	apps	Awery	app/extension distribution; content comes from source sites	
azyxapp	apps	apps	Azyx	app/extension distribution; content comes from source sites	
boorusphere	apps	apps	Boorusphere	app/extension distribution; content comes from source sites	
chimahon	apps	apps	Chimahon	app/extension distribution; content comes from source sites	
cloudstream	apps	apps	CloudStream	app/extension distribution; content comes from source sites	cloudstream.miraheze.org recloudstream.github.io
dantotsu	apps	apps	Dantotsu	app/extension distribution; content comes from source sites	keiyoushi.github.io git.rebelonion.dev
dartotsu	apps	apps	Dartotsu	app/extension distribution; content comes from source sites	
fmd2	apps	apps	FMD2	app/extension distribution; content comes from source sites	
hakuneko	apps	apps	Hakuneko	app/extension distribution; content comes from source sites	+hakuneko.download
houdoku	apps	apps	Houdoku	app/extension distribution; content comes from source sites	houdoku.org
inknest	apps	apps	InkNest	app/extension distribution; content comes from source sites	p2devs.github.io
ireader	apps	apps	IReader	app/extension distribution; content comes from source sites	
kaguyaapp	apps	apps	Kaguya App	app/extension distribution; content comes from source sites	
kaizoyu	apps	apps	Kaizoyu!	app/extension distribution; content comes from source sites	
ketsuapp	apps	apps	Ketsu	app/extension distribution; content comes from source sites	ketsu.app mprotmod.github.io
kitsuneapp	apps	apps	Kitsune App	app/extension distribution; content comes from source sites	
komikkumihon	apps	apps	Komikku	app/extension distribution; content comes from source sites	
kotatsuapp	apps	apps	Kotatsu	app/extension distribution; content comes from source sites	yumemi.moe
kotatsudesktop	apps	apps	Kotatsu-dl	app/extension distribution; content comes from source sites	
kototoro	apps	apps	Kototoro	app/extension distribution; content comes from source sites	kototoro-app.github.io skepsun.github.io
lncrawlerapp	apps	apps	Lightnovel Crawler	app/extension distribution; content comes from source sites	
lnreader	apps	apps	LNReader	app/extension distribution; content comes from source sites	www.lnreader.app
manatan	apps	apps	Manatan	app/extension distribution; content comes from source sites	manatan.com manatan-community.github.io
mangapin	apps	apps	MangaPin	app/extension distribution; content comes from source sites	mangapin.com
mangayomi	apps	apps	Mangayomi	app/extension distribution; content comes from source sites	
mangazone	apps	apps	MangaZone	app/extension distribution; content comes from source sites	mangazoneapp.com
migu	apps	apps	Migu	app/extension distribution; content comes from source sites	miguapp.pages.dev
mihon	apps	apps	Mihon	app/extension distribution; content comes from source sites	mihon.app keiyoushi.github.io
miru	apps	apps	Hayase	app/extension distribution; content comes from source sites	hayase.watch wiki.hayase.watch
mirujs	apps	apps	Miru	app/extension distribution; content comes from source sites	miru.js.org miru-repo.0n0.dev
mojuru	apps	apps	Mojuru	app/extension distribution; content comes from source sites	www.mojuru.app library.cufiy.net
nekomangaorg	apps	apps	Neko	app/extension distribution; content comes from source sites	
noveldokusha	apps	apps	NovelDokusha	app/extension distribution; content comes from source sites	
noveldr	apps	apps	Novel DR	app/extension distribution; content comes from source sites	moggle.is-a-good.dev
nyora	apps	apps	Nyora	app/extension distribution; content comes from source sites	nyora.xyz web.nyora.xyz
otakuworld	apps	apps	OtakuWorld	app/extension distribution; content comes from source sites	
paperback	apps	apps	Paperback	app/extension distribution; content comes from source sites	paperback.moe paperbackextensionrepo.xyz
quicknovel	apps	apps	QuickNovel	app/extension distribution; content comes from source sites	
ranobe	apps	apps	Ranobe	app/extension distribution; content comes from source sites	
saikou	apps	apps	Saikou	app/extension distribution; content comes from source sites	
seanime	apps	apps	Seanime	app/extension distribution; content comes from source sites	seanime.app
senpwaiapp	apps	apps	Senpwai	app/extension distribution; content comes from source sites	
shiru	apps	apps	Shiru	app/extension distribution; content comes from source sites	
shonenjumpapp	apps	apps	Shonen Jump App	app/extension distribution; content comes from source sites	
shonenx	apps	apps	ShonenX	app/extension distribution; content comes from source sites	shonenx.vercel.app
shosetsu	apps	apps	Shosetsu	app/extension distribution; content comes from source sites	
soraios	apps	apps	Luna	app/extension distribution; content comes from source sites	library.cufiy.net
suwatte	apps	apps	Suwatte	app/extension distribution; content comes from source sites	www.suwatte.app bergelmir.mantton.com
tachidesk	apps	apps	Suwayomi	app/extension distribution; content comes from source sites	keiyoushi.github.io
tachimanga	apps	apps	Tachimanga	app/extension distribution; content comes from source sites	tachimanga.app
tachiyomij2k	apps	apps	TachiyomiJ2K	app/extension distribution; content comes from source sites	mihon.app keiyoushi.github.io
tachiyomisy	apps	apps	TachiyomiSY	app/extension distribution; content comes from source sites	mihon.app keiyoushi.github.io
tankobun	apps	apps	Tankobun	app/extension distribution; content comes from source sites	
tatakai	apps	apps	Tatakai	app/extension distribution; content comes from source sites	tatakai.me
teemii	apps	apps	Teemii	app/extension distribution; content comes from source sites	www.teemii.io docs.teemii.io
totoro	apps	apps	Totoro	app/extension distribution; content comes from source sites	
tsundoku	apps	apps	Tsundoku	app/extension distribution; content comes from source sites	tsundoku-otaku.github.io novelsourcery.github.io
unyo	apps	apps	Unyo	app/extension distribution; content comes from source sites	
venera	apps	apps	venera	app/extension distribution; content comes from source sites	
webtoonapp	apps	apps	Webtoons App	app/extension distribution; content comes from source sites	
yokai	apps	apps	Yokai	app/extension distribution; content comes from source sites	keiyoushi.github.io
zangetsu	apps	apps	Zangetsu	app/extension distribution; content comes from source sites	zangetsu.online
zantaku	apps	apps	Zantaku	app/extension distribution; content comes from source sites	zantaku.com
zenshin	apps	apps	Zenshin	app/extension distribution; content comes from source sites	
Bilibili	review	anime	Bilibili	licensed/mainstream; mature content only behind account settings	www.bilibili.tv www.bilibili.com
Crunchyroll	review	anime	Crunchyroll	licensed/mainstream; mature content only behind account settings	www.crunchyroll.com
hidive	review	anime	HIDIVE	licensed/mainstream; mature content only behind account settings	www.hidive.com
hulu	review	anime	Hulu	licensed/mainstream; mature content only behind account settings	www.hulu.com
netflix	review	anime	Netflix	licensed/mainstream; mature content only behind account settings	www.netflix.com
retrocrush	review	anime	RetroCrush	licensed/mainstream; mature content only behind account settings	www.retrocrush.tv
comikey	review	apps	Comikey	licensed manga app/store	+comikey.com
globalmangaup	review	apps	Manga UP!	licensed manga app (Square Enix)	+global.manga-up.com
kmangaapp	review	apps	K MANGA	licensed/mainstream; mature content only behind account settings	kmanga.kodansha.com
mangaplusapp	review	apps	MANGA Plus App	licensed/mainstream; mature content only behind account settings	mangamillion.shueisha.co.jp
mangatoon	review	apps	MangaToon	licensed comics app	+mangatoon.mobi
artstreet	review	artboard	ARTstreet	licensed/mainstream; mature content only behind account settings	medibang.com
pixiv	review	artboard	Pixiv	licensed/mainstream; mature content only behind account settings; labels: tags/ecchi	www.pixiv.net
twitterart	review	artboard	Twitter	licensed/mainstream; mature content only behind account settings	twoucan.com
anidb	review	database	AniDB	database/tracker; shows ecchi cover art, adult entries hidden by account setting	anidb.net
anilist	review	database	Anilist	database/tracker; shows ecchi cover art, adult entries hidden by account setting	anilist.co
aplanet	review	database	AnimePlanet	database/tracker; shows ecchi cover art, adult entries hidden by account setting	www.anime-planet.com
comicktracker	review	database	ComicK	database/tracker; shows ecchi cover art, adult entries hidden by account setting	comick.dev
kitsu	review	database	Kitsu	database/tracker; shows ecchi cover art, adult entries hidden by account setting	kitsu.app
konsumr	review	database	konsumr	database/tracker; shows ecchi cover art, adult entries hidden by account setting	www.konsumr.com
kuroiru	review	database	Kuroiru	database/tracker; shows ecchi cover art, adult entries hidden by account setting	kuroiru.co
mangabaka	review	database	MangaBaka	database/tracker; shows ecchi cover art, adult entries hidden by account setting	mangabaka.org
mupdates	review	database	Baka-Updates	database/tracker; shows ecchi cover art, adult entries hidden by account setting	www.mangaupdates.com
myanimelist	review	database	MyAnimeList	database/tracker; shows ecchi cover art, adult entries hidden by account setting	myanimelist.net
myfigurecollection	review	database	MyFigureCollection	database/tracker; shows ecchi cover art, adult entries hidden by account setting	myfigurecollection.net
mymangaindex	review	database	MyMangaIndex	database/tracker; shows ecchi cover art, adult entries hidden by account setting	mymangaindex.com
mywaifulist	review	database	MyWaifuList	database/tracker; shows ecchi cover art, adult entries hidden by account setting	mywaifulist.moe
novelupdates	review	database	NovelUpdates	database/tracker; shows ecchi cover art, adult entries hidden by account setting	www.novelupdates.com
novilist	review	database	NoviList	database/tracker; shows ecchi cover art, adult entries hidden by account setting	novilist.co
ranobedb	review	database	RanobeDB	database/tracker; shows ecchi cover art, adult entries hidden by account setting	ranobedb.org
simkl	review	database	SIMKL	database/tracker; shows ecchi cover art, adult entries hidden by account setting	simkl.com
vnclubdb	review	database	VN Club	database/tracker; shows ecchi cover art, adult entries hidden by account setting	vnclub.org
vndbwiki	review	database	Visual Novel DB	database/tracker; shows ecchi cover art, adult entries hidden by account setting	vndb.org daniel-c-j.github.io
cdjapan	review	download	CDJapan	store; sells adult items behind age click-through	www.cdjapan.co.jp
neokyo	review	download	Neokyo	store; sells adult items behind age click-through	neokyo.com
1mindrama	general	drama	1Min Drama	general-purpose piracy (torrent/DDL/streaming); not blocked for incidental NSFW (owner rule 2026-10-02). Was: piracy, but no NSFW evidence found (2026-10-01: genre pages, The Handmaiden search, TMDB check); not blocked	1mindrama.net
animeloadsdrama	general	drama	Anime-Loads	drama section of anime-loads.org; the domain stays blocked through the anime row (animeloads: ecchi)	www.anime-loads.org
asiaflix	general	drama	Asiaflix	general-purpose piracy (torrent/DDL/streaming); not blocked for incidental NSFW (owner rule 2026-10-02). Was: verified: lists The Handmaiden (2016, explicit sex scenes)	asiaflix.net asiaflix.in kisskh.or.at asiaflix.live
asianview	general	drama	Kisskh.club	general-purpose piracy (torrent/DDL/streaming); not blocked for incidental NSFW (owner rule 2026-10-02). Was: inferred: catalogue comes from TMDB (themoviedb references in the page/app code), which lists R-rated films	kisskh.club kissasia.me asianview.co
dramaday	general	drama	Dramaday	general-purpose piracy (torrent/DDL/streaming); not blocked for incidental NSFW (owner rule 2026-10-02). Was: piracy, but no NSFW evidence found (2026-10-01: genre pages, The Handmaiden search, TMDB check); not blocked	dramaday.me
dramanicee	general	drama	Dramanicee.cl	general-purpose piracy (torrent/DDL/streaming); not blocked for incidental NSFW (owner rule 2026-10-02). Was: verified: lists Filipino "sexy" films (Pinoy Sexy Classics)	dramanice.cl dramanice.boo
goplay	general	drama	GoPlay	general-purpose piracy (torrent/DDL/streaming); not blocked for incidental NSFW (owner rule 2026-10-02). Was: piracy, but no NSFW evidence found (2026-10-01: genre pages, The Handmaiden search, TMDB check); not blocked	goplay.su goplay.ml goplay.anontpp.com
iqiyi	review	drama	iQIYI	licensed/mainstream; mature content only behind account settings	www.iq.com
katdrama	general	drama	Kat Drama	general-purpose piracy (torrent/DDL/streaming); not blocked for incidental NSFW (owner rule 2026-10-02). Was: inferred: catalogue comes from TMDB (themoviedb references in the page/app code), which lists R-rated films	k-drama.in
kdramaweb	general	drama	Kdramaweb	general-purpose piracy (torrent/DDL/streaming); not blocked for incidental NSFW (owner rule 2026-10-02). Was: piracy, but no NSFW evidence found (2026-10-01: genre pages, The Handmaiden search, TMDB check); not blocked	dramacooli.buzz dramahood.mom dramacoolr.buzz asianctv.fun dramacool.net.lc dramacool.com.tr dramacooli.li dramacoolstar.com kdramaweb.com watchasiann.de kstardrama.com runasian.org
kissasiacam	general	drama	kissasia.cam	general-purpose piracy (torrent/DDL/streaming); not blocked for incidental NSFW (owner rule 2026-10-02). Was: inferred: catalogue comes from TMDB (themoviedb references in the page/app code), which lists R-rated films	kissasia.cam kisskh.org
kissasiantv	general	drama	Kissasiantv	general-purpose piracy (torrent/DDL/streaming); not blocked for incidental NSFW (owner rule 2026-10-02). Was: piracy, but no NSFW evidence found (2026-10-01: genre pages, The Handmaiden search, TMDB check); not blocked	kissasian.com.lv kissasian.video kissasiantv.cx kissasian.org.vc
kisskh	general	drama	Kisskh	general-purpose piracy (torrent/DDL/streaming); not blocked for incidental NSFW (owner rule 2026-10-02). Was: extension maintainers label it NSFW (Aniyomi and Mangayomi: KissKH)	kisskh.co kisskh.la kisskh.id kisskh.is kisskh.do kisskh.ovh kiskh.com kisskh.nl
kshow123	general	drama	Kshow123	general-purpose piracy (torrent/DDL/streaming); not blocked for incidental NSFW (owner rule 2026-10-02). Was: piracy, but no NSFW evidence found (2026-10-01: genre pages, The Handmaiden search, TMDB check); not blocked	kshow123.tv
mkvdramame	general	drama	MkvDrama.net	general-purpose piracy (torrent/DDL/streaming); not blocked for incidental NSFW (owner rule 2026-10-02). Was: piracy, but no NSFW evidence found (2026-10-01: genre pages, The Handmaiden search, TMDB check); not blocked	mkvdrama.net mkvdrama.me dramiko.com
myasiantv	general	drama	Myasiantv	general-purpose piracy (torrent/DDL/streaming); not blocked for incidental NSFW (owner rule 2026-10-02). Was: verified: lists Filipino "sexy" films (Pinoy Sexy Classics, Sex Drive)	myasiantv.rest myasiantv.com.bz myasiantv.com.lv www.kisskhweb.com dramanice.cyou kissasiantv.my kisskh.space dramika.com dramamoly.com myasiantv.ac
onetouchtv	general	drama	OneTouchTV	general-purpose piracy (torrent/DDL/streaming); not blocked for incidental NSFW (owner rule 2026-10-02). Was: piracy, but no NSFW evidence found (2026-10-01: genre pages, The Handmaiden search, TMDB check); not blocked	onetouchtv.xyz onetouchtv.info
onlykdrama	general	drama	OnlyKDrama	general-purpose piracy (torrent/DDL/streaming); not blocked for incidental NSFW (owner rule 2026-10-02). Was: inferred: catalogue comes from TMDB (themoviedb references in the page/app code), which lists R-rated films	onlykdrama.top onlykdrama.shop
vikicom	review	drama	Rakuten Viki	licensed/mainstream; mature content only behind account settings	www.viki.com
wetv	review	drama	WeTV	licensed/mainstream; mature content only behind account settings	wetv.vip www.iflix.com
anidbforum	review	forums	AniDB Forum	database/tracker; shows ecchi cover art, adult entries hidden by account setting	anidb.net
anilistforum	review	forums	Anilist Forum	database/tracker; shows ecchi cover art, adult entries hidden by account setting	anilist.co
malforum	review	forums	MyAnimeList Forum	database/tracker; shows ecchi cover art, adult entries hidden by account setting	myanimelist.net
g123jp	review	game	G123	licensed/mainstream; mature content only behind account settings	g123.jp
qooapp	review	game	QooApp	licensed/mainstream; mature content only behind account settings	www.qoo-app.com
sekaiproject	review	game	SekaiProject	licensed/mainstream; mature content only behind account settings	sekaiproject.com +denpasoft.com
vndb	review	game	Visual Novel DB	database/tracker; shows ecchi cover art, adult entries hidden by account setting	vndb.org daniel-c-j.github.io
azuki	review	manga	Omoi	licensed/mainstream; mature content only behind account settings; labels: ecchi,mature	www.omoi.com
bookwalker	review	manga	Bookwalker	licensed/mainstream; mature content only behind account settings	bookwalker.com bookwalker.jp global.bookwalker.jp
inkr	review	manga	INKR	licensed/mainstream; mature content only behind account settings; labels: mature	comics.inkr.com
jpbookstore	review	manga	JP Book Store	licensed/mainstream; mature content only behind account settings	jpbookstore.com
kmanga	review	manga	K MANGA	licensed/mainstream; mature content only behind account settings	kmanga.kodansha.com
mangaplaza	review	manga	MangaPlaza	licensed/mainstream; mature content only behind account settings	mangaplaza.com
mangaplus	review	manga	MANGA Plus	licensed/mainstream; mature content only behind account settings	mangaplus.shueisha.co.jp mangamillion.shueisha.co.jp
pixivcomic	review	manga	Pixiv Comics	licensed/mainstream; mature content only behind account settings	comic.pixiv.net
rakutenkobo	review	manga	Rakuten Kobo	licensed/mainstream; mature content only behind account settings	www.kobo.com
kagane	review	manhwa	Kagane	licensed/mainstream; mature content only behind account settings	kagane.to +kagane.org
manta	review	manhwa	Manta	licensed/mainstream; mature content only behind account settings	manta.net
tapas	review	manhwa	Tapas	licensed/mainstream; mature content only behind account settings	tapas.io
webtoon	review	manhwa	Webtoons	licensed/mainstream; mature content only behind account settings	webtoons.com
annasarchive	library	novel	Anna's Archive	public preservation library; never blocked (owner rule 2026-10-02)	annas-archive.gl annas-archive.pk annas-archive.gd
bookwalker2	review	novel	Bookwalker	licensed/mainstream; mature content only behind account settings	bookwalker.com bookwalker.jp global.bookwalker.jp
jnovelclub	review	novel	J-Novel Club	licensed/mainstream; mature content only behind account settings	j-novel.club
jpbookstoreln	review	novel	JP Book Store	licensed/mainstream; mature content only behind account settings	jpbookstore.com
novelpia	review	novel	Novelpia	licensed/mainstream; mature content only behind account settings	global.novelpia.com
royalroad	review	novel	Royalroad	licensed/mainstream; mature content only behind account settings	www.royalroad.com
scribblehub	review	novel	ScribbleHub	licensed/mainstream; mature content only behind account settings; labels: adult,smut,ecchi,mature	www.scribblehub.com
webnovelcom	review	novel	Webnovel	licensed/mainstream; mature content only behind account settings	webnovel.com
wuxiaworldcom	review	novel	Wuxiaworld	licensed/mainstream; mature content only behind account settings	www.wuxiaworld.com
yenpress	review	novel	Yen Press	licensed/mainstream; mature content only behind account settings	yenpress.com
anichart	review	schedule	Anichart	database/tracker; shows ecchi cover art, adult entries hidden by account setting	anichart.net
upcomingdubanime	review	schedule	Upcoming Dubbed Anime	database/tracker; shows ecchi cover art, adult entries hidden by account setting	myanimelist.net
anibasenet	review	tracker	Anime Wiki	database/tracker; shows ecchi cover art, adult entries hidden by account setting	anibase.net
animecharactersdb	review	tracker	Anime Characters DB	database/tracker; shows ecchi cover art, adult entries hidden by account setting	www.animecharactersdatabase.com
animeoshi	review	tracker	AnimeOshi	database/tracker; shows ecchi cover art, adult entries hidden by account setting	www.animeoshi.com
kaguya	review	tracker	Kaguya	database/tracker; shows ecchi cover art, adult entries hidden by account setting	kaguya.io
kurozora	review	tracker	Kurozora	database/tracker; shows ecchi cover art, adult entries hidden by account setting	kurozora.app
medialib	review	tracker	MediaLib	database/tracker; shows ecchi cover art, adult entries hidden by account setting	medialib.net
mudae	review	tracker	Mudae	database/tracker; shows ecchi cover art, adult entries hidden by account setting	mudae.net
notify	review	tracker	Notify.moe	database/tracker; shows ecchi cover art, adult entries hidden by account setting	notify.moe
novelcodex	review	tracker	NovelCodex	database/tracker; shows ecchi cover art, adult entries hidden by account setting	www.novelcodex.com
novellistdb	review	tracker	NovelList	database/tracker; shows ecchi cover art, adult entries hidden by account setting	www.novellist.co
atlantic	general	western	Atlantic	general-purpose piracy (torrent/DDL/streaming); not blocked for incidental NSFW (owner rule 2026-10-02). Was: inferred: catalogue comes from TMDB (themoviedb references in the page/app code), which lists R-rated films	atlantic.st
bingr	general	western	Bingr	general-purpose piracy (torrent/DDL/streaming); not blocked for incidental NSFW (owner rule 2026-10-02). Was: inferred: catalogue comes from TMDB (themoviedb references in the page/app code), which lists R-rated films	bingr.one
cinemaos	general	western	Cinemaos	general-purpose piracy (torrent/DDL/streaming); not blocked for incidental NSFW (owner rule 2026-10-02). Was: verified: serves Fifty Shades of Grey (TMDB 341174, R: sexual content, nudity)	cinemaos.live
hexawatch	general	western	Hexa Watch	general-purpose piracy (torrent/DDL/streaming); not blocked for incidental NSFW (owner rule 2026-10-02). Was: extension maintainers label it NSFW (Aniyomi: HexaWatch); serves Fifty Shades of Grey (TMDB 341174, R: sexual content, nudity)	hexa.su flixer.su
hydrahd	general	western	HydraHD	general-purpose piracy (torrent/DDL/streaming); not blocked for incidental NSFW (owner rule 2026-10-02). Was: inferred: catalogue comes from TMDB (themoviedb references in the page/app code), which lists R-rated films	hydrahd.ws hydrahd.com hydrahd.ru hydrahd.me
m4uhd	general	western	M4uHD	general-purpose piracy (torrent/DDL/streaming); not blocked for incidental NSFW (owner rule 2026-10-02). Was: verified: /genre/erotic and /genre/adult are real listings (control path does not echo)	m4uhd.to
neputo	general	western	NEPU Stream	general-purpose piracy (torrent/DDL/streaming); not blocked for incidental NSFW (owner rule 2026-10-02). Was: piracy, but behind a Cloudflare challenge, so it could not be checked (2026-10-01); not blocked	nepu.io nepu.is
rivestream	general	western	Rive	general-purpose piracy (torrent/DDL/streaming); not blocked for incidental NSFW (owner rule 2026-10-02). Was: inferred: catalogue comes from TMDB (themoviedb references in the page/app code), which lists R-rated films	www.rivestream.app rivestream.vip rivestream.ru
shuttletv	general	western	ShuttleTV	general-purpose piracy (torrent/DDL/streaming); not blocked for incidental NSFW (owner rule 2026-10-02). Was: piracy, but no NSFW evidence found (2026-10-01: genre pages, The Handmaiden search, TMDB check); not blocked	shuttletv.su shuttletv.pk
vidboxto	general	western	Vidbox	general-purpose piracy (torrent/DDL/streaming); not blocked for incidental NSFW (owner rule 2026-10-02). Was: verified: serves Fifty Shades of Grey (TMDB 341174, R: sexual content, nudity)	vidbox.cc
watchroo	general	western	Watchroo	general-purpose piracy (torrent/DDL/streaming); not blocked for incidental NSFW (owner rule 2026-10-02). Was: verified: serves Fifty Shades of Grey (TMDB 341174, R: sexual content, nudity)	www.watchroo.com
vnclub	review	wiki	VN Club	database/tracker; shows ecchi cover art, adult entries hidden by account setting	vnclub.org
danbooru	safe-endpoint	artboard	Danbooru	safebooru.donmai.us enforces rating:g server-side; danbooru.donmai.us already Hagezi-blocked	
akross	clean	amv	AKROSS	no NSFW content found	
amvhell	clean	amv	AMV Hell	no NSFW content found	
amvnews	clean	amv	AMVnews	no NSFW content found	
amvorg	clean	amv	AnimeMusicVideos.org	no NSFW content found	
animeclips	clean	amv	animeclips.online	no NSFW content found	
ytamv	clean	amv	YouTube	no NSFW content found	
komikku	clean	apps	Komikku	general platform	
animepic	clean	artboard	anime-pictures.net	no NSFW content found	
booruorg	clean	artboard	Booru Project	no NSFW content found	
sakugabooru	clean	artboard	sakugabooru	no NSFW content found	
setteidreams	clean	artboard	Settei Dreams	production materials	
shuushuu	clean	artboard	E-Shuushuu	SFW board (unverified, no labels found)	
zerochan	clean	artboard	Zerochan	no NSFW content found	
cosrea	clean	cosplay	CosRea	no NSFW content found	
ezcosplay	clean	cosplay	EZ Cosplay	no NSFW content found	
meowcos	clean	cosplay	Meowcos	no NSFW content found	
miccostumes	clean	cosplay	MicCostumes	no NSFW content found	
procosplay	clean	cosplay	Pro Cosplay	no NSFW content found	
rolecosplay	clean	cosplay	Role Cosplay	no NSFW content found	
simcosplay	clean	cosplay	Sim Cosplay	no NSFW content found	
uwowocosplay	clean	cosplay	Uwowo Cosplay	no NSFW content found	
kenmei	clean	database	Kenmei	no NSFW content found	
mydramalist	clean	database	MyDramaList	no NSFW content found	
pornhwadb	clean	database	Pornhwa Database	no NSFW content found	
vgmdb	clean	database	VGMdb	no NSFW content found	
vocadb	clean	database	VocaDB	no NSFW content found	
acgnx	general	download	AcgnX	general-purpose piracy (torrent/DDL/streaming); not blocked for incidental NSFW (owner rule 2026-10-02). Was: unofficial full-catalogue anime torrent index (inferred: catalogue includes ecchi titles); Cloudflare challenge	www.acgnx.se www.anix.moe share.acgnx.se
acgrip	general	download	ACG.RIP	general-purpose piracy (torrent/DDL/streaming); not blocked for incidental NSFW (owner rule 2026-10-02). Was: unofficial full-catalogue anime torrent index (inferred: catalogue includes ecchi titles)	acg.rip
animerss	general	download	AnimeRss	general-purpose piracy (torrent/DDL/streaming); not blocked for incidental NSFW (owner rule 2026-10-02). Was: unofficial full-catalogue anime/manga download site (inferred: catalogue includes ecchi titles); page shows an 18+ label	animerss.com
animkinfo	clean	download	AniMK	subtitles/index/music only	
beatriceraws	clean	download	Beatrice-Raws	subtitles/index/music only	
cartoonsarea	general	download	Cartoonsarea	general-purpose piracy (torrent/DDL/streaming); not blocked for incidental NSFW (owner rule 2026-10-02). Was: unofficial anime/cartoon download site (inferred: catalogue includes ecchi titles)	cartoonsarea.com
jimaku	clean	download	Jimaku	subtitles/index/music only	
jpfiles	general	download	JPFiles	general-purpose piracy (torrent/DDL/streaming); not blocked for incidental NSFW (owner rule 2026-10-02). Was: verified: has a 成年書籍 (adult books) category, Fantia cosplay sets and idol videos	jpfiles.net
kitsunekko	clean	download	kitsunekko.net	subtitles/index/music only	
moriyashrine	clean	download	Moriya Shrine	Touhou community forum and resources; no NSFW labels found	
nibl	clean	download	nibl.co.uk	subtitles/index/music only	
nipponsei	clean	download	Nipponsei	subtitles/index/music only	
releasesmoe	clean	download	SeaDex	subtitles/index/music only	
shanaproject	clean	download	Shana Project	subtitles/index/music only	
sneedex	clean	download	Sneedex	subtitles/index/music only	
tokyotosho	general	download	Tokyo Toshokan	general-purpose piracy (torrent/DDL/streaming); not blocked for incidental NSFW (owner rule 2026-10-02). Was: torrent index with a Hentai category; not reachable on 2026-10-01 (NXDOMAIN at router), added defensively	+www.tokyotosho.info
toonshub	clean	download	ToonsHub	subtitles/index/music only	
zekozimo	clean	download	Zekozimo	tokusatsu downloads; no NSFW labels found	
1animenationforum	clean	forums	AnimeNation Forums	no NSFW content found	
2animeforum	clean	forums	AnimeForum.com	no NSFW content found	
39chan	clean	forums	39chan	no NSFW content found	
3kissumoe	clean	forums	Kissu.moe	no NSFW content found	
4animesukiforum	clean	forums	AnimeSuki Forum	no NSFW content found	
5varishangout	clean	forums	varis.forum	no NSFW content found	
6mangahelpers	clean	forums	MangaHelpers	no NSFW content found	
7anisocial	clean	forums	AniSocial	no NSFW content found	
animeforums	clean	forums	Animeforums	no NSFW content found	
animesharing	clean	forums	Anime-Sharing	no NSFW content found	
animeuknewsforum	clean	forums	Anime UK News Forum	no NSFW content found	
annforum	clean	forums	ANN Forum	no NSFW content found	
discussanime	clean	forums	Chuunime	no NSFW content found	
fuwanovelforums	clean	forums	Fuwanovel Forum	no NSFW content found	
mangadexforum	clean	forums	MangaDex Forum	no NSFW content found	
redditforums	clean	forums	Reddit sub	no NSFW content found	
collapselauncher	clean	gacha	Collapse Launcher	no NSFW content found	
encoremoe	clean	gacha	encore.moe	no NSFW content found	
ennead	clean	gacha	torikushiii	no NSFW content found	
gachareddit	clean	gacha	r/gachagaming	no NSFW content found	
gacharevenue	clean	gacha	Gacha Revenue Tracker	no NSFW content found	
game8	clean	gacha	Game8	no NSFW content found	
genshingg	clean	gacha	Genshin.gg	no NSFW content found	
gongeous	clean	gacha	gongeo.us	no NSFW content found	
launchermoe	clean	gacha	Launcher.moe	no NSFW content found	
prydwengg	clean	gacha	Prydwen.gg	no NSFW content found	
seelie	clean	gacha	SEELIE.me	no NSFW content found	
stardb	clean	gacha	stardb.gg	no NSFW content found	
twintaillauncher	clean	gacha	Twintail Launcher	no NSFW content found	
umamoe	clean	gacha	uma.moe	no NSFW content found	
wishsimulator	clean	gacha	Wish Simulator	no NSFW content found	
wuwatracker	clean	gacha	WuWa Tracker	no NSFW content found	
avn	clean	game	AndroidVisualNovels	no NSFW content found	
axekin	clean	game	Axekin	no NSFW content found	
betterrepack	clean	game	BetterRepack	no NSFW content found	
craneanime	clean	game	Craneanime	no NSFW content found	
desonovel	clean	game	Deso Novel	no NSFW content found	
doujinstylegame	clean	game	DoujinStyle	no NSFW content found	
epicroms	clean	game	EpicRoms	no NSFW content found	
hshop	clean	game	Erista	no NSFW content found	
japanesepccompendium	clean	game	JP Compendium	no NSFW content found	
jastusa	clean	game	JAST	no NSFW content found	
retrogametalk	clean	game	RetroGameTalk	no NSFW content found	
romshq	clean	game	Romslab	no NSFW content found	
rroms	clean	game	r/Roms Megathread	no NSFW content found	
visualdise	clean	game	VisualDise	no NSFW content found	
yinghu	clean	game	yinghu.asia	no NSFW content found	
allanimusic	clean	music	MKissa Music	no NSFW content found	
animesonglyrics	clean	music	Anime Song Lyrics	no NSFW content found	
animethemes	clean	music	AnimeThemes	no NSFW content found	
aniplaylist	clean	music	AniPlaylist	no NSFW content found	
anisongdb	clean	music	AnisongDB	no NSFW content found	
anisononline	clean	music	Anime Song Online	no NSFW content found	
doujinstyle	clean	music	DoujinStyle	no NSFW content found	
gensokyoradio	clean	music	Gensokyo Radio	no NSFW content found	
jpopsingles	clean	music	JPopSingles	no NSFW content found	
karamoe	clean	music	Karaoke Mugen	no NSFW content found	
khinsider	clean	music	KHInsider	no NSFW content found	
listenmoe	clean	music	listen.moe	no NSFW content found	
lyricalnonsense	clean	music	UtaTime	no NSFW content found	
mangazipmusic	clean	music	MangaZip Music	no NSFW content found	
mikudb	clean	music	MikuDB	no NSFW content found	
musicdex	clean	music	Musicdex	no NSFW content found	
okamimiost	clean	music	OkamimiOST	no NSFW content found	
onepiecetracklist	clean	music	One Piece Tracklist	no NSFW content found	
openingsmoe	clean	music	Openings.moe	no NSFW content found	
osanime	clean	music	Osanime	no NSFW content found	
radio	clean	music	R/a/dio	no NSFW content found	
radioanime24	clean	music	Radio Anime24	no NSFW content found	
sakuraost	clean	music	SakuraOST	no NSFW content found	
sittingonclouds	clean	music	Sitting on Clouds	no NSFW content found	
sonixgvn	clean	music	Sonix's OST	no NSFW content found	
squidify	clean	music	Squidify	no NSFW content found	
tmlc	clean	music	TLMC	no NSFW content found	
touhoukuukunen	clean	music	Touhou Player	no NSFW content found	
yggdrasilradio	clean	music	Yggdrasil Radio	no NSFW content found	
youtubemusic	clean	music	YouTube	no NSFW content found	
aniconnections	clean	quiz	AniConnections	no NSFW content found	
anidaily	clean	quiz	AniDaily	no NSFW content found	
aniguessr	clean	quiz	AniGuessr	no NSFW content found	
animeguess	clean	quiz	AnimeGuess.moe	no NSFW content found	
AnimeMusicQuiz	clean	quiz	AnimeMusicQuiz	no NSFW content found	
animeopeningquiz	clean	quiz	Anime Opening Quiz	no NSFW content found	
animerdle	clean	quiz	Animerdle	no NSFW content found	
animesongsorg	clean	quiz	AnimeSongs.org	no NSFW content found	
animetrivia	clean	quiz	AnimeTrivia	no NSFW content found	
baranimes	clean	quiz	Baranimes	no NSFW content found	
chiakiquiz	clean	quiz	Chiaki Quiz	no NSFW content found	
guesstheopening	clean	quiz	Guess The Anime Opening	no NSFW content found	
suisokuxgorn	clean	quiz	Character Guesser	no NSFW content found	
yubori	clean	quiz	Yubori	no NSFW content found	
anicajp	clean	schedule	anica.jp	no NSFW content found	
anicountdown	clean	schedule	AnimeCountdown	no NSFW content found	
animeairing	clean	schedule	AnimeAiring	no NSFW content found	
animeschedule	clean	schedule	AnimeSchedule	no NSFW content found	
englishdubbed	clean	schedule	English Dubbed	no NSFW content found	
livechart	clean	schedule	Livechart	no NSFW content found	
lnrelease	clean	schedule	LNRelease	no NSFW content found	
otakucalendar	clean	schedule	Otaku Calendar	no NSFW content found	
senpaimoe	clean	schedule	Senpai.moe	no NSFW content found	
syoboi	clean	schedule	Syoboi Calendar	no NSFW content found	
teamupdubschedule	clean	schedule	Dubs Release Calendar	no NSFW content found	
yattatachi	clean	schedule	Yattatachi	no NSFW content found	
adguard	clean	tools	AdGuard	no NSFW content found	
ublockorigin	clean	tools	uBlock Origin	no NSFW content found	
vpnservice	clean	tools	VPN Service	no NSFW content found	
anisearch	clean	tracker	AniSearch	no NSFW content found	
anisonpreviews	clean	tracker	Anison Charts	no NSFW content found	
ann	clean	tracker	AnimeNewsNetwork	no NSFW content found	
shikimori	clean	tracker	Шикимори	no NSFW content found	
wholesomelist	clean	tracker	WholesomeList	no NSFW content found	
animecorner	clean	trend	AnimeCorner	no NSFW content found	
animekarmalist	clean	trend	AnimeKarmaList	no NSFW content found	
animestats	clean	trend	Anime Stats	no NSFW content found	
anitrendz	clean	trend	Anime Trending	no NSFW content found	
jajanken	clean	trend	Jajanken	no NSFW content found	
mangacodex	clean	trend	MangaCodex	no NSFW content found	
mangatumeo	clean	trend	Manga Plus Top 40	no NSFW content found	
anicour	clean	utils	AniCour	no NSFW content found	
animebracket	clean	utils	AnimeBracket	no NSFW content found	
chiaki	clean	utils	Chiaki	no NSFW content found	
comikfind	clean	utils	komikfind	no NSFW content found	
cubari	clean	utils	Cubari	no NSFW content found	
duemoe	clean	utils	due.moe	no NSFW content found	
fancaps	clean	utils	Fancaps.net	no NSFW content found	
iqdb	clean	utils	IQDB	no NSFW content found	
karamoeapp	clean	utils	Karaoke Mugen App	no NSFW content found	
koharurs	clean	utils	Koharu	no NSFW content found	
komga	clean	utils	Komga	no NSFW content found	
malsync	clean	utils	MAL-sync	no NSFW content found	
mydublist	clean	utils	MyDubList	no NSFW content found	
nyaatui	clean	utils	nyaa	no NSFW content found	
onegaimoe	clean	utils	onegai.moe	no NSFW content found	
opencomic	clean	utils	OpenComic	no NSFW content found	
panelsdesu	clean	utils	PanelsDesu	no NSFW content found	
pnganime	clean	utils	PNGAnime	no NSFW content found	
randomanime	clean	utils	RandomAnime	no NSFW content found	
relatedanime	clean	utils	Related Anime	no NSFW content found	
saucenao	clean	utils	Saucenao	no NSFW content found	
shoko	clean	utils	Shoko	no NSFW content found	
spinmoe	clean	utils	Spin.moe	no NSFW content found	
tachibkconvert	clean	utils	tachibk converter	no NSFW content found	
taigamoe	clean	utils	Taiga	no NSFW content found	
tracemoe	clean	utils	Trace.moe	no NSFW content found	
trackma	clean	utils	Trackma	no NSFW content found	
tundra	clean	utils	Tundra	no NSFW content found	
wrongopinions	clean	utils	wrongopinions.moe	no NSFW content found	
amatsukaze	clean	vtuber	Amatsukaze	no NSFW content found	
asmrarchive	clean	vtuber	ASMR Archive	no NSFW content found	
goodvtubersubs	clean	vtuber	GoodVTuberSubs	no NSFW content found	
holoclips	clean	vtuber	HoloClips	no NSFW content found	
holodex	clean	vtuber	Holodex	no NSFW content found	
holofun	clean	vtuber	HoloFun	no NSFW content found	
hololist	clean	vtuber	Hololist	no NSFW content found	
hololyzer	clean	vtuber	hololyzer	no NSFW content found	
mogu	clean	vtuber	Mogu	no NSFW content found	
ovumoe	clean	vtuber	VTuber Ovulation Tracker	no NSFW content found	
patchwork	clean	vtuber	Patchwork Archive	no NSFW content found	
ragtagmoe	clean	vtuber	Ragtag Archive	no NSFW content found	
trackholo	clean	vtuber	HoloTracker	no NSFW content found	
vrabi	clean	vtuber	V-rabi	no NSFW content found	
vtubernewsdrop	clean	vtuber	VTuberNewsDrop	no NSFW content found	
vtuberschedules	clean	vtuber	VTuberSchedules	no NSFW content found	
vtuberuserlocal	clean	vtuber	UserLocal VTuber	no NSFW content found	
vtubie	clean	vtuber	vTubie	no NSFW content found	
anifillerlist	clean	wiki	AnimeFillerList	no NSFW content found	
animechrono	clean	wiki	AnimeChrono	no NSFW content found	
animefillerguide	clean	wiki	AnimeFillerGuide	no NSFW content found	
animeguides	clean	wiki	Rec Guides	no NSFW content found	
encodemoe	clean	wiki	Fansubbing Guide	no NSFW content found	
fandomcom	clean	wiki	Fandom - Anime	no NSFW content found	
fansubdb	clean	wiki	FansubDB	no NSFW content found	
fansubguide	clean	wiki	Fansubbing Index	no NSFW content found	
fmhy	clean	wiki	FMHY Anime Guide	no NSFW content found	
fuwanovelforum	clean	wiki	Beginner's Guide to VN	no NSFW content found	
howtoanime	clean	wiki	How to Anime	no NSFW content found	
indexfansubcar	clean	wiki	Certain Fansubber's Index	no NSFW content found	
japanesewithanimewiki	clean	wiki	Japanese with Anime	no NSFW content found	
learnjapanesemoe	clean	wiki	TheMoeWay	no NSFW content found	
miyomi	clean	wiki	Miyomi	no NSFW content found	
phoscityguide	clean	wiki	Phos's Fansubbing Guide	no NSFW content found	
quicksandscans	clean	wiki	QuicksandScans	no NSFW content found	
recommendmeanime	clean	wiki	RecommendMeAnime	no NSFW content found	
synthvinfo	clean	wiki	SynthV Resources & Guides	no NSFW content found	
theindex	clean	wiki	TheWiki	no NSFW content found	
touhouwiki	clean	wiki	Touhou Wiki	no NSFW content found	
wdalf	clean	wiki	WDALF	no NSFW content found	
wotaku	clean	wiki	Wotaku	no NSFW content found	
yaoime	explicit	manga	yaoi.me	verified: /genre/smut, /genre/adult, /genre/ecchi are real listings (control path 404s)	yaoi.me
kototv	unreviewed	anime	KotoTV		hls.hiasian.to
oriyami	unreviewed	manga	OriYami		oriyami.com
knoxt	unreviewed	novel	KnoxT		knoxt.space
